ISO-10303-21;
HEADER;
/* Generated by software containing ST-Developer
 * from STEP Tools, Inc. (www.steptools.com) 
 */

FILE_DESCRIPTION(
/* description */ (''),
/* implementation_level */ '2;1');

FILE_NAME(
/* name */ 'Ulp_Case.step',
/* time_stamp */ '2025-10-24T20:07:08+02:00',
/* author */ (''),
/* organization */ (''),
/* preprocessor_version */ 'ST-DEVELOPER v20.1',
/* originating_system */ 'Autodesk Translation Framework v14.17.0.0',
/* authorisation */ '');

FILE_SCHEMA (('AUTOMOTIVE_DESIGN { 1 0 10303 214 3 1 1 }'));
ENDSEC;

DATA;
#10=MECHANICAL_DESIGN_GEOMETRIC_PRESENTATION_REPRESENTATION('',(#13),#12789);
#11=SHAPE_REPRESENTATION_RELATIONSHIP('SRR','None',#12796,#12);
#12=ADVANCED_BREP_SHAPE_REPRESENTATION('',(#14),#12788);
#13=STYLED_ITEM('',(#12806),#14);
#14=MANIFOLD_SOLID_BREP('Body1',#7074);
#15=FACE_BOUND('',#1433,.T.);
#16=FACE_BOUND('',#1434,.T.);
#17=FACE_BOUND('',#1435,.T.);
#18=FACE_BOUND('',#1436,.T.);
#19=FACE_BOUND('',#1468,.T.);
#20=FACE_BOUND('',#1469,.T.);
#21=FACE_BOUND('',#1470,.T.);
#22=FACE_BOUND('',#1471,.T.);
#23=FACE_BOUND('',#1472,.T.);
#24=FACE_BOUND('',#1473,.T.);
#25=FACE_BOUND('',#1474,.T.);
#26=FACE_BOUND('',#1475,.T.);
#27=FACE_BOUND('',#1476,.T.);
#28=FACE_BOUND('',#1477,.T.);
#29=FACE_BOUND('',#1478,.T.);
#30=FACE_BOUND('',#1479,.T.);
#31=FACE_BOUND('',#1480,.T.);
#32=FACE_BOUND('',#1481,.T.);
#33=FACE_BOUND('',#1482,.T.);
#34=FACE_BOUND('',#1483,.T.);
#35=SPHERICAL_SURFACE('',#7431,2.);
#36=SPHERICAL_SURFACE('',#7440,2.);
#37=SPHERICAL_SURFACE('',#7799,2.);
#38=SPHERICAL_SURFACE('',#7808,2.);
#39=B_SPLINE_SURFACE_WITH_KNOTS('',3,3,((#10869,#10870,#10871,#10872,#10873,
#10874),(#10875,#10876,#10877,#10878,#10879,#10880),(#10881,#10882,#10883,
#10884,#10885,#10886),(#10887,#10888,#10889,#10890,#10891,#10892),(#10893,
#10894,#10895,#10896,#10897,#10898)),.UNSPECIFIED.,.F.,.F.,.F.,(4,1,4),
(4,1,1,4),(0.,0.571428571428571,1.),(-1.57079632679524,-0.897597901026007,
-0.448798950513185,-3.63042929052426E-13),.UNSPECIFIED.);
#40=B_SPLINE_SURFACE_WITH_KNOTS('',3,3,((#10906,#10907,#10908,#10909,#10910,
#10911),(#10912,#10913,#10914,#10915,#10916,#10917),(#10918,#10919,#10920,
#10921,#10922,#10923),(#10924,#10925,#10926,#10927,#10928,#10929),(#10930,
#10931,#10932,#10933,#10934,#10935)),.UNSPECIFIED.,.F.,.F.,.F.,(4,1,4),
(4,1,1,4),(0.,0.571428571428571,1.),(-1.11014579828751E-16,0.448798950512828,
0.897597901025656,1.5707963267949),.UNSPECIFIED.);
#41=B_SPLINE_SURFACE_WITH_KNOTS('',3,3,((#10939,#10940,#10941,#10942),(#10943,
#10944,#10945,#10946),(#10947,#10948,#10949,#10950),(#10951,#10952,#10953,
#10954),(#10955,#10956,#10957,#10958)),.UNSPECIFIED.,.F.,.F.,.F.,(4,1,4),
(4,4),(0.,0.571428571428571,1.),(2.98094788142727,3.00635868274378),
 .UNSPECIFIED.);
#42=B_SPLINE_SURFACE_WITH_KNOTS('',3,3,((#10992,#10993,#10994,#10995),(#10996,
#10997,#10998,#10999),(#11000,#11001,#11002,#11003),(#11004,#11005,#11006,
#11007),(#11008,#11009,#11010,#11011)),.UNSPECIFIED.,.F.,.F.,.F.,(4,1,4),
(4,4),(0.,0.571428571428571,1.),(0.,0.374291744005438),.UNSPECIFIED.);
#43=B_SPLINE_SURFACE_WITH_KNOTS('',3,3,((#11021,#11022,#11023,#11024),(#11025,
#11026,#11027,#11028),(#11029,#11030,#11031,#11032),(#11033,#11034,#11035,
#11036),(#11037,#11038,#11039,#11040)),.UNSPECIFIED.,.F.,.F.,.F.,(4,1,4),
(4,4),(0.,0.571428571428571,1.),(0.659978209020124,0.9147918522404),
 .UNSPECIFIED.);
#44=B_SPLINE_SURFACE_WITH_KNOTS('',3,3,((#11047,#11048,#11049,#11050,#11051),
(#11052,#11053,#11054,#11055,#11056),(#11057,#11058,#11059,#11060,#11061),
(#11062,#11063,#11064,#11065,#11066),(#11067,#11068,#11069,#11070,#11071)),
 .UNSPECIFIED.,.F.,.F.,.F.,(4,1,4),(4,1,4),(0.,0.571428571428571,1.),(0.0620413291828914,
0.438738981731125,0.7212622211423),.UNSPECIFIED.);
#45=B_SPLINE_SURFACE_WITH_KNOTS('',3,3,((#11081,#11082,#11083,#11084,#11085),
(#11086,#11087,#11088,#11089,#11090),(#11091,#11092,#11093,#11094,#11095),
(#11096,#11097,#11098,#11099,#11100)),.UNSPECIFIED.,.F.,.F.,.F.,(4,4),(4,
1,4),(0.0470936440362576,1.),(-2.92787805720873,-2.38420741559044,-1.97645443437672),
 .UNSPECIFIED.);
#46=B_SPLINE_SURFACE_WITH_KNOTS('',3,3,((#11109,#11110,#11111,#11112,#11113,
#11114),(#11115,#11116,#11117,#11118,#11119,#11120),(#11121,#11122,#11123,
#11124,#11125,#11126),(#11127,#11128,#11129,#11130,#11131,#11132)),
 .UNSPECIFIED.,.F.,.F.,.F.,(4,4),(4,2,4),(0.,1.),(-0.112234577288411,0.,
0.000851630044562024),.UNSPECIFIED.);
#47=B_SPLINE_SURFACE_WITH_KNOTS('',3,3,((#11145,#11146,#11147,#11148),(#11149,
#11150,#11151,#11152),(#11153,#11154,#11155,#11156),(#11157,#11158,#11159,
#11160)),.UNSPECIFIED.,.F.,.F.,.F.,(4,4),(4,4),(0.,1.),(0.,0.434015981151318),
 .UNSPECIFIED.);
#48=B_SPLINE_SURFACE_WITH_KNOTS('',3,3,((#11171,#11172,#11173,#11174,#11175),
(#11176,#11177,#11178,#11179,#11180),(#11181,#11182,#11183,#11184,#11185),
(#11186,#11187,#11188,#11189,#11190)),.UNSPECIFIED.,.F.,.F.,.F.,(4,4),(4,
1,4),(0.0470936440323116,1.),(-8.06881984047709,-7.40503516937428,-6.90719666604718),
 .UNSPECIFIED.);
#49=B_SPLINE_SURFACE_WITH_KNOTS('',3,3,((#11202,#11203,#11204,#11205,#11206),
(#11207,#11208,#11209,#11210,#11211),(#11212,#11213,#11214,#11215,#11216),
(#11217,#11218,#11219,#11220,#11221),(#11222,#11223,#11224,#11225,#11226)),
 .UNSPECIFIED.,.F.,.F.,.F.,(4,1,4),(4,1,4),(0.,0.571428571428571,1.),(0.0537632266246875,
0.370479534437384,0.608016765296907),.UNSPECIFIED.);
#50=B_SPLINE_SURFACE_WITH_KNOTS('',3,3,((#11238,#11239,#11240,#11241),(#11242,
#11243,#11244,#11245),(#11246,#11247,#11248,#11249),(#11250,#11251,#11252,
#11253),(#11254,#11255,#11256,#11257)),.UNSPECIFIED.,.F.,.F.,.F.,(4,1,4),
(4,4),(0.,0.571428571428571,1.),(-0.0165509793471172,5.34809165815802E-16),
 .UNSPECIFIED.);
#51=B_SPLINE_SURFACE_WITH_KNOTS('',3,3,((#11265,#11266,#11267,#11268,#11269,
#11270),(#11271,#11272,#11273,#11274,#11275,#11276),(#11277,#11278,#11279,
#11280,#11281,#11282),(#11283,#11284,#11285,#11286,#11287,#11288)),
 .UNSPECIFIED.,.F.,.F.,.F.,(4,4),(4,2,4),(0.,1.),(-1.96153867624991,-1.96068516687276,
-1.84835329459262),.UNSPECIFIED.);
#52=B_SPLINE_SURFACE_WITH_KNOTS('',3,3,((#11297,#11298,#11299,#11300,#11301),
(#11302,#11303,#11304,#11305,#11306),(#11307,#11308,#11309,#11310,#11311),
(#11312,#11313,#11314,#11315,#11316)),.UNSPECIFIED.,.F.,.F.,.F.,(4,4),(4,
1,4),(0.,1.),(0.,0.213708644709479,0.427417289418959),.UNSPECIFIED.);
#53=B_SPLINE_SURFACE_WITH_KNOTS('',3,3,((#12355,#12356,#12357,#12358,#12359,
#12360),(#12361,#12362,#12363,#12364,#12365,#12366),(#12367,#12368,#12369,
#12370,#12371,#12372),(#12373,#12374,#12375,#12376,#12377,#12378),(#12379,
#12380,#12381,#12382,#12383,#12384)),.UNSPECIFIED.,.F.,.F.,.F.,(4,1,4),
(4,1,1,4),(0.,0.571428571428571,1.),(-1.57079632679524,-0.897597901026007,
-0.448798950513185,-3.63042929052426E-13),.UNSPECIFIED.);
#54=B_SPLINE_SURFACE_WITH_KNOTS('',3,3,((#12388,#12389,#12390,#12391,#12392,
#12393),(#12394,#12395,#12396,#12397,#12398,#12399),(#12400,#12401,#12402,
#12403,#12404,#12405),(#12406,#12407,#12408,#12409,#12410,#12411),(#12412,
#12413,#12414,#12415,#12416,#12417)),.UNSPECIFIED.,.F.,.F.,.F.,(4,1,4),
(4,1,1,4),(0.,0.571428571428571,1.),(-1.11014579828751E-16,0.448798950512828,
0.897597901025656,1.5707963267949),.UNSPECIFIED.);
#55=B_SPLINE_SURFACE_WITH_KNOTS('',3,3,((#12420,#12421,#12422,#12423),(#12424,
#12425,#12426,#12427),(#12428,#12429,#12430,#12431),(#12432,#12433,#12434,
#12435),(#12436,#12437,#12438,#12439)),.UNSPECIFIED.,.F.,.F.,.F.,(4,1,4),
(4,4),(0.,0.571428571428571,1.),(2.98094788142727,3.00635868274378),
 .UNSPECIFIED.);
#56=B_SPLINE_SURFACE_WITH_KNOTS('',3,3,((#12468,#12469,#12470,#12471),(#12472,
#12473,#12474,#12475),(#12476,#12477,#12478,#12479),(#12480,#12481,#12482,
#12483),(#12484,#12485,#12486,#12487)),.UNSPECIFIED.,.F.,.F.,.F.,(4,1,4),
(4,4),(0.,0.571428571428571,1.),(0.,0.374291744005438),.UNSPECIFIED.);
#57=B_SPLINE_SURFACE_WITH_KNOTS('',3,3,((#12497,#12498,#12499,#12500),(#12501,
#12502,#12503,#12504),(#12505,#12506,#12507,#12508),(#12509,#12510,#12511,
#12512),(#12513,#12514,#12515,#12516)),.UNSPECIFIED.,.F.,.F.,.F.,(4,1,4),
(4,4),(0.,0.571428571428571,1.),(0.659978209020124,0.9147918522404),
 .UNSPECIFIED.);
#58=B_SPLINE_SURFACE_WITH_KNOTS('',3,3,((#12523,#12524,#12525,#12526,#12527),
(#12528,#12529,#12530,#12531,#12532),(#12533,#12534,#12535,#12536,#12537),
(#12538,#12539,#12540,#12541,#12542),(#12543,#12544,#12545,#12546,#12547)),
 .UNSPECIFIED.,.F.,.F.,.F.,(4,1,4),(4,1,4),(0.,0.571428571428571,1.),(0.0620413291828914,
0.438738981731125,0.7212622211423),.UNSPECIFIED.);
#59=B_SPLINE_SURFACE_WITH_KNOTS('',3,3,((#12557,#12558,#12559,#12560,#12561),
(#12562,#12563,#12564,#12565,#12566),(#12567,#12568,#12569,#12570,#12571),
(#12572,#12573,#12574,#12575,#12576)),.UNSPECIFIED.,.F.,.F.,.F.,(4,4),(4,
1,4),(0.0470936440362576,1.),(-2.92787805720873,-2.38420741559044,-1.97645443437672),
 .UNSPECIFIED.);
#60=B_SPLINE_SURFACE_WITH_KNOTS('',3,3,((#12585,#12586,#12587,#12588,#12589,
#12590),(#12591,#12592,#12593,#12594,#12595,#12596),(#12597,#12598,#12599,
#12600,#12601,#12602),(#12603,#12604,#12605,#12606,#12607,#12608)),
 .UNSPECIFIED.,.F.,.F.,.F.,(4,4),(4,2,4),(0.,1.),(-0.112234577288411,0.,
0.000851630044562024),.UNSPECIFIED.);
#61=B_SPLINE_SURFACE_WITH_KNOTS('',3,3,((#12612,#12613,#12614,#12615),(#12616,
#12617,#12618,#12619),(#12620,#12621,#12622,#12623),(#12624,#12625,#12626,
#12627)),.UNSPECIFIED.,.F.,.F.,.F.,(4,4),(4,4),(0.,1.),(0.,0.434015981151318),
 .UNSPECIFIED.);
#62=B_SPLINE_SURFACE_WITH_KNOTS('',3,3,((#12634,#12635,#12636,#12637,#12638),
(#12639,#12640,#12641,#12642,#12643),(#12644,#12645,#12646,#12647,#12648),
(#12649,#12650,#12651,#12652,#12653)),.UNSPECIFIED.,.F.,.F.,.F.,(4,4),(4,
1,4),(0.0470936440323116,1.),(-8.06881984047709,-7.40503516937428,-6.90719666604718),
 .UNSPECIFIED.);
#63=B_SPLINE_SURFACE_WITH_KNOTS('',3,3,((#12665,#12666,#12667,#12668,#12669),
(#12670,#12671,#12672,#12673,#12674),(#12675,#12676,#12677,#12678,#12679),
(#12680,#12681,#12682,#12683,#12684),(#12685,#12686,#12687,#12688,#12689)),
 .UNSPECIFIED.,.F.,.F.,.F.,(4,1,4),(4,1,4),(0.,0.571428571428571,1.),(0.0537632266246875,
0.370479534437384,0.608016765296907),.UNSPECIFIED.);
#64=B_SPLINE_SURFACE_WITH_KNOTS('',3,3,((#12701,#12702,#12703,#12704),(#12705,
#12706,#12707,#12708),(#12709,#12710,#12711,#12712),(#12713,#12714,#12715,
#12716),(#12717,#12718,#12719,#12720)),.UNSPECIFIED.,.F.,.F.,.F.,(4,1,4),
(4,4),(0.,0.571428571428571,1.),(-0.0165509793471172,5.34809165815802E-16),
 .UNSPECIFIED.);
#65=B_SPLINE_SURFACE_WITH_KNOTS('',3,3,((#12724,#12725,#12726,#12727,#12728,
#12729),(#12730,#12731,#12732,#12733,#12734,#12735),(#12736,#12737,#12738,
#12739,#12740,#12741),(#12742,#12743,#12744,#12745,#12746,#12747)),
 .UNSPECIFIED.,.F.,.F.,.F.,(4,4),(4,2,4),(0.,1.),(-1.96153867624991,-1.96068516687276,
-1.84835329459262),.UNSPECIFIED.);
#66=B_SPLINE_SURFACE_WITH_KNOTS('',3,3,((#12749,#12750,#12751,#12752,#12753),
(#12754,#12755,#12756,#12757,#12758),(#12759,#12760,#12761,#12762,#12763),
(#12764,#12765,#12766,#12767,#12768)),.UNSPECIFIED.,.F.,.F.,.F.,(4,4),(4,
1,4),(0.,1.),(0.,0.213708644709479,0.427417289418959),.UNSPECIFIED.);
#67=B_SPLINE_CURVE_WITH_KNOTS('',3,(#10788,#10789,#10790,#10791,#10792,
#10793,#10794,#10795),.UNSPECIFIED.,.F.,.F.,(4,2,2,4),(0.80820954884993,
0.87726637272059,0.94632319659125,0.973075183172126),.UNSPECIFIED.);
#68=B_SPLINE_CURVE_WITH_KNOTS('',3,(#10796,#10797,#10798,#10799,#10800,
#10801),.UNSPECIFIED.,.F.,.F.,(4,2,4),(0.973075183172126,1.01344653824157,
1.08056987989188),.UNSPECIFIED.);
#69=B_SPLINE_CURVE_WITH_KNOTS('',3,(#10813,#10814,#10815,#10816,#10817,
#10818),.UNSPECIFIED.,.F.,.F.,(4,2,4),(0.,0.0670761762353034,0.107602646951036),
 .UNSPECIFIED.);
#70=B_SPLINE_CURVE_WITH_KNOTS('',3,(#10820,#10821,#10822,#10823,#10824,
#10825,#10826,#10827),.UNSPECIFIED.,.F.,.F.,(4,2,2,4),(0.107602646951036,
0.134152352470607,0.203071060026791,0.271989767582974),.UNSPECIFIED.);
#71=B_SPLINE_CURVE_WITH_KNOTS('',3,(#10847,#10848,#10849,#10850),
 .UNSPECIFIED.,.F.,.F.,(4,4),(-2.31880529960927,-1.97645443437672),
 .UNSPECIFIED.);
#72=B_SPLINE_CURVE_WITH_KNOTS('',3,(#10855,#10856,#10857,#10858),
 .UNSPECIFIED.,.F.,.F.,(4,4),(-8.06881984047709,-7.86921076922003),
 .UNSPECIFIED.);
#73=B_SPLINE_CURVE_WITH_KNOTS('',3,(#10859,#10860,#10861,#10862),
 .UNSPECIFIED.,.F.,.F.,(4,4),(-7.86921076931579,-7.63879232254619),
 .UNSPECIFIED.);
#74=B_SPLINE_CURVE_WITH_KNOTS('',3,(#10962,#10963,#10964,#10965),
 .UNSPECIFIED.,.F.,.F.,(4,4),(-3.00635868274378,-2.98094788142727),
 .UNSPECIFIED.);
#75=B_SPLINE_CURVE_WITH_KNOTS('',3,(#10966,#10967,#10968,#10969),
 .UNSPECIFIED.,.F.,.F.,(4,4),(2.98094788142727,3.00635868274378),
 .UNSPECIFIED.);
#76=B_SPLINE_CURVE_WITH_KNOTS('',3,(#10972,#10973,#10974,#10975,#10976),
 .UNSPECIFIED.,.F.,.F.,(4,1,4),(0.0620413291828914,0.438738981731125,0.7212622211423),
 .UNSPECIFIED.);
#77=B_SPLINE_CURVE_WITH_KNOTS('',3,(#10981,#10982,#10983,#10984),
 .UNSPECIFIED.,.F.,.F.,(4,4),(0.,0.374291744005438),.UNSPECIFIED.);
#78=B_SPLINE_CURVE_WITH_KNOTS('',3,(#10987,#10988,#10989,#10990),
 .UNSPECIFIED.,.F.,.F.,(4,4),(0.659978209020124,0.9147918522404),
 .UNSPECIFIED.);
#79=B_SPLINE_CURVE_WITH_KNOTS('',3,(#11015,#11016,#11017,#11018),
 .UNSPECIFIED.,.F.,.F.,(4,4),(-0.374291744005438,0.),.UNSPECIFIED.);
#80=B_SPLINE_CURVE_WITH_KNOTS('',3,(#11043,#11044,#11045,#11046),
 .UNSPECIFIED.,.F.,.F.,(4,4),(-0.9147918522404,-0.659978209020124),
 .UNSPECIFIED.);
#81=B_SPLINE_CURVE_WITH_KNOTS('',3,(#11076,#11077,#11078,#11079,#11080),
 .UNSPECIFIED.,.F.,.F.,(4,1,4),(-0.7212622211423,-0.438738981731125,-0.0620413291828914),
 .UNSPECIFIED.);
#82=B_SPLINE_CURVE_WITH_KNOTS('',3,(#11102,#11103,#11104,#11105),
 .UNSPECIFIED.,.F.,.F.,(4,4),(-0.434015981151318,0.),.UNSPECIFIED.);
#83=B_SPLINE_CURVE_WITH_KNOTS('',3,(#11135,#11136,#11137,#11138,#11139,
#11140),.UNSPECIFIED.,.F.,.F.,(4,2,4),(-0.000851630044562024,0.,0.112234577288411),
 .UNSPECIFIED.);
#84=B_SPLINE_CURVE_WITH_KNOTS('',3,(#11162,#11163,#11164,#11165),
 .UNSPECIFIED.,.F.,.F.,(4,4),(0.,0.434015981151318),.UNSPECIFIED.);
#85=B_SPLINE_CURVE_WITH_KNOTS('',3,(#11192,#11193,#11194,#11195,#11196),
 .UNSPECIFIED.,.F.,.F.,(4,1,4),(-0.427417289418959,-0.213708644709479,0.),
 .UNSPECIFIED.);
#86=B_SPLINE_CURVE_WITH_KNOTS('',3,(#11197,#11198,#11199,#11200,#11201),
 .UNSPECIFIED.,.F.,.F.,(4,1,4),(0.0537632266246875,0.370479534437384,0.608016765296907),
 .UNSPECIFIED.);
#87=B_SPLINE_CURVE_WITH_KNOTS('',3,(#11229,#11230,#11231,#11232,#11233),
 .UNSPECIFIED.,.F.,.F.,(4,1,4),(-0.608016765296907,-0.370479534437384,-0.0537632266246875),
 .UNSPECIFIED.);
#88=B_SPLINE_CURVE_WITH_KNOTS('',3,(#11291,#11292,#11293,#11294,#11295,
#11296),.UNSPECIFIED.,.F.,.F.,(4,2,4),(1.84835329459262,1.96068516687276,
1.96153867624991),.UNSPECIFIED.);
#89=B_SPLINE_CURVE_WITH_KNOTS('',3,(#11319,#11320,#11321,#11322,#11323),
 .UNSPECIFIED.,.F.,.F.,(4,1,4),(0.,0.213708644709479,0.427417289418959),
 .UNSPECIFIED.);
#90=B_SPLINE_CURVE_WITH_KNOTS('',3,(#12227,#12228,#12229,#12230,#12231,
#12232),.UNSPECIFIED.,.F.,.F.,(4,2,4),(0.973075183172126,1.01344653824157,
1.08056987989188),.UNSPECIFIED.);
#91=B_SPLINE_CURVE_WITH_KNOTS('',3,(#12233,#12234,#12235,#12236,#12237,
#12238,#12239,#12240),.UNSPECIFIED.,.F.,.F.,(4,2,2,4),(0.80820954884993,
0.87726637272059,0.94632319659125,0.973075183172126),.UNSPECIFIED.);
#92=B_SPLINE_CURVE_WITH_KNOTS('',3,(#12255,#12256,#12257,#12258,#12259,
#12260,#12261,#12262),.UNSPECIFIED.,.F.,.F.,(4,2,2,4),(0.107602646951036,
0.134152352470607,0.203071060026791,0.271989767582974),.UNSPECIFIED.);
#93=B_SPLINE_CURVE_WITH_KNOTS('',3,(#12263,#12264,#12265,#12266,#12267,
#12268),.UNSPECIFIED.,.F.,.F.,(4,2,4),(0.,0.0670761762353034,0.107602646951036),
 .UNSPECIFIED.);
#94=B_SPLINE_CURVE_WITH_KNOTS('',3,(#12289,#12290,#12291,#12292),
 .UNSPECIFIED.,.F.,.F.,(4,4),(-7.86921076931579,-7.63879232254619),
 .UNSPECIFIED.);
#95=B_SPLINE_CURVE_WITH_KNOTS('',3,(#12294,#12295,#12296,#12297),
 .UNSPECIFIED.,.F.,.F.,(4,4),(-8.06881984047709,-7.86921076922003),
 .UNSPECIFIED.);
#96=B_SPLINE_CURVE_WITH_KNOTS('',3,(#12301,#12302,#12303,#12304),
 .UNSPECIFIED.,.F.,.F.,(4,4),(-2.31880529960927,-1.97645443437672),
 .UNSPECIFIED.);
#97=B_SPLINE_CURVE_WITH_KNOTS('',3,(#12317,#12318,#12319,#12320),
 .UNSPECIFIED.,.F.,.F.,(4,4),(2.98094788142727,3.00635868274378),
 .UNSPECIFIED.);
#98=B_SPLINE_CURVE_WITH_KNOTS('',3,(#12322,#12323,#12324,#12325),
 .UNSPECIFIED.,.F.,.F.,(4,4),(0.,0.434015981151318),.UNSPECIFIED.);
#99=B_SPLINE_CURVE_WITH_KNOTS('',3,(#12328,#12329,#12330,#12331,#12332,
#12333),.UNSPECIFIED.,.F.,.F.,(4,2,4),(-0.000851630044562024,0.,0.112234577288411),
 .UNSPECIFIED.);
#100=B_SPLINE_CURVE_WITH_KNOTS('',3,(#12335,#12336,#12337,#12338,#12339,
#12340),.UNSPECIFIED.,.F.,.F.,(4,2,4),(1.84835329459262,1.96068516687276,
1.96153867624991),.UNSPECIFIED.);
#101=B_SPLINE_CURVE_WITH_KNOTS('',3,(#12344,#12345,#12346,#12347,#12348),
 .UNSPECIFIED.,.F.,.F.,(4,1,4),(0.,0.213708644709479,0.427417289418959),
 .UNSPECIFIED.);
#102=B_SPLINE_CURVE_WITH_KNOTS('',3,(#12442,#12443,#12444,#12445),
 .UNSPECIFIED.,.F.,.F.,(4,4),(-3.00635868274378,-2.98094788142727),
 .UNSPECIFIED.);
#103=B_SPLINE_CURVE_WITH_KNOTS('',3,(#12448,#12449,#12450,#12451,#12452),
 .UNSPECIFIED.,.F.,.F.,(4,1,4),(0.0620413291828914,0.438738981731125,0.7212622211423),
 .UNSPECIFIED.);
#104=B_SPLINE_CURVE_WITH_KNOTS('',3,(#12457,#12458,#12459,#12460),
 .UNSPECIFIED.,.F.,.F.,(4,4),(0.,0.374291744005438),.UNSPECIFIED.);
#105=B_SPLINE_CURVE_WITH_KNOTS('',3,(#12463,#12464,#12465,#12466),
 .UNSPECIFIED.,.F.,.F.,(4,4),(0.659978209020124,0.9147918522404),
 .UNSPECIFIED.);
#106=B_SPLINE_CURVE_WITH_KNOTS('',3,(#12490,#12491,#12492,#12493),
 .UNSPECIFIED.,.F.,.F.,(4,4),(-0.374291744005438,0.),.UNSPECIFIED.);
#107=B_SPLINE_CURVE_WITH_KNOTS('',3,(#12519,#12520,#12521,#12522),
 .UNSPECIFIED.,.F.,.F.,(4,4),(-0.9147918522404,-0.659978209020124),
 .UNSPECIFIED.);
#108=B_SPLINE_CURVE_WITH_KNOTS('',3,(#12551,#12552,#12553,#12554,#12555),
 .UNSPECIFIED.,.F.,.F.,(4,1,4),(-0.7212622211423,-0.438738981731125,-0.0620413291828914),
 .UNSPECIFIED.);
#109=B_SPLINE_CURVE_WITH_KNOTS('',3,(#12578,#12579,#12580,#12581),
 .UNSPECIFIED.,.F.,.F.,(4,4),(-0.434015981151318,0.),.UNSPECIFIED.);
#110=B_SPLINE_CURVE_WITH_KNOTS('',3,(#12655,#12656,#12657,#12658,#12659),
 .UNSPECIFIED.,.F.,.F.,(4,1,4),(-0.427417289418959,-0.213708644709479,0.),
 .UNSPECIFIED.);
#111=B_SPLINE_CURVE_WITH_KNOTS('',3,(#12660,#12661,#12662,#12663,#12664),
 .UNSPECIFIED.,.F.,.F.,(4,1,4),(0.0537632266246875,0.370479534437384,0.608016765296907),
 .UNSPECIFIED.);
#112=B_SPLINE_CURVE_WITH_KNOTS('',3,(#12692,#12693,#12694,#12695,#12696),
 .UNSPECIFIED.,.F.,.F.,(4,1,4),(-0.608016765296907,-0.370479534437384,-0.0537632266246875),
 .UNSPECIFIED.);
#113=CONICAL_SURFACE('',#7130,29.5,0.785398163397448);
#114=CONICAL_SURFACE('',#7134,30.5,0.785398163397439);
#115=CONICAL_SURFACE('',#7138,4.,0.785398163397449);
#116=CONICAL_SURFACE('',#7142,4.,0.785398163397452);
#117=CONICAL_SURFACE('',#7147,2.28,0.78539816339745);
#118=CONICAL_SURFACE('',#7305,4.34975016667518,0.785398163397445);
#119=CONICAL_SURFACE('',#7307,5.150303851989,0.78539816339745);
#120=CONICAL_SURFACE('',#7309,4.34988655959105,0.78539816339744);
#121=CONICAL_SURFACE('',#7312,4.34828785656442,0.785398163397444);
#122=CONICAL_SURFACE('',#7315,4.34960116962155,0.785398163397443);
#123=CONICAL_SURFACE('',#7317,5.15015875301043,0.785398163397444);
#124=CONICAL_SURFACE('',#7319,4.34988723451284,0.785398163397441);
#125=CONICAL_SURFACE('',#7321,5.15022958340776,0.785398163397447);
#126=CONICAL_SURFACE('',#7323,4.35060574541667,0.785398163397441);
#127=CONICAL_SURFACE('',#7326,4.3502403561521,0.785398163397445);
#128=CONICAL_SURFACE('',#7328,5.15000757900849,0.785398163397444);
#129=CONICAL_SURFACE('',#7331,5.14999547780124,0.785398163397451);
#130=CONICAL_SURFACE('',#7333,4.35013821892501,0.785398163397454);
#131=CONICAL_SURFACE('',#7335,5.15010801138647,0.785398163397464);
#132=CONICAL_SURFACE('',#7337,4.3497965352125,0.785398163397465);
#133=CONICAL_SURFACE('',#7340,4.35035306153218,0.785398163397461);
#134=CONICAL_SURFACE('',#7342,5.14998390440465,0.785398163397454);
#135=CONICAL_SURFACE('',#7344,4.34906833675719,0.785398163397466);
#136=CONICAL_SURFACE('',#7347,4.3508873355033,0.785398163397451);
#137=CONICAL_SURFACE('',#7349,5.14997709892754,0.78539816339746);
#138=CONICAL_SURFACE('',#7351,4.34999569457188,0.785398163397455);
#139=CONICAL_SURFACE('',#7353,5.14968604979073,0.785398163397465);
#140=CONICAL_SURFACE('',#7492,29.5,0.785398163397448);
#141=CONICAL_SURFACE('',#7496,30.5,0.785398163397439);
#142=CONICAL_SURFACE('',#7500,4.,0.785398163397449);
#143=CONICAL_SURFACE('',#7504,4.,0.785398163397452);
#144=CONICAL_SURFACE('',#7532,2.28,0.78539816339745);
#145=CONICAL_SURFACE('',#7691,4.34975016667518,0.785398163397445);
#146=CONICAL_SURFACE('',#7692,5.150303851989,0.78539816339745);
#147=CONICAL_SURFACE('',#7693,4.34988655959105,0.78539816339744);
#148=CONICAL_SURFACE('',#7695,4.34828785656442,0.785398163397444);
#149=CONICAL_SURFACE('',#7697,4.34960116962155,0.785398163397443);
#150=CONICAL_SURFACE('',#7698,5.15015875301043,0.785398163397444);
#151=CONICAL_SURFACE('',#7699,4.34988723451284,0.785398163397441);
#152=CONICAL_SURFACE('',#7700,5.15022958340776,0.785398163397447);
#153=CONICAL_SURFACE('',#7701,4.35060574541667,0.785398163397441);
#154=CONICAL_SURFACE('',#7703,4.3502403561521,0.785398163397445);
#155=CONICAL_SURFACE('',#7704,5.15000757900849,0.785398163397444);
#156=CONICAL_SURFACE('',#7706,5.14999547780124,0.785398163397451);
#157=CONICAL_SURFACE('',#7707,4.35013821892501,0.785398163397454);
#158=CONICAL_SURFACE('',#7708,5.15010801138647,0.785398163397464);
#159=CONICAL_SURFACE('',#7709,4.3497965352125,0.785398163397465);
#160=CONICAL_SURFACE('',#7711,4.35035306153218,0.785398163397461);
#161=CONICAL_SURFACE('',#7712,5.14998390440465,0.785398163397454);
#162=CONICAL_SURFACE('',#7713,4.34906833675719,0.785398163397466);
#163=CONICAL_SURFACE('',#7715,4.3508873355033,0.785398163397451);
#164=CONICAL_SURFACE('',#7716,5.14997709892754,0.78539816339746);
#165=CONICAL_SURFACE('',#7717,4.34999569457188,0.785398163397455);
#166=CONICAL_SURFACE('',#7718,5.14968604979073,0.785398163397465);
#167=ELLIPSE('',#7095,1.75027395406391,1.75);
#168=ELLIPSE('',#7099,1.75027395406391,1.75);
#169=ELLIPSE('',#7103,1.75027395406391,1.75);
#170=ELLIPSE('',#7107,1.75027395406391,1.75);
#171=ELLIPSE('',#7111,1.75027395406391,1.75);
#172=ELLIPSE('',#7115,1.75027395406391,1.75);
#173=ELLIPSE('',#7119,1.75027395406391,1.75);
#174=ELLIPSE('',#7125,1.75027395406391,1.75);
#175=ELLIPSE('',#7129,1.75027395406391,1.75);
#176=ELLIPSE('',#7152,4.50021743562544,4.49999999999999);
#177=ELLIPSE('',#7155,4.50021743562544,4.49999999999999);
#178=ELLIPSE('',#7159,1.75027395406391,1.75);
#179=ELLIPSE('',#7163,1.75027395406391,1.75);
#180=ELLIPSE('',#7167,1.75027395406391,1.75);
#181=ELLIPSE('',#7171,1.75027395406391,1.75);
#182=ELLIPSE('',#7175,1.75027395406391,1.75);
#183=ELLIPSE('',#7179,1.75027395406391,1.75);
#184=ELLIPSE('',#7184,1.75027395406391,1.75);
#185=ELLIPSE('',#7188,1.75027395406391,1.75);
#186=ELLIPSE('',#7192,1.75027395406391,1.75);
#187=ELLIPSE('',#7201,1.75027395406391,1.75);
#188=ELLIPSE('',#7385,1.75027395406391,1.75);
#189=ELLIPSE('',#7389,1.75027395406391,1.75);
#190=ELLIPSE('',#7393,1.75027395406391,1.75);
#191=ELLIPSE('',#7399,20.0029955733032,20.);
#192=ELLIPSE('',#7403,20.0029955733032,20.);
#193=ELLIPSE('',#7410,2.50039136294845,2.5);
#194=ELLIPSE('',#7414,2.50039136294845,2.5);
#195=ELLIPSE('',#7436,30.0040910886212,30.);
#196=ELLIPSE('',#7439,28.0043832650226,28.);
#197=ELLIPSE('',#7456,1.75027395406391,1.75);
#198=ELLIPSE('',#7460,1.75027395406391,1.75);
#199=ELLIPSE('',#7464,1.75027395406391,1.75);
#200=ELLIPSE('',#7468,1.75027395406391,1.75);
#201=ELLIPSE('',#7472,1.75027395406391,1.75);
#202=ELLIPSE('',#7476,1.75027395406391,1.75);
#203=ELLIPSE('',#7480,1.75027395406391,1.75);
#204=ELLIPSE('',#7486,1.75027395406391,1.75);
#205=ELLIPSE('',#7490,1.75027395406391,1.75);
#206=ELLIPSE('',#7538,4.50021743562544,4.49999999999999);
#207=ELLIPSE('',#7541,4.50021743562544,4.49999999999999);
#208=ELLIPSE('',#7545,1.75027395406391,1.75);
#209=ELLIPSE('',#7549,1.75027395406391,1.75);
#210=ELLIPSE('',#7553,1.75027395406391,1.75);
#211=ELLIPSE('',#7557,1.75027395406391,1.75);
#212=ELLIPSE('',#7561,1.75027395406391,1.75);
#213=ELLIPSE('',#7565,1.75027395406391,1.75);
#214=ELLIPSE('',#7570,1.75027395406391,1.75);
#215=ELLIPSE('',#7574,1.75027395406391,1.75);
#216=ELLIPSE('',#7578,1.75027395406391,1.75);
#217=ELLIPSE('',#7586,1.75027395406391,1.75);
#218=ELLIPSE('',#7749,1.75027395406391,1.75);
#219=ELLIPSE('',#7753,1.75027395406391,1.75);
#220=ELLIPSE('',#7757,1.75027395406391,1.75);
#221=ELLIPSE('',#7763,20.0029955733032,20.);
#222=ELLIPSE('',#7767,20.0029955733032,20.);
#223=ELLIPSE('',#7772,2.50039136294845,2.5);
#224=ELLIPSE('',#7773,2.50039136294845,2.5);
#225=ELLIPSE('',#7774,28.0043832650226,28.);
#226=ELLIPSE('',#7804,30.0040910886212,30.);
#227=CIRCLE('',#7094,1.75);
#228=CIRCLE('',#7098,1.75);
#229=CIRCLE('',#7102,1.75);
#230=CIRCLE('',#7106,1.75);
#231=CIRCLE('',#7110,1.75);
#232=CIRCLE('',#7114,1.75);
#233=CIRCLE('',#7118,1.75);
#234=CIRCLE('',#7124,1.75);
#235=CIRCLE('',#7128,1.75);
#236=CIRCLE('',#7131,29.);
#237=CIRCLE('',#7132,30.);
#238=CIRCLE('',#7135,31.);
#239=CIRCLE('',#7136,30.);
#240=CIRCLE('',#7139,3.49999999999999);
#241=CIRCLE('',#7140,4.5);
#242=CIRCLE('',#7143,3.5);
#243=CIRCLE('',#7144,4.5);
#244=CIRCLE('',#7148,1.78);
#245=CIRCLE('',#7149,2.78);
#246=CIRCLE('',#7158,1.75);
#247=CIRCLE('',#7162,1.75);
#248=CIRCLE('',#7166,1.75);
#249=CIRCLE('',#7170,1.75);
#250=CIRCLE('',#7174,1.75);
#251=CIRCLE('',#7178,1.75);
#252=CIRCLE('',#7183,1.75);
#253=CIRCLE('',#7187,1.75);
#254=CIRCLE('',#7191,1.75);
#255=CIRCLE('',#7199,1.75);
#256=CIRCLE('',#7200,1.75);
#257=CIRCLE('',#7203,3.25);
#258=CIRCLE('',#7205,3.25);
#259=CIRCLE('',#7207,3.25);
#260=CIRCLE('',#7209,3.25);
#261=CIRCLE('',#7211,3.25);
#262=CIRCLE('',#7213,3.25);
#263=CIRCLE('',#7215,3.24999999999999);
#264=CIRCLE('',#7217,3.24999999999999);
#265=CIRCLE('',#7219,3.25);
#266=CIRCLE('',#7221,3.25);
#267=CIRCLE('',#7223,1.40000000000001);
#268=CIRCLE('',#7225,1.40000000000001);
#269=CIRCLE('',#7227,1.4);
#270=CIRCLE('',#7229,1.4);
#271=CIRCLE('',#7231,1.78000000000037);
#272=CIRCLE('',#7234,4.89968604979072);
#273=CIRCLE('',#7235,4.89968604979072);
#274=CIRCLE('',#7237,4.59999569457188);
#275=CIRCLE('',#7238,4.59999569457188);
#276=CIRCLE('',#7240,4.89997709892754);
#277=CIRCLE('',#7241,4.89997709892754);
#278=CIRCLE('',#7243,4.6008873355033);
#279=CIRCLE('',#7244,4.6008873355033);
#280=CIRCLE('',#7247,4.59906833675719);
#281=CIRCLE('',#7248,4.59906833675719);
#282=CIRCLE('',#7250,4.89998390440465);
#283=CIRCLE('',#7251,4.89998390440465);
#284=CIRCLE('',#7253,4.60035306153218);
#285=CIRCLE('',#7254,4.60035306153218);
#286=CIRCLE('',#7257,4.5997965352125);
#287=CIRCLE('',#7258,4.5997965352125);
#288=CIRCLE('',#7260,4.90010801138647);
#289=CIRCLE('',#7261,4.90010801138647);
#290=CIRCLE('',#7263,4.60013821892501);
#291=CIRCLE('',#7264,4.60013821892501);
#292=CIRCLE('',#7266,4.89999547780124);
#293=CIRCLE('',#7267,4.89999547780124);
#294=CIRCLE('',#7270,4.90000757900849);
#295=CIRCLE('',#7271,4.90000757900849);
#296=CIRCLE('',#7273,4.60024035615211);
#297=CIRCLE('',#7274,4.6002403561521);
#298=CIRCLE('',#7277,4.60060574541667);
#299=CIRCLE('',#7278,4.60060574541667);
#300=CIRCLE('',#7280,4.90022958340775);
#301=CIRCLE('',#7281,4.90022958340775);
#302=CIRCLE('',#7283,4.59988723451284);
#303=CIRCLE('',#7284,4.59988723451284);
#304=CIRCLE('',#7286,4.90015875301044);
#305=CIRCLE('',#7287,4.90015875301044);
#306=CIRCLE('',#7289,4.59960116962155);
#307=CIRCLE('',#7290,4.59960116962154);
#308=CIRCLE('',#7293,4.59828785656442);
#309=CIRCLE('',#7294,4.59828785656442);
#310=CIRCLE('',#7297,4.59988655959105);
#311=CIRCLE('',#7298,4.59988655959105);
#312=CIRCLE('',#7300,4.90030385198899);
#313=CIRCLE('',#7301,4.90030385198899);
#314=CIRCLE('',#7303,4.59975016667518);
#315=CIRCLE('',#7304,4.59975016667518);
#316=CIRCLE('',#7306,4.09975016667518);
#317=CIRCLE('',#7308,5.400303851989);
#318=CIRCLE('',#7310,4.09988655959106);
#319=CIRCLE('',#7313,4.09828785656442);
#320=CIRCLE('',#7316,4.09960116962155);
#321=CIRCLE('',#7318,5.40015875301043);
#322=CIRCLE('',#7320,4.09988723451284);
#323=CIRCLE('',#7322,5.40022958340776);
#324=CIRCLE('',#7324,4.10060574541667);
#325=CIRCLE('',#7327,4.1002403561521);
#326=CIRCLE('',#7329,5.40000757900849);
#327=CIRCLE('',#7332,5.39999547780124);
#328=CIRCLE('',#7334,4.10013821892501);
#329=CIRCLE('',#7336,5.40010801138648);
#330=CIRCLE('',#7338,4.09979653521249);
#331=CIRCLE('',#7341,4.10035306153217);
#332=CIRCLE('',#7343,5.39998390440465);
#333=CIRCLE('',#7345,4.09906833675718);
#334=CIRCLE('',#7348,4.10088733550331);
#335=CIRCLE('',#7350,5.39997709892754);
#336=CIRCLE('',#7352,4.09999569457188);
#337=CIRCLE('',#7354,5.39968604979073);
#338=CIRCLE('',#7358,1.78000000000004);
#339=CIRCLE('',#7360,2.);
#340=CIRCLE('',#7361,2.);
#341=CIRCLE('',#7364,2.);
#342=CIRCLE('',#7365,2.);
#343=CIRCLE('',#7368,1.);
#344=CIRCLE('',#7369,1.);
#345=CIRCLE('',#7371,30.);
#346=CIRCLE('',#7372,30.);
#347=CIRCLE('',#7375,10.);
#348=CIRCLE('',#7376,10.);
#349=CIRCLE('',#7380,1.002557500178);
#350=CIRCLE('',#7381,1.002557500178);
#351=CIRCLE('',#7384,1.75);
#352=CIRCLE('',#7388,1.75);
#353=CIRCLE('',#7392,1.75);
#354=CIRCLE('',#7397,1.75);
#355=CIRCLE('',#7401,1.75);
#356=CIRCLE('',#7407,2.);
#357=CIRCLE('',#7408,2.);
#358=CIRCLE('',#7409,1.99999999999999);
#359=CIRCLE('',#7412,1.99999999999999);
#360=CIRCLE('',#7413,2.);
#361=CIRCLE('',#7415,2.);
#362=CIRCLE('',#7418,1.99999999999999);
#363=CIRCLE('',#7419,2.);
#364=CIRCLE('',#7421,2.);
#365=CIRCLE('',#7422,2.);
#366=CIRCLE('',#7423,2.);
#367=CIRCLE('',#7424,2.);
#368=CIRCLE('',#7425,20.);
#369=CIRCLE('',#7427,2.);
#370=CIRCLE('',#7429,2.);
#371=CIRCLE('',#7430,2.);
#372=CIRCLE('',#7433,20.);
#373=CIRCLE('',#7434,2.);
#374=CIRCLE('',#7437,2.);
#375=CIRCLE('',#7438,1.99999999999999);
#376=CIRCLE('',#7441,2.);
#377=CIRCLE('',#7442,1.99999999999994);
#378=CIRCLE('',#7443,1.99999999999995);
#379=CIRCLE('',#7455,1.75);
#380=CIRCLE('',#7459,1.75);
#381=CIRCLE('',#7463,1.75);
#382=CIRCLE('',#7467,1.75);
#383=CIRCLE('',#7471,1.75);
#384=CIRCLE('',#7475,1.75);
#385=CIRCLE('',#7479,1.75);
#386=CIRCLE('',#7485,1.75);
#387=CIRCLE('',#7489,1.75);
#388=CIRCLE('',#7493,30.);
#389=CIRCLE('',#7494,29.);
#390=CIRCLE('',#7497,30.);
#391=CIRCLE('',#7498,31.);
#392=CIRCLE('',#7501,4.5);
#393=CIRCLE('',#7502,3.49999999999999);
#394=CIRCLE('',#7505,4.5);
#395=CIRCLE('',#7506,3.5);
#396=CIRCLE('',#7509,5.39968604979073);
#397=CIRCLE('',#7510,4.09999569457188);
#398=CIRCLE('',#7511,5.39997709892754);
#399=CIRCLE('',#7512,4.10088733550331);
#400=CIRCLE('',#7513,4.09906833675718);
#401=CIRCLE('',#7514,5.39998390440465);
#402=CIRCLE('',#7515,4.10035306153217);
#403=CIRCLE('',#7516,4.09979653521249);
#404=CIRCLE('',#7517,5.40010801138648);
#405=CIRCLE('',#7518,4.10013821892501);
#406=CIRCLE('',#7519,5.39999547780124);
#407=CIRCLE('',#7520,5.40000757900849);
#408=CIRCLE('',#7521,4.1002403561521);
#409=CIRCLE('',#7522,4.10060574541667);
#410=CIRCLE('',#7523,5.40022958340776);
#411=CIRCLE('',#7524,4.09988723451284);
#412=CIRCLE('',#7525,5.40015875301043);
#413=CIRCLE('',#7526,4.09960116962155);
#414=CIRCLE('',#7527,4.09828785656442);
#415=CIRCLE('',#7528,4.09988655959106);
#416=CIRCLE('',#7529,5.400303851989);
#417=CIRCLE('',#7530,4.09975016667518);
#418=CIRCLE('',#7533,2.78);
#419=CIRCLE('',#7534,1.78);
#420=CIRCLE('',#7544,1.75);
#421=CIRCLE('',#7548,1.75);
#422=CIRCLE('',#7552,1.75);
#423=CIRCLE('',#7556,1.75);
#424=CIRCLE('',#7560,1.75);
#425=CIRCLE('',#7564,1.75);
#426=CIRCLE('',#7569,1.75);
#427=CIRCLE('',#7573,1.75);
#428=CIRCLE('',#7577,1.75);
#429=CIRCLE('',#7585,1.75);
#430=CIRCLE('',#7587,1.75);
#431=CIRCLE('',#7589,3.25);
#432=CIRCLE('',#7591,3.25);
#433=CIRCLE('',#7593,3.25);
#434=CIRCLE('',#7595,3.25);
#435=CIRCLE('',#7597,3.25);
#436=CIRCLE('',#7599,3.25);
#437=CIRCLE('',#7601,3.24999999999999);
#438=CIRCLE('',#7603,3.24999999999999);
#439=CIRCLE('',#7605,3.25);
#440=CIRCLE('',#7607,3.25);
#441=CIRCLE('',#7609,1.40000000000001);
#442=CIRCLE('',#7611,1.40000000000001);
#443=CIRCLE('',#7613,1.4);
#444=CIRCLE('',#7615,1.4);
#445=CIRCLE('',#7617,1.78000000000037);
#446=CIRCLE('',#7620,4.89968604979072);
#447=CIRCLE('',#7621,4.89968604979072);
#448=CIRCLE('',#7623,4.59999569457188);
#449=CIRCLE('',#7624,4.59999569457188);
#450=CIRCLE('',#7626,4.89997709892754);
#451=CIRCLE('',#7627,4.89997709892754);
#452=CIRCLE('',#7629,4.6008873355033);
#453=CIRCLE('',#7630,4.6008873355033);
#454=CIRCLE('',#7633,4.59906833675719);
#455=CIRCLE('',#7634,4.59906833675719);
#456=CIRCLE('',#7636,4.89998390440465);
#457=CIRCLE('',#7637,4.89998390440465);
#458=CIRCLE('',#7639,4.60035306153218);
#459=CIRCLE('',#7640,4.60035306153218);
#460=CIRCLE('',#7643,4.5997965352125);
#461=CIRCLE('',#7644,4.5997965352125);
#462=CIRCLE('',#7646,4.90010801138647);
#463=CIRCLE('',#7647,4.90010801138647);
#464=CIRCLE('',#7649,4.60013821892501);
#465=CIRCLE('',#7650,4.60013821892501);
#466=CIRCLE('',#7652,4.89999547780124);
#467=CIRCLE('',#7653,4.89999547780124);
#468=CIRCLE('',#7656,4.90000757900849);
#469=CIRCLE('',#7657,4.90000757900849);
#470=CIRCLE('',#7659,4.60024035615211);
#471=CIRCLE('',#7660,4.6002403561521);
#472=CIRCLE('',#7663,4.60060574541667);
#473=CIRCLE('',#7664,4.60060574541667);
#474=CIRCLE('',#7666,4.90022958340775);
#475=CIRCLE('',#7667,4.90022958340775);
#476=CIRCLE('',#7669,4.59988723451284);
#477=CIRCLE('',#7670,4.59988723451284);
#478=CIRCLE('',#7672,4.90015875301044);
#479=CIRCLE('',#7673,4.90015875301044);
#480=CIRCLE('',#7675,4.59960116962155);
#481=CIRCLE('',#7676,4.59960116962154);
#482=CIRCLE('',#7679,4.59828785656442);
#483=CIRCLE('',#7680,4.59828785656442);
#484=CIRCLE('',#7683,4.59988655959105);
#485=CIRCLE('',#7684,4.59988655959105);
#486=CIRCLE('',#7686,4.90030385198899);
#487=CIRCLE('',#7687,4.90030385198899);
#488=CIRCLE('',#7689,4.59975016667518);
#489=CIRCLE('',#7690,4.59975016667518);
#490=CIRCLE('',#7722,1.78000000000004);
#491=CIRCLE('',#7724,2.);
#492=CIRCLE('',#7725,2.);
#493=CIRCLE('',#7728,2.);
#494=CIRCLE('',#7729,2.);
#495=CIRCLE('',#7732,1.);
#496=CIRCLE('',#7733,1.);
#497=CIRCLE('',#7735,30.);
#498=CIRCLE('',#7736,30.);
#499=CIRCLE('',#7739,10.);
#500=CIRCLE('',#7740,10.);
#501=CIRCLE('',#7744,1.002557500178);
#502=CIRCLE('',#7745,1.002557500178);
#503=CIRCLE('',#7748,1.75);
#504=CIRCLE('',#7752,1.75);
#505=CIRCLE('',#7756,1.75);
#506=CIRCLE('',#7761,1.75);
#507=CIRCLE('',#7765,1.75);
#508=CIRCLE('',#7776,2.);
#509=CIRCLE('',#7777,2.);
#510=CIRCLE('',#7778,1.99999999999999);
#511=CIRCLE('',#7780,1.99999999999999);
#512=CIRCLE('',#7781,2.);
#513=CIRCLE('',#7783,2.);
#514=CIRCLE('',#7786,1.99999999999999);
#515=CIRCLE('',#7787,2.);
#516=CIRCLE('',#7789,2.);
#517=CIRCLE('',#7790,2.);
#518=CIRCLE('',#7791,2.);
#519=CIRCLE('',#7792,2.);
#520=CIRCLE('',#7793,20.);
#521=CIRCLE('',#7795,2.);
#522=CIRCLE('',#7797,2.);
#523=CIRCLE('',#7798,2.);
#524=CIRCLE('',#7801,20.);
#525=CIRCLE('',#7802,2.);
#526=CIRCLE('',#7806,2.);
#527=CIRCLE('',#7807,1.99999999999999);
#528=CIRCLE('',#7809,2.);
#529=CIRCLE('',#7810,1.99999999999994);
#530=CIRCLE('',#7811,1.99999999999995);
#531=CYLINDRICAL_SURFACE('',#7093,1.75);
#532=CYLINDRICAL_SURFACE('',#7097,1.75);
#533=CYLINDRICAL_SURFACE('',#7101,1.75);
#534=CYLINDRICAL_SURFACE('',#7105,1.75);
#535=CYLINDRICAL_SURFACE('',#7109,1.75);
#536=CYLINDRICAL_SURFACE('',#7113,1.75);
#537=CYLINDRICAL_SURFACE('',#7117,1.75);
#538=CYLINDRICAL_SURFACE('',#7123,1.75);
#539=CYLINDRICAL_SURFACE('',#7127,1.75);
#540=CYLINDRICAL_SURFACE('',#7151,4.5);
#541=CYLINDRICAL_SURFACE('',#7154,4.5);
#542=CYLINDRICAL_SURFACE('',#7157,1.75);
#543=CYLINDRICAL_SURFACE('',#7161,1.75);
#544=CYLINDRICAL_SURFACE('',#7165,1.75);
#545=CYLINDRICAL_SURFACE('',#7169,1.75);
#546=CYLINDRICAL_SURFACE('',#7173,1.75);
#547=CYLINDRICAL_SURFACE('',#7177,1.75);
#548=CYLINDRICAL_SURFACE('',#7182,1.75);
#549=CYLINDRICAL_SURFACE('',#7186,1.75);
#550=CYLINDRICAL_SURFACE('',#7190,1.75);
#551=CYLINDRICAL_SURFACE('',#7198,1.75);
#552=CYLINDRICAL_SURFACE('',#7204,3.25);
#553=CYLINDRICAL_SURFACE('',#7208,3.25);
#554=CYLINDRICAL_SURFACE('',#7212,3.25);
#555=CYLINDRICAL_SURFACE('',#7216,3.24999999999999);
#556=CYLINDRICAL_SURFACE('',#7220,3.25);
#557=CYLINDRICAL_SURFACE('',#7224,1.40000000000001);
#558=CYLINDRICAL_SURFACE('',#7228,1.4);
#559=CYLINDRICAL_SURFACE('',#7233,4.89968604979072);
#560=CYLINDRICAL_SURFACE('',#7236,4.59999569457188);
#561=CYLINDRICAL_SURFACE('',#7239,4.89997709892754);
#562=CYLINDRICAL_SURFACE('',#7242,4.6008873355033);
#563=CYLINDRICAL_SURFACE('',#7246,4.59906833675719);
#564=CYLINDRICAL_SURFACE('',#7249,4.89998390440465);
#565=CYLINDRICAL_SURFACE('',#7252,4.60035306153218);
#566=CYLINDRICAL_SURFACE('',#7256,4.5997965352125);
#567=CYLINDRICAL_SURFACE('',#7259,4.90010801138647);
#568=CYLINDRICAL_SURFACE('',#7262,4.60013821892501);
#569=CYLINDRICAL_SURFACE('',#7265,4.89999547780124);
#570=CYLINDRICAL_SURFACE('',#7269,4.90000757900849);
#571=CYLINDRICAL_SURFACE('',#7272,4.6002403561521);
#572=CYLINDRICAL_SURFACE('',#7276,4.60060574541667);
#573=CYLINDRICAL_SURFACE('',#7279,4.90022958340775);
#574=CYLINDRICAL_SURFACE('',#7282,4.59988723451284);
#575=CYLINDRICAL_SURFACE('',#7285,4.90015875301044);
#576=CYLINDRICAL_SURFACE('',#7288,4.59960116962154);
#577=CYLINDRICAL_SURFACE('',#7292,4.59828785656442);
#578=CYLINDRICAL_SURFACE('',#7296,4.59988655959105);
#579=CYLINDRICAL_SURFACE('',#7299,4.90030385198899);
#580=CYLINDRICAL_SURFACE('',#7302,4.59975016667518);
#581=CYLINDRICAL_SURFACE('',#7357,1.78);
#582=CYLINDRICAL_SURFACE('',#7359,2.);
#583=CYLINDRICAL_SURFACE('',#7363,2.);
#584=CYLINDRICAL_SURFACE('',#7367,1.);
#585=CYLINDRICAL_SURFACE('',#7370,30.);
#586=CYLINDRICAL_SURFACE('',#7374,10.);
#587=CYLINDRICAL_SURFACE('',#7379,1.002557500178);
#588=CYLINDRICAL_SURFACE('',#7383,1.75);
#589=CYLINDRICAL_SURFACE('',#7387,1.75);
#590=CYLINDRICAL_SURFACE('',#7391,1.75);
#591=CYLINDRICAL_SURFACE('',#7396,1.75);
#592=CYLINDRICAL_SURFACE('',#7400,1.75);
#593=CYLINDRICAL_SURFACE('',#7406,2.);
#594=CYLINDRICAL_SURFACE('',#7411,2.);
#595=CYLINDRICAL_SURFACE('',#7416,30.);
#596=CYLINDRICAL_SURFACE('',#7420,2.);
#597=CYLINDRICAL_SURFACE('',#7426,20.);
#598=CYLINDRICAL_SURFACE('',#7428,2.);
#599=CYLINDRICAL_SURFACE('',#7432,20.);
#600=CYLINDRICAL_SURFACE('',#7435,30.);
#601=CYLINDRICAL_SURFACE('',#7444,2.);
#602=CYLINDRICAL_SURFACE('',#7454,1.75);
#603=CYLINDRICAL_SURFACE('',#7458,1.75);
#604=CYLINDRICAL_SURFACE('',#7462,1.75);
#605=CYLINDRICAL_SURFACE('',#7466,1.75);
#606=CYLINDRICAL_SURFACE('',#7470,1.75);
#607=CYLINDRICAL_SURFACE('',#7474,1.75);
#608=CYLINDRICAL_SURFACE('',#7478,1.75);
#609=CYLINDRICAL_SURFACE('',#7484,1.75);
#610=CYLINDRICAL_SURFACE('',#7488,1.75);
#611=CYLINDRICAL_SURFACE('',#7537,4.5);
#612=CYLINDRICAL_SURFACE('',#7540,4.5);
#613=CYLINDRICAL_SURFACE('',#7543,1.75);
#614=CYLINDRICAL_SURFACE('',#7547,1.75);
#615=CYLINDRICAL_SURFACE('',#7551,1.75);
#616=CYLINDRICAL_SURFACE('',#7555,1.75);
#617=CYLINDRICAL_SURFACE('',#7559,1.75);
#618=CYLINDRICAL_SURFACE('',#7563,1.75);
#619=CYLINDRICAL_SURFACE('',#7568,1.75);
#620=CYLINDRICAL_SURFACE('',#7572,1.75);
#621=CYLINDRICAL_SURFACE('',#7576,1.75);
#622=CYLINDRICAL_SURFACE('',#7584,1.75);
#623=CYLINDRICAL_SURFACE('',#7590,3.25);
#624=CYLINDRICAL_SURFACE('',#7594,3.25);
#625=CYLINDRICAL_SURFACE('',#7598,3.25);
#626=CYLINDRICAL_SURFACE('',#7602,3.24999999999999);
#627=CYLINDRICAL_SURFACE('',#7606,3.25);
#628=CYLINDRICAL_SURFACE('',#7610,1.40000000000001);
#629=CYLINDRICAL_SURFACE('',#7614,1.4);
#630=CYLINDRICAL_SURFACE('',#7619,4.89968604979072);
#631=CYLINDRICAL_SURFACE('',#7622,4.59999569457188);
#632=CYLINDRICAL_SURFACE('',#7625,4.89997709892754);
#633=CYLINDRICAL_SURFACE('',#7628,4.6008873355033);
#634=CYLINDRICAL_SURFACE('',#7632,4.59906833675719);
#635=CYLINDRICAL_SURFACE('',#7635,4.89998390440465);
#636=CYLINDRICAL_SURFACE('',#7638,4.60035306153218);
#637=CYLINDRICAL_SURFACE('',#7642,4.5997965352125);
#638=CYLINDRICAL_SURFACE('',#7645,4.90010801138647);
#639=CYLINDRICAL_SURFACE('',#7648,4.60013821892501);
#640=CYLINDRICAL_SURFACE('',#7651,4.89999547780124);
#641=CYLINDRICAL_SURFACE('',#7655,4.90000757900849);
#642=CYLINDRICAL_SURFACE('',#7658,4.6002403561521);
#643=CYLINDRICAL_SURFACE('',#7662,4.60060574541667);
#644=CYLINDRICAL_SURFACE('',#7665,4.90022958340775);
#645=CYLINDRICAL_SURFACE('',#7668,4.59988723451284);
#646=CYLINDRICAL_SURFACE('',#7671,4.90015875301044);
#647=CYLINDRICAL_SURFACE('',#7674,4.59960116962154);
#648=CYLINDRICAL_SURFACE('',#7678,4.59828785656442);
#649=CYLINDRICAL_SURFACE('',#7682,4.59988655959105);
#650=CYLINDRICAL_SURFACE('',#7685,4.90030385198899);
#651=CYLINDRICAL_SURFACE('',#7688,4.59975016667518);
#652=CYLINDRICAL_SURFACE('',#7721,1.78);
#653=CYLINDRICAL_SURFACE('',#7723,2.);
#654=CYLINDRICAL_SURFACE('',#7727,2.);
#655=CYLINDRICAL_SURFACE('',#7731,1.);
#656=CYLINDRICAL_SURFACE('',#7734,30.);
#657=CYLINDRICAL_SURFACE('',#7738,10.);
#658=CYLINDRICAL_SURFACE('',#7743,1.002557500178);
#659=CYLINDRICAL_SURFACE('',#7747,1.75);
#660=CYLINDRICAL_SURFACE('',#7751,1.75);
#661=CYLINDRICAL_SURFACE('',#7755,1.75);
#662=CYLINDRICAL_SURFACE('',#7760,1.75);
#663=CYLINDRICAL_SURFACE('',#7764,1.75);
#664=CYLINDRICAL_SURFACE('',#7775,2.);
#665=CYLINDRICAL_SURFACE('',#7779,2.);
#666=CYLINDRICAL_SURFACE('',#7782,2.);
#667=CYLINDRICAL_SURFACE('',#7784,30.);
#668=CYLINDRICAL_SURFACE('',#7788,2.);
#669=CYLINDRICAL_SURFACE('',#7794,20.);
#670=CYLINDRICAL_SURFACE('',#7796,2.);
#671=CYLINDRICAL_SURFACE('',#7800,20.);
#672=CYLINDRICAL_SURFACE('',#7803,30.);
#673=CYLINDRICAL_SURFACE('',#7805,2.);
#674=CYLINDRICAL_SURFACE('',#7812,2.);
#675=FACE_OUTER_BOUND('',#1072,.T.);
#676=FACE_OUTER_BOUND('',#1073,.T.);
#677=FACE_OUTER_BOUND('',#1074,.T.);
#678=FACE_OUTER_BOUND('',#1075,.T.);
#679=FACE_OUTER_BOUND('',#1076,.T.);
#680=FACE_OUTER_BOUND('',#1077,.T.);
#681=FACE_OUTER_BOUND('',#1078,.T.);
#682=FACE_OUTER_BOUND('',#1079,.T.);
#683=FACE_OUTER_BOUND('',#1080,.T.);
#684=FACE_OUTER_BOUND('',#1081,.T.);
#685=FACE_OUTER_BOUND('',#1082,.T.);
#686=FACE_OUTER_BOUND('',#1083,.T.);
#687=FACE_OUTER_BOUND('',#1084,.T.);
#688=FACE_OUTER_BOUND('',#1085,.T.);
#689=FACE_OUTER_BOUND('',#1086,.T.);
#690=FACE_OUTER_BOUND('',#1087,.T.);
#691=FACE_OUTER_BOUND('',#1088,.T.);
#692=FACE_OUTER_BOUND('',#1089,.T.);
#693=FACE_OUTER_BOUND('',#1090,.T.);
#694=FACE_OUTER_BOUND('',#1091,.T.);
#695=FACE_OUTER_BOUND('',#1092,.T.);
#696=FACE_OUTER_BOUND('',#1093,.T.);
#697=FACE_OUTER_BOUND('',#1094,.T.);
#698=FACE_OUTER_BOUND('',#1095,.T.);
#699=FACE_OUTER_BOUND('',#1096,.T.);
#700=FACE_OUTER_BOUND('',#1097,.T.);
#701=FACE_OUTER_BOUND('',#1098,.T.);
#702=FACE_OUTER_BOUND('',#1099,.T.);
#703=FACE_OUTER_BOUND('',#1100,.T.);
#704=FACE_OUTER_BOUND('',#1101,.T.);
#705=FACE_OUTER_BOUND('',#1102,.T.);
#706=FACE_OUTER_BOUND('',#1103,.T.);
#707=FACE_OUTER_BOUND('',#1104,.T.);
#708=FACE_OUTER_BOUND('',#1105,.T.);
#709=FACE_OUTER_BOUND('',#1106,.T.);
#710=FACE_OUTER_BOUND('',#1107,.T.);
#711=FACE_OUTER_BOUND('',#1108,.T.);
#712=FACE_OUTER_BOUND('',#1109,.T.);
#713=FACE_OUTER_BOUND('',#1110,.T.);
#714=FACE_OUTER_BOUND('',#1111,.T.);
#715=FACE_OUTER_BOUND('',#1112,.T.);
#716=FACE_OUTER_BOUND('',#1113,.T.);
#717=FACE_OUTER_BOUND('',#1114,.T.);
#718=FACE_OUTER_BOUND('',#1115,.T.);
#719=FACE_OUTER_BOUND('',#1116,.T.);
#720=FACE_OUTER_BOUND('',#1117,.T.);
#721=FACE_OUTER_BOUND('',#1118,.T.);
#722=FACE_OUTER_BOUND('',#1119,.T.);
#723=FACE_OUTER_BOUND('',#1120,.T.);
#724=FACE_OUTER_BOUND('',#1121,.T.);
#725=FACE_OUTER_BOUND('',#1122,.T.);
#726=FACE_OUTER_BOUND('',#1123,.T.);
#727=FACE_OUTER_BOUND('',#1124,.T.);
#728=FACE_OUTER_BOUND('',#1125,.T.);
#729=FACE_OUTER_BOUND('',#1126,.T.);
#730=FACE_OUTER_BOUND('',#1127,.T.);
#731=FACE_OUTER_BOUND('',#1128,.T.);
#732=FACE_OUTER_BOUND('',#1129,.T.);
#733=FACE_OUTER_BOUND('',#1130,.T.);
#734=FACE_OUTER_BOUND('',#1131,.T.);
#735=FACE_OUTER_BOUND('',#1132,.T.);
#736=FACE_OUTER_BOUND('',#1133,.T.);
#737=FACE_OUTER_BOUND('',#1134,.T.);
#738=FACE_OUTER_BOUND('',#1135,.T.);
#739=FACE_OUTER_BOUND('',#1136,.T.);
#740=FACE_OUTER_BOUND('',#1137,.T.);
#741=FACE_OUTER_BOUND('',#1138,.T.);
#742=FACE_OUTER_BOUND('',#1139,.T.);
#743=FACE_OUTER_BOUND('',#1140,.T.);
#744=FACE_OUTER_BOUND('',#1141,.T.);
#745=FACE_OUTER_BOUND('',#1142,.T.);
#746=FACE_OUTER_BOUND('',#1143,.T.);
#747=FACE_OUTER_BOUND('',#1144,.T.);
#748=FACE_OUTER_BOUND('',#1145,.T.);
#749=FACE_OUTER_BOUND('',#1146,.T.);
#750=FACE_OUTER_BOUND('',#1147,.T.);
#751=FACE_OUTER_BOUND('',#1148,.T.);
#752=FACE_OUTER_BOUND('',#1149,.T.);
#753=FACE_OUTER_BOUND('',#1150,.T.);
#754=FACE_OUTER_BOUND('',#1151,.T.);
#755=FACE_OUTER_BOUND('',#1152,.T.);
#756=FACE_OUTER_BOUND('',#1153,.T.);
#757=FACE_OUTER_BOUND('',#1154,.T.);
#758=FACE_OUTER_BOUND('',#1155,.T.);
#759=FACE_OUTER_BOUND('',#1156,.T.);
#760=FACE_OUTER_BOUND('',#1157,.T.);
#761=FACE_OUTER_BOUND('',#1158,.T.);
#762=FACE_OUTER_BOUND('',#1159,.T.);
#763=FACE_OUTER_BOUND('',#1160,.T.);
#764=FACE_OUTER_BOUND('',#1161,.T.);
#765=FACE_OUTER_BOUND('',#1162,.T.);
#766=FACE_OUTER_BOUND('',#1163,.T.);
#767=FACE_OUTER_BOUND('',#1164,.T.);
#768=FACE_OUTER_BOUND('',#1165,.T.);
#769=FACE_OUTER_BOUND('',#1166,.T.);
#770=FACE_OUTER_BOUND('',#1167,.T.);
#771=FACE_OUTER_BOUND('',#1168,.T.);
#772=FACE_OUTER_BOUND('',#1169,.T.);
#773=FACE_OUTER_BOUND('',#1170,.T.);
#774=FACE_OUTER_BOUND('',#1171,.T.);
#775=FACE_OUTER_BOUND('',#1172,.T.);
#776=FACE_OUTER_BOUND('',#1173,.T.);
#777=FACE_OUTER_BOUND('',#1174,.T.);
#778=FACE_OUTER_BOUND('',#1175,.T.);
#779=FACE_OUTER_BOUND('',#1176,.T.);
#780=FACE_OUTER_BOUND('',#1177,.T.);
#781=FACE_OUTER_BOUND('',#1178,.T.);
#782=FACE_OUTER_BOUND('',#1179,.T.);
#783=FACE_OUTER_BOUND('',#1180,.T.);
#784=FACE_OUTER_BOUND('',#1181,.T.);
#785=FACE_OUTER_BOUND('',#1182,.T.);
#786=FACE_OUTER_BOUND('',#1183,.T.);
#787=FACE_OUTER_BOUND('',#1184,.T.);
#788=FACE_OUTER_BOUND('',#1185,.T.);
#789=FACE_OUTER_BOUND('',#1186,.T.);
#790=FACE_OUTER_BOUND('',#1187,.T.);
#791=FACE_OUTER_BOUND('',#1188,.T.);
#792=FACE_OUTER_BOUND('',#1189,.T.);
#793=FACE_OUTER_BOUND('',#1190,.T.);
#794=FACE_OUTER_BOUND('',#1191,.T.);
#795=FACE_OUTER_BOUND('',#1192,.T.);
#796=FACE_OUTER_BOUND('',#1193,.T.);
#797=FACE_OUTER_BOUND('',#1194,.T.);
#798=FACE_OUTER_BOUND('',#1195,.T.);
#799=FACE_OUTER_BOUND('',#1196,.T.);
#800=FACE_OUTER_BOUND('',#1197,.T.);
#801=FACE_OUTER_BOUND('',#1198,.T.);
#802=FACE_OUTER_BOUND('',#1199,.T.);
#803=FACE_OUTER_BOUND('',#1200,.T.);
#804=FACE_OUTER_BOUND('',#1201,.T.);
#805=FACE_OUTER_BOUND('',#1202,.T.);
#806=FACE_OUTER_BOUND('',#1203,.T.);
#807=FACE_OUTER_BOUND('',#1204,.T.);
#808=FACE_OUTER_BOUND('',#1205,.T.);
#809=FACE_OUTER_BOUND('',#1206,.T.);
#810=FACE_OUTER_BOUND('',#1207,.T.);
#811=FACE_OUTER_BOUND('',#1208,.T.);
#812=FACE_OUTER_BOUND('',#1209,.T.);
#813=FACE_OUTER_BOUND('',#1210,.T.);
#814=FACE_OUTER_BOUND('',#1211,.T.);
#815=FACE_OUTER_BOUND('',#1212,.T.);
#816=FACE_OUTER_BOUND('',#1213,.T.);
#817=FACE_OUTER_BOUND('',#1214,.T.);
#818=FACE_OUTER_BOUND('',#1215,.T.);
#819=FACE_OUTER_BOUND('',#1216,.T.);
#820=FACE_OUTER_BOUND('',#1217,.T.);
#821=FACE_OUTER_BOUND('',#1218,.T.);
#822=FACE_OUTER_BOUND('',#1219,.T.);
#823=FACE_OUTER_BOUND('',#1220,.T.);
#824=FACE_OUTER_BOUND('',#1221,.T.);
#825=FACE_OUTER_BOUND('',#1222,.T.);
#826=FACE_OUTER_BOUND('',#1223,.T.);
#827=FACE_OUTER_BOUND('',#1224,.T.);
#828=FACE_OUTER_BOUND('',#1225,.T.);
#829=FACE_OUTER_BOUND('',#1226,.T.);
#830=FACE_OUTER_BOUND('',#1227,.T.);
#831=FACE_OUTER_BOUND('',#1228,.T.);
#832=FACE_OUTER_BOUND('',#1229,.T.);
#833=FACE_OUTER_BOUND('',#1230,.T.);
#834=FACE_OUTER_BOUND('',#1231,.T.);
#835=FACE_OUTER_BOUND('',#1232,.T.);
#836=FACE_OUTER_BOUND('',#1233,.T.);
#837=FACE_OUTER_BOUND('',#1234,.T.);
#838=FACE_OUTER_BOUND('',#1235,.T.);
#839=FACE_OUTER_BOUND('',#1236,.T.);
#840=FACE_OUTER_BOUND('',#1237,.T.);
#841=FACE_OUTER_BOUND('',#1238,.T.);
#842=FACE_OUTER_BOUND('',#1239,.T.);
#843=FACE_OUTER_BOUND('',#1240,.T.);
#844=FACE_OUTER_BOUND('',#1241,.T.);
#845=FACE_OUTER_BOUND('',#1242,.T.);
#846=FACE_OUTER_BOUND('',#1243,.T.);
#847=FACE_OUTER_BOUND('',#1244,.T.);
#848=FACE_OUTER_BOUND('',#1245,.T.);
#849=FACE_OUTER_BOUND('',#1246,.T.);
#850=FACE_OUTER_BOUND('',#1247,.T.);
#851=FACE_OUTER_BOUND('',#1248,.T.);
#852=FACE_OUTER_BOUND('',#1249,.T.);
#853=FACE_OUTER_BOUND('',#1250,.T.);
#854=FACE_OUTER_BOUND('',#1251,.T.);
#855=FACE_OUTER_BOUND('',#1252,.T.);
#856=FACE_OUTER_BOUND('',#1253,.T.);
#857=FACE_OUTER_BOUND('',#1254,.T.);
#858=FACE_OUTER_BOUND('',#1255,.T.);
#859=FACE_OUTER_BOUND('',#1256,.T.);
#860=FACE_OUTER_BOUND('',#1257,.T.);
#861=FACE_OUTER_BOUND('',#1258,.T.);
#862=FACE_OUTER_BOUND('',#1259,.T.);
#863=FACE_OUTER_BOUND('',#1260,.T.);
#864=FACE_OUTER_BOUND('',#1261,.T.);
#865=FACE_OUTER_BOUND('',#1262,.T.);
#866=FACE_OUTER_BOUND('',#1263,.T.);
#867=FACE_OUTER_BOUND('',#1264,.T.);
#868=FACE_OUTER_BOUND('',#1265,.T.);
#869=FACE_OUTER_BOUND('',#1266,.T.);
#870=FACE_OUTER_BOUND('',#1267,.T.);
#871=FACE_OUTER_BOUND('',#1268,.T.);
#872=FACE_OUTER_BOUND('',#1269,.T.);
#873=FACE_OUTER_BOUND('',#1270,.T.);
#874=FACE_OUTER_BOUND('',#1271,.T.);
#875=FACE_OUTER_BOUND('',#1272,.T.);
#876=FACE_OUTER_BOUND('',#1273,.T.);
#877=FACE_OUTER_BOUND('',#1274,.T.);
#878=FACE_OUTER_BOUND('',#1275,.T.);
#879=FACE_OUTER_BOUND('',#1276,.T.);
#880=FACE_OUTER_BOUND('',#1277,.T.);
#881=FACE_OUTER_BOUND('',#1278,.T.);
#882=FACE_OUTER_BOUND('',#1279,.T.);
#883=FACE_OUTER_BOUND('',#1280,.T.);
#884=FACE_OUTER_BOUND('',#1281,.T.);
#885=FACE_OUTER_BOUND('',#1282,.T.);
#886=FACE_OUTER_BOUND('',#1283,.T.);
#887=FACE_OUTER_BOUND('',#1284,.T.);
#888=FACE_OUTER_BOUND('',#1285,.T.);
#889=FACE_OUTER_BOUND('',#1286,.T.);
#890=FACE_OUTER_BOUND('',#1287,.T.);
#891=FACE_OUTER_BOUND('',#1288,.T.);
#892=FACE_OUTER_BOUND('',#1289,.T.);
#893=FACE_OUTER_BOUND('',#1290,.T.);
#894=FACE_OUTER_BOUND('',#1291,.T.);
#895=FACE_OUTER_BOUND('',#1292,.T.);
#896=FACE_OUTER_BOUND('',#1293,.T.);
#897=FACE_OUTER_BOUND('',#1294,.T.);
#898=FACE_OUTER_BOUND('',#1295,.T.);
#899=FACE_OUTER_BOUND('',#1296,.T.);
#900=FACE_OUTER_BOUND('',#1297,.T.);
#901=FACE_OUTER_BOUND('',#1298,.T.);
#902=FACE_OUTER_BOUND('',#1299,.T.);
#903=FACE_OUTER_BOUND('',#1300,.T.);
#904=FACE_OUTER_BOUND('',#1301,.T.);
#905=FACE_OUTER_BOUND('',#1302,.T.);
#906=FACE_OUTER_BOUND('',#1303,.T.);
#907=FACE_OUTER_BOUND('',#1304,.T.);
#908=FACE_OUTER_BOUND('',#1305,.T.);
#909=FACE_OUTER_BOUND('',#1306,.T.);
#910=FACE_OUTER_BOUND('',#1307,.T.);
#911=FACE_OUTER_BOUND('',#1308,.T.);
#912=FACE_OUTER_BOUND('',#1309,.T.);
#913=FACE_OUTER_BOUND('',#1310,.T.);
#914=FACE_OUTER_BOUND('',#1311,.T.);
#915=FACE_OUTER_BOUND('',#1312,.T.);
#916=FACE_OUTER_BOUND('',#1313,.T.);
#917=FACE_OUTER_BOUND('',#1314,.T.);
#918=FACE_OUTER_BOUND('',#1315,.T.);
#919=FACE_OUTER_BOUND('',#1316,.T.);
#920=FACE_OUTER_BOUND('',#1317,.T.);
#921=FACE_OUTER_BOUND('',#1318,.T.);
#922=FACE_OUTER_BOUND('',#1319,.T.);
#923=FACE_OUTER_BOUND('',#1320,.T.);
#924=FACE_OUTER_BOUND('',#1321,.T.);
#925=FACE_OUTER_BOUND('',#1322,.T.);
#926=FACE_OUTER_BOUND('',#1323,.T.);
#927=FACE_OUTER_BOUND('',#1324,.T.);
#928=FACE_OUTER_BOUND('',#1325,.T.);
#929=FACE_OUTER_BOUND('',#1326,.T.);
#930=FACE_OUTER_BOUND('',#1327,.T.);
#931=FACE_OUTER_BOUND('',#1328,.T.);
#932=FACE_OUTER_BOUND('',#1329,.T.);
#933=FACE_OUTER_BOUND('',#1330,.T.);
#934=FACE_OUTER_BOUND('',#1331,.T.);
#935=FACE_OUTER_BOUND('',#1332,.T.);
#936=FACE_OUTER_BOUND('',#1333,.T.);
#937=FACE_OUTER_BOUND('',#1334,.T.);
#938=FACE_OUTER_BOUND('',#1335,.T.);
#939=FACE_OUTER_BOUND('',#1336,.T.);
#940=FACE_OUTER_BOUND('',#1337,.T.);
#941=FACE_OUTER_BOUND('',#1338,.T.);
#942=FACE_OUTER_BOUND('',#1339,.T.);
#943=FACE_OUTER_BOUND('',#1340,.T.);
#944=FACE_OUTER_BOUND('',#1341,.T.);
#945=FACE_OUTER_BOUND('',#1342,.T.);
#946=FACE_OUTER_BOUND('',#1343,.T.);
#947=FACE_OUTER_BOUND('',#1344,.T.);
#948=FACE_OUTER_BOUND('',#1345,.T.);
#949=FACE_OUTER_BOUND('',#1346,.T.);
#950=FACE_OUTER_BOUND('',#1347,.T.);
#951=FACE_OUTER_BOUND('',#1348,.T.);
#952=FACE_OUTER_BOUND('',#1349,.T.);
#953=FACE_OUTER_BOUND('',#1350,.T.);
#954=FACE_OUTER_BOUND('',#1351,.T.);
#955=FACE_OUTER_BOUND('',#1352,.T.);
#956=FACE_OUTER_BOUND('',#1353,.T.);
#957=FACE_OUTER_BOUND('',#1354,.T.);
#958=FACE_OUTER_BOUND('',#1355,.T.);
#959=FACE_OUTER_BOUND('',#1356,.T.);
#960=FACE_OUTER_BOUND('',#1357,.T.);
#961=FACE_OUTER_BOUND('',#1358,.T.);
#962=FACE_OUTER_BOUND('',#1359,.T.);
#963=FACE_OUTER_BOUND('',#1360,.T.);
#964=FACE_OUTER_BOUND('',#1361,.T.);
#965=FACE_OUTER_BOUND('',#1362,.T.);
#966=FACE_OUTER_BOUND('',#1363,.T.);
#967=FACE_OUTER_BOUND('',#1364,.T.);
#968=FACE_OUTER_BOUND('',#1365,.T.);
#969=FACE_OUTER_BOUND('',#1366,.T.);
#970=FACE_OUTER_BOUND('',#1367,.T.);
#971=FACE_OUTER_BOUND('',#1368,.T.);
#972=FACE_OUTER_BOUND('',#1369,.T.);
#973=FACE_OUTER_BOUND('',#1370,.T.);
#974=FACE_OUTER_BOUND('',#1371,.T.);
#975=FACE_OUTER_BOUND('',#1372,.T.);
#976=FACE_OUTER_BOUND('',#1373,.T.);
#977=FACE_OUTER_BOUND('',#1374,.T.);
#978=FACE_OUTER_BOUND('',#1375,.T.);
#979=FACE_OUTER_BOUND('',#1376,.T.);
#980=FACE_OUTER_BOUND('',#1377,.T.);
#981=FACE_OUTER_BOUND('',#1378,.T.);
#982=FACE_OUTER_BOUND('',#1379,.T.);
#983=FACE_OUTER_BOUND('',#1380,.T.);
#984=FACE_OUTER_BOUND('',#1381,.T.);
#985=FACE_OUTER_BOUND('',#1382,.T.);
#986=FACE_OUTER_BOUND('',#1383,.T.);
#987=FACE_OUTER_BOUND('',#1384,.T.);
#988=FACE_OUTER_BOUND('',#1385,.T.);
#989=FACE_OUTER_BOUND('',#1386,.T.);
#990=FACE_OUTER_BOUND('',#1387,.T.);
#991=FACE_OUTER_BOUND('',#1388,.T.);
#992=FACE_OUTER_BOUND('',#1389,.T.);
#993=FACE_OUTER_BOUND('',#1390,.T.);
#994=FACE_OUTER_BOUND('',#1391,.T.);
#995=FACE_OUTER_BOUND('',#1392,.T.);
#996=FACE_OUTER_BOUND('',#1393,.T.);
#997=FACE_OUTER_BOUND('',#1394,.T.);
#998=FACE_OUTER_BOUND('',#1395,.T.);
#999=FACE_OUTER_BOUND('',#1396,.T.);
#1000=FACE_OUTER_BOUND('',#1397,.T.);
#1001=FACE_OUTER_BOUND('',#1398,.T.);
#1002=FACE_OUTER_BOUND('',#1399,.T.);
#1003=FACE_OUTER_BOUND('',#1400,.T.);
#1004=FACE_OUTER_BOUND('',#1401,.T.);
#1005=FACE_OUTER_BOUND('',#1402,.T.);
#1006=FACE_OUTER_BOUND('',#1403,.T.);
#1007=FACE_OUTER_BOUND('',#1404,.T.);
#1008=FACE_OUTER_BOUND('',#1405,.T.);
#1009=FACE_OUTER_BOUND('',#1406,.T.);
#1010=FACE_OUTER_BOUND('',#1407,.T.);
#1011=FACE_OUTER_BOUND('',#1408,.T.);
#1012=FACE_OUTER_BOUND('',#1409,.T.);
#1013=FACE_OUTER_BOUND('',#1410,.T.);
#1014=FACE_OUTER_BOUND('',#1411,.T.);
#1015=FACE_OUTER_BOUND('',#1412,.T.);
#1016=FACE_OUTER_BOUND('',#1413,.T.);
#1017=FACE_OUTER_BOUND('',#1414,.T.);
#1018=FACE_OUTER_BOUND('',#1415,.T.);
#1019=FACE_OUTER_BOUND('',#1416,.T.);
#1020=FACE_OUTER_BOUND('',#1417,.T.);
#1021=FACE_OUTER_BOUND('',#1418,.T.);
#1022=FACE_OUTER_BOUND('',#1419,.T.);
#1023=FACE_OUTER_BOUND('',#1420,.T.);
#1024=FACE_OUTER_BOUND('',#1421,.T.);
#1025=FACE_OUTER_BOUND('',#1422,.T.);
#1026=FACE_OUTER_BOUND('',#1423,.T.);
#1027=FACE_OUTER_BOUND('',#1424,.T.);
#1028=FACE_OUTER_BOUND('',#1425,.T.);
#1029=FACE_OUTER_BOUND('',#1426,.T.);
#1030=FACE_OUTER_BOUND('',#1427,.T.);
#1031=FACE_OUTER_BOUND('',#1428,.T.);
#1032=FACE_OUTER_BOUND('',#1429,.T.);
#1033=FACE_OUTER_BOUND('',#1430,.T.);
#1034=FACE_OUTER_BOUND('',#1431,.T.);
#1035=FACE_OUTER_BOUND('',#1432,.T.);
#1036=FACE_OUTER_BOUND('',#1437,.T.);
#1037=FACE_OUTER_BOUND('',#1438,.T.);
#1038=FACE_OUTER_BOUND('',#1439,.T.);
#1039=FACE_OUTER_BOUND('',#1440,.T.);
#1040=FACE_OUTER_BOUND('',#1441,.T.);
#1041=FACE_OUTER_BOUND('',#1442,.T.);
#1042=FACE_OUTER_BOUND('',#1443,.T.);
#1043=FACE_OUTER_BOUND('',#1444,.T.);
#1044=FACE_OUTER_BOUND('',#1445,.T.);
#1045=FACE_OUTER_BOUND('',#1446,.T.);
#1046=FACE_OUTER_BOUND('',#1447,.T.);
#1047=FACE_OUTER_BOUND('',#1448,.T.);
#1048=FACE_OUTER_BOUND('',#1449,.T.);
#1049=FACE_OUTER_BOUND('',#1450,.T.);
#1050=FACE_OUTER_BOUND('',#1451,.T.);
#1051=FACE_OUTER_BOUND('',#1452,.T.);
#1052=FACE_OUTER_BOUND('',#1453,.T.);
#1053=FACE_OUTER_BOUND('',#1454,.T.);
#1054=FACE_OUTER_BOUND('',#1455,.T.);
#1055=FACE_OUTER_BOUND('',#1456,.T.);
#1056=FACE_OUTER_BOUND('',#1457,.T.);
#1057=FACE_OUTER_BOUND('',#1458,.T.);
#1058=FACE_OUTER_BOUND('',#1459,.T.);
#1059=FACE_OUTER_BOUND('',#1460,.T.);
#1060=FACE_OUTER_BOUND('',#1461,.T.);
#1061=FACE_OUTER_BOUND('',#1462,.T.);
#1062=FACE_OUTER_BOUND('',#1463,.T.);
#1063=FACE_OUTER_BOUND('',#1464,.T.);
#1064=FACE_OUTER_BOUND('',#1465,.T.);
#1065=FACE_OUTER_BOUND('',#1466,.T.);
#1066=FACE_OUTER_BOUND('',#1467,.T.);
#1067=FACE_OUTER_BOUND('',#1484,.T.);
#1068=FACE_OUTER_BOUND('',#1485,.T.);
#1069=FACE_OUTER_BOUND('',#1486,.T.);
#1070=FACE_OUTER_BOUND('',#1487,.T.);
#1071=FACE_OUTER_BOUND('',#1488,.T.);
#1072=EDGE_LOOP('',(#4434,#4435,#4436,#4437));
#1073=EDGE_LOOP('',(#4438,#4439,#4440,#4441));
#1074=EDGE_LOOP('',(#4442,#4443,#4444,#4445));
#1075=EDGE_LOOP('',(#4446,#4447,#4448,#4449));
#1076=EDGE_LOOP('',(#4450,#4451,#4452,#4453));
#1077=EDGE_LOOP('',(#4454,#4455,#4456,#4457));
#1078=EDGE_LOOP('',(#4458,#4459,#4460,#4461));
#1079=EDGE_LOOP('',(#4462,#4463,#4464,#4465));
#1080=EDGE_LOOP('',(#4466,#4467,#4468,#4469));
#1081=EDGE_LOOP('',(#4470,#4471,#4472,#4473));
#1082=EDGE_LOOP('',(#4474,#4475,#4476,#4477));
#1083=EDGE_LOOP('',(#4478,#4479,#4480,#4481));
#1084=EDGE_LOOP('',(#4482,#4483,#4484,#4485));
#1085=EDGE_LOOP('',(#4486,#4487,#4488,#4489));
#1086=EDGE_LOOP('',(#4490,#4491,#4492,#4493));
#1087=EDGE_LOOP('',(#4494,#4495,#4496,#4497));
#1088=EDGE_LOOP('',(#4498,#4499,#4500,#4501));
#1089=EDGE_LOOP('',(#4502,#4503,#4504,#4505));
#1090=EDGE_LOOP('',(#4506,#4507,#4508,#4509));
#1091=EDGE_LOOP('',(#4510,#4511,#4512,#4513));
#1092=EDGE_LOOP('',(#4514,#4515,#4516,#4517));
#1093=EDGE_LOOP('',(#4518,#4519,#4520,#4521));
#1094=EDGE_LOOP('',(#4522,#4523,#4524,#4525));
#1095=EDGE_LOOP('',(#4526,#4527,#4528,#4529));
#1096=EDGE_LOOP('',(#4530,#4531,#4532,#4533));
#1097=EDGE_LOOP('',(#4534,#4535,#4536,#4537));
#1098=EDGE_LOOP('',(#4538,#4539,#4540,#4541));
#1099=EDGE_LOOP('',(#4542,#4543,#4544,#4545));
#1100=EDGE_LOOP('',(#4546,#4547,#4548,#4549));
#1101=EDGE_LOOP('',(#4550,#4551,#4552,#4553));
#1102=EDGE_LOOP('',(#4554,#4555,#4556,#4557));
#1103=EDGE_LOOP('',(#4558,#4559,#4560,#4561));
#1104=EDGE_LOOP('',(#4562,#4563,#4564,#4565));
#1105=EDGE_LOOP('',(#4566,#4567,#4568,#4569));
#1106=EDGE_LOOP('',(#4570,#4571,#4572,#4573,#4574));
#1107=EDGE_LOOP('',(#4575,#4576,#4577,#4578));
#1108=EDGE_LOOP('',(#4579,#4580,#4581,#4582));
#1109=EDGE_LOOP('',(#4583,#4584,#4585,#4586));
#1110=EDGE_LOOP('',(#4587,#4588,#4589,#4590));
#1111=EDGE_LOOP('',(#4591,#4592,#4593,#4594));
#1112=EDGE_LOOP('',(#4595,#4596,#4597,#4598));
#1113=EDGE_LOOP('',(#4599,#4600,#4601,#4602));
#1114=EDGE_LOOP('',(#4603,#4604,#4605,#4606));
#1115=EDGE_LOOP('',(#4607,#4608,#4609,#4610));
#1116=EDGE_LOOP('',(#4611,#4612,#4613,#4614));
#1117=EDGE_LOOP('',(#4615,#4616,#4617,#4618));
#1118=EDGE_LOOP('',(#4619,#4620,#4621,#4622));
#1119=EDGE_LOOP('',(#4623,#4624,#4625,#4626));
#1120=EDGE_LOOP('',(#4627,#4628,#4629,#4630,#4631,#4632));
#1121=EDGE_LOOP('',(#4633,#4634,#4635,#4636));
#1122=EDGE_LOOP('',(#4637,#4638,#4639,#4640));
#1123=EDGE_LOOP('',(#4641,#4642,#4643,#4644));
#1124=EDGE_LOOP('',(#4645,#4646,#4647,#4648));
#1125=EDGE_LOOP('',(#4649,#4650,#4651,#4652));
#1126=EDGE_LOOP('',(#4653,#4654,#4655,#4656));
#1127=EDGE_LOOP('',(#4657,#4658,#4659,#4660));
#1128=EDGE_LOOP('',(#4661,#4662,#4663,#4664));
#1129=EDGE_LOOP('',(#4665,#4666,#4667,#4668));
#1130=EDGE_LOOP('',(#4669,#4670,#4671,#4672));
#1131=EDGE_LOOP('',(#4673,#4674,#4675,#4676));
#1132=EDGE_LOOP('',(#4677,#4678,#4679,#4680,#4681,#4682));
#1133=EDGE_LOOP('',(#4683,#4684,#4685,#4686));
#1134=EDGE_LOOP('',(#4687,#4688,#4689,#4690,#4691,#4692));
#1135=EDGE_LOOP('',(#4693,#4694,#4695,#4696,#4697));
#1136=EDGE_LOOP('',(#4698,#4699,#4700,#4701));
#1137=EDGE_LOOP('',(#4702));
#1138=EDGE_LOOP('',(#4703,#4704,#4705,#4706));
#1139=EDGE_LOOP('',(#4707));
#1140=EDGE_LOOP('',(#4708,#4709,#4710,#4711));
#1141=EDGE_LOOP('',(#4712));
#1142=EDGE_LOOP('',(#4713,#4714,#4715,#4716));
#1143=EDGE_LOOP('',(#4717));
#1144=EDGE_LOOP('',(#4718,#4719,#4720,#4721));
#1145=EDGE_LOOP('',(#4722));
#1146=EDGE_LOOP('',(#4723,#4724,#4725,#4726));
#1147=EDGE_LOOP('',(#4727));
#1148=EDGE_LOOP('',(#4728,#4729,#4730,#4731));
#1149=EDGE_LOOP('',(#4732,#4733,#4734,#4735,#4736,#4737,#4738));
#1150=EDGE_LOOP('',(#4739,#4740,#4741,#4742));
#1151=EDGE_LOOP('',(#4743,#4744,#4745,#4746));
#1152=EDGE_LOOP('',(#4747,#4748,#4749,#4750));
#1153=EDGE_LOOP('',(#4751,#4752,#4753,#4754));
#1154=EDGE_LOOP('',(#4755,#4756,#4757,#4758));
#1155=EDGE_LOOP('',(#4759,#4760,#4761,#4762));
#1156=EDGE_LOOP('',(#4763,#4764,#4765,#4766));
#1157=EDGE_LOOP('',(#4767,#4768,#4769,#4770));
#1158=EDGE_LOOP('',(#4771,#4772,#4773,#4774));
#1159=EDGE_LOOP('',(#4775,#4776,#4777,#4778));
#1160=EDGE_LOOP('',(#4779,#4780,#4781,#4782));
#1161=EDGE_LOOP('',(#4783,#4784,#4785,#4786));
#1162=EDGE_LOOP('',(#4787,#4788,#4789,#4790));
#1163=EDGE_LOOP('',(#4791,#4792,#4793,#4794));
#1164=EDGE_LOOP('',(#4795,#4796,#4797,#4798));
#1165=EDGE_LOOP('',(#4799,#4800,#4801,#4802));
#1166=EDGE_LOOP('',(#4803,#4804,#4805,#4806));
#1167=EDGE_LOOP('',(#4807,#4808,#4809,#4810));
#1168=EDGE_LOOP('',(#4811,#4812,#4813,#4814));
#1169=EDGE_LOOP('',(#4815,#4816,#4817,#4818));
#1170=EDGE_LOOP('',(#4819,#4820,#4821,#4822));
#1171=EDGE_LOOP('',(#4823,#4824,#4825,#4826));
#1172=EDGE_LOOP('',(#4827,#4828,#4829,#4830));
#1173=EDGE_LOOP('',(#4831,#4832,#4833,#4834));
#1174=EDGE_LOOP('',(#4835,#4836,#4837,#4838));
#1175=EDGE_LOOP('',(#4839,#4840,#4841,#4842));
#1176=EDGE_LOOP('',(#4843,#4844,#4845,#4846));
#1177=EDGE_LOOP('',(#4847,#4848,#4849,#4850));
#1178=EDGE_LOOP('',(#4851,#4852,#4853,#4854));
#1179=EDGE_LOOP('',(#4855,#4856,#4857,#4858));
#1180=EDGE_LOOP('',(#4859,#4860,#4861,#4862));
#1181=EDGE_LOOP('',(#4863,#4864,#4865,#4866));
#1182=EDGE_LOOP('',(#4867,#4868,#4869,#4870));
#1183=EDGE_LOOP('',(#4871,#4872,#4873,#4874));
#1184=EDGE_LOOP('',(#4875,#4876,#4877,#4878));
#1185=EDGE_LOOP('',(#4879,#4880,#4881,#4882));
#1186=EDGE_LOOP('',(#4883,#4884,#4885,#4886));
#1187=EDGE_LOOP('',(#4887,#4888,#4889,#4890));
#1188=EDGE_LOOP('',(#4891,#4892,#4893,#4894));
#1189=EDGE_LOOP('',(#4895,#4896,#4897,#4898));
#1190=EDGE_LOOP('',(#4899,#4900,#4901,#4902));
#1191=EDGE_LOOP('',(#4903,#4904,#4905,#4906));
#1192=EDGE_LOOP('',(#4907,#4908,#4909,#4910));
#1193=EDGE_LOOP('',(#4911,#4912,#4913,#4914));
#1194=EDGE_LOOP('',(#4915,#4916,#4917,#4918));
#1195=EDGE_LOOP('',(#4919,#4920,#4921,#4922));
#1196=EDGE_LOOP('',(#4923,#4924,#4925,#4926));
#1197=EDGE_LOOP('',(#4927,#4928,#4929,#4930));
#1198=EDGE_LOOP('',(#4931,#4932,#4933,#4934));
#1199=EDGE_LOOP('',(#4935,#4936,#4937,#4938));
#1200=EDGE_LOOP('',(#4939,#4940,#4941,#4942));
#1201=EDGE_LOOP('',(#4943,#4944,#4945,#4946));
#1202=EDGE_LOOP('',(#4947,#4948,#4949,#4950));
#1203=EDGE_LOOP('',(#4951,#4952,#4953,#4954));
#1204=EDGE_LOOP('',(#4955,#4956,#4957,#4958));
#1205=EDGE_LOOP('',(#4959,#4960,#4961,#4962));
#1206=EDGE_LOOP('',(#4963,#4964,#4965,#4966));
#1207=EDGE_LOOP('',(#4967,#4968,#4969,#4970));
#1208=EDGE_LOOP('',(#4971,#4972,#4973,#4974));
#1209=EDGE_LOOP('',(#4975,#4976,#4977,#4978,#4979));
#1210=EDGE_LOOP('',(#4980,#4981,#4982,#4983));
#1211=EDGE_LOOP('',(#4984,#4985,#4986,#4987));
#1212=EDGE_LOOP('',(#4988,#4989,#4990,#4991));
#1213=EDGE_LOOP('',(#4992,#4993,#4994,#4995,#4996,#4997));
#1214=EDGE_LOOP('',(#4998,#4999,#5000,#5001));
#1215=EDGE_LOOP('',(#5002,#5003,#5004,#5005));
#1216=EDGE_LOOP('',(#5006,#5007,#5008,#5009));
#1217=EDGE_LOOP('',(#5010,#5011,#5012,#5013));
#1218=EDGE_LOOP('',(#5014,#5015,#5016,#5017));
#1219=EDGE_LOOP('',(#5018,#5019,#5020,#5021));
#1220=EDGE_LOOP('',(#5022,#5023,#5024,#5025));
#1221=EDGE_LOOP('',(#5026,#5027,#5028,#5029));
#1222=EDGE_LOOP('',(#5030,#5031,#5032,#5033));
#1223=EDGE_LOOP('',(#5034,#5035,#5036,#5037));
#1224=EDGE_LOOP('',(#5038,#5039,#5040,#5041));
#1225=EDGE_LOOP('',(#5042,#5043,#5044,#5045));
#1226=EDGE_LOOP('',(#5046,#5047,#5048,#5049));
#1227=EDGE_LOOP('',(#5050,#5051,#5052,#5053));
#1228=EDGE_LOOP('',(#5054,#5055,#5056,#5057));
#1229=EDGE_LOOP('',(#5058,#5059,#5060,#5061,#5062));
#1230=EDGE_LOOP('',(#5063,#5064,#5065,#5066,#5067));
#1231=EDGE_LOOP('',(#5068,#5069,#5070,#5071,#5072));
#1232=EDGE_LOOP('',(#5073,#5074,#5075,#5076,#5077));
#1233=EDGE_LOOP('',(#5078,#5079,#5080,#5081));
#1234=EDGE_LOOP('',(#5082,#5083,#5084,#5085,#5086,#5087,#5088,#5089,#5090));
#1235=EDGE_LOOP('',(#5091,#5092,#5093,#5094));
#1236=EDGE_LOOP('',(#5095,#5096,#5097,#5098));
#1237=EDGE_LOOP('',(#5099,#5100,#5101,#5102));
#1238=EDGE_LOOP('',(#5103,#5104,#5105,#5106));
#1239=EDGE_LOOP('',(#5107,#5108,#5109,#5110));
#1240=EDGE_LOOP('',(#5111,#5112,#5113,#5114,#5115));
#1241=EDGE_LOOP('',(#5116,#5117,#5118,#5119,#5120,#5121));
#1242=EDGE_LOOP('',(#5122,#5123,#5124,#5125));
#1243=EDGE_LOOP('',(#5126,#5127,#5128,#5129));
#1244=EDGE_LOOP('',(#5130,#5131,#5132,#5133));
#1245=EDGE_LOOP('',(#5134,#5135,#5136,#5137,#5138));
#1246=EDGE_LOOP('',(#5139,#5140,#5141,#5142,#5143));
#1247=EDGE_LOOP('',(#5144,#5145,#5146,#5147,#5148));
#1248=EDGE_LOOP('',(#5149,#5150,#5151));
#1249=EDGE_LOOP('',(#5152,#5153,#5154,#5155));
#1250=EDGE_LOOP('',(#5156,#5157,#5158,#5159));
#1251=EDGE_LOOP('',(#5160,#5161,#5162,#5163));
#1252=EDGE_LOOP('',(#5164,#5165,#5166,#5167,#5168));
#1253=EDGE_LOOP('',(#5169,#5170,#5171,#5172,#5173,#5174));
#1254=EDGE_LOOP('',(#5175,#5176,#5177,#5178));
#1255=EDGE_LOOP('',(#5179,#5180,#5181,#5182,#5183));
#1256=EDGE_LOOP('',(#5184,#5185,#5186,#5187));
#1257=EDGE_LOOP('',(#5188,#5189,#5190));
#1258=EDGE_LOOP('',(#5191,#5192,#5193));
#1259=EDGE_LOOP('',(#5194,#5195,#5196,#5197));
#1260=EDGE_LOOP('',(#5198,#5199,#5200,#5201));
#1261=EDGE_LOOP('',(#5202,#5203,#5204,#5205));
#1262=EDGE_LOOP('',(#5206,#5207,#5208,#5209));
#1263=EDGE_LOOP('',(#5210,#5211,#5212,#5213));
#1264=EDGE_LOOP('',(#5214,#5215,#5216,#5217,#5218,#5219,#5220));
#1265=EDGE_LOOP('',(#5221,#5222,#5223,#5224));
#1266=EDGE_LOOP('',(#5225,#5226,#5227,#5228));
#1267=EDGE_LOOP('',(#5229,#5230,#5231,#5232));
#1268=EDGE_LOOP('',(#5233,#5234,#5235,#5236));
#1269=EDGE_LOOP('',(#5237,#5238,#5239,#5240));
#1270=EDGE_LOOP('',(#5241,#5242,#5243,#5244));
#1271=EDGE_LOOP('',(#5245,#5246,#5247,#5248));
#1272=EDGE_LOOP('',(#5249,#5250,#5251,#5252));
#1273=EDGE_LOOP('',(#5253,#5254,#5255,#5256));
#1274=EDGE_LOOP('',(#5257,#5258,#5259,#5260));
#1275=EDGE_LOOP('',(#5261,#5262,#5263,#5264));
#1276=EDGE_LOOP('',(#5265,#5266,#5267,#5268));
#1277=EDGE_LOOP('',(#5269,#5270,#5271,#5272));
#1278=EDGE_LOOP('',(#5273,#5274,#5275,#5276));
#1279=EDGE_LOOP('',(#5277,#5278,#5279,#5280));
#1280=EDGE_LOOP('',(#5281,#5282,#5283,#5284));
#1281=EDGE_LOOP('',(#5285,#5286,#5287,#5288));
#1282=EDGE_LOOP('',(#5289,#5290,#5291,#5292));
#1283=EDGE_LOOP('',(#5293,#5294,#5295,#5296));
#1284=EDGE_LOOP('',(#5297,#5298,#5299,#5300));
#1285=EDGE_LOOP('',(#5301,#5302,#5303,#5304));
#1286=EDGE_LOOP('',(#5305,#5306,#5307,#5308));
#1287=EDGE_LOOP('',(#5309,#5310,#5311,#5312));
#1288=EDGE_LOOP('',(#5313,#5314,#5315,#5316));
#1289=EDGE_LOOP('',(#5317,#5318,#5319,#5320));
#1290=EDGE_LOOP('',(#5321,#5322,#5323,#5324));
#1291=EDGE_LOOP('',(#5325,#5326,#5327,#5328));
#1292=EDGE_LOOP('',(#5329,#5330,#5331,#5332));
#1293=EDGE_LOOP('',(#5333,#5334,#5335,#5336));
#1294=EDGE_LOOP('',(#5337,#5338,#5339,#5340));
#1295=EDGE_LOOP('',(#5341,#5342,#5343,#5344));
#1296=EDGE_LOOP('',(#5345,#5346,#5347,#5348));
#1297=EDGE_LOOP('',(#5349,#5350,#5351,#5352));
#1298=EDGE_LOOP('',(#5353,#5354,#5355,#5356,#5357,#5358,#5359,#5360,#5361,
#5362,#5363,#5364,#5365,#5366,#5367,#5368,#5369,#5370,#5371,#5372,#5373,
#5374,#5375,#5376,#5377,#5378,#5379,#5380,#5381,#5382,#5383,#5384,#5385,
#5386,#5387,#5388,#5389,#5390,#5391,#5392,#5393,#5394,#5395,#5396,#5397,
#5398,#5399,#5400,#5401,#5402,#5403,#5404,#5405,#5406,#5407,#5408,#5409,
#5410,#5411,#5412,#5413,#5414,#5415,#5416,#5417,#5418,#5419,#5420,#5421,
#5422,#5423,#5424,#5425,#5426,#5427,#5428,#5429,#5430,#5431,#5432,#5433));
#1299=EDGE_LOOP('',(#5434,#5435,#5436,#5437));
#1300=EDGE_LOOP('',(#5438,#5439,#5440,#5441));
#1301=EDGE_LOOP('',(#5442,#5443,#5444,#5445,#5446));
#1302=EDGE_LOOP('',(#5447,#5448,#5449,#5450,#5451,#5452,#5453,#5454,#5455,
#5456));
#1303=EDGE_LOOP('',(#5457,#5458,#5459,#5460));
#1304=EDGE_LOOP('',(#5461,#5462,#5463,#5464));
#1305=EDGE_LOOP('',(#5465,#5466,#5467,#5468));
#1306=EDGE_LOOP('',(#5469,#5470,#5471,#5472));
#1307=EDGE_LOOP('',(#5473,#5474,#5475,#5476));
#1308=EDGE_LOOP('',(#5477,#5478,#5479,#5480));
#1309=EDGE_LOOP('',(#5481,#5482,#5483,#5484));
#1310=EDGE_LOOP('',(#5485,#5486,#5487,#5488));
#1311=EDGE_LOOP('',(#5489,#5490,#5491,#5492));
#1312=EDGE_LOOP('',(#5493,#5494,#5495,#5496));
#1313=EDGE_LOOP('',(#5497,#5498,#5499,#5500));
#1314=EDGE_LOOP('',(#5501,#5502,#5503,#5504));
#1315=EDGE_LOOP('',(#5505,#5506,#5507,#5508));
#1316=EDGE_LOOP('',(#5509,#5510,#5511,#5512,#5513,#5514));
#1317=EDGE_LOOP('',(#5515,#5516,#5517,#5518));
#1318=EDGE_LOOP('',(#5519,#5520,#5521,#5522));
#1319=EDGE_LOOP('',(#5523,#5524,#5525,#5526));
#1320=EDGE_LOOP('',(#5527,#5528,#5529,#5530));
#1321=EDGE_LOOP('',(#5531,#5532,#5533,#5534));
#1322=EDGE_LOOP('',(#5535,#5536,#5537,#5538));
#1323=EDGE_LOOP('',(#5539,#5540,#5541,#5542));
#1324=EDGE_LOOP('',(#5543,#5544,#5545,#5546));
#1325=EDGE_LOOP('',(#5547,#5548,#5549,#5550));
#1326=EDGE_LOOP('',(#5551,#5552,#5553,#5554));
#1327=EDGE_LOOP('',(#5555,#5556,#5557,#5558));
#1328=EDGE_LOOP('',(#5559,#5560,#5561,#5562,#5563,#5564));
#1329=EDGE_LOOP('',(#5565,#5566,#5567,#5568));
#1330=EDGE_LOOP('',(#5569,#5570,#5571,#5572,#5573,#5574));
#1331=EDGE_LOOP('',(#5575,#5576,#5577,#5578,#5579));
#1332=EDGE_LOOP('',(#5580,#5581,#5582,#5583));
#1333=EDGE_LOOP('',(#5584));
#1334=EDGE_LOOP('',(#5585,#5586,#5587,#5588));
#1335=EDGE_LOOP('',(#5589));
#1336=EDGE_LOOP('',(#5590,#5591,#5592,#5593));
#1337=EDGE_LOOP('',(#5594));
#1338=EDGE_LOOP('',(#5595,#5596,#5597,#5598));
#1339=EDGE_LOOP('',(#5599));
#1340=EDGE_LOOP('',(#5600,#5601,#5602,#5603));
#1341=EDGE_LOOP('',(#5604));
#1342=EDGE_LOOP('',(#5605,#5606,#5607,#5608));
#1343=EDGE_LOOP('',(#5609));
#1344=EDGE_LOOP('',(#5610,#5611,#5612,#5613));
#1345=EDGE_LOOP('',(#5614,#5615,#5616,#5617,#5618,#5619,#5620));
#1346=EDGE_LOOP('',(#5621,#5622,#5623,#5624));
#1347=EDGE_LOOP('',(#5625,#5626,#5627,#5628));
#1348=EDGE_LOOP('',(#5629,#5630,#5631,#5632));
#1349=EDGE_LOOP('',(#5633,#5634,#5635,#5636));
#1350=EDGE_LOOP('',(#5637,#5638,#5639,#5640));
#1351=EDGE_LOOP('',(#5641,#5642,#5643,#5644));
#1352=EDGE_LOOP('',(#5645,#5646,#5647,#5648));
#1353=EDGE_LOOP('',(#5649,#5650,#5651,#5652));
#1354=EDGE_LOOP('',(#5653,#5654,#5655,#5656));
#1355=EDGE_LOOP('',(#5657,#5658,#5659,#5660));
#1356=EDGE_LOOP('',(#5661,#5662,#5663,#5664));
#1357=EDGE_LOOP('',(#5665,#5666,#5667,#5668));
#1358=EDGE_LOOP('',(#5669,#5670,#5671,#5672));
#1359=EDGE_LOOP('',(#5673,#5674,#5675,#5676));
#1360=EDGE_LOOP('',(#5677,#5678,#5679,#5680));
#1361=EDGE_LOOP('',(#5681,#5682,#5683,#5684));
#1362=EDGE_LOOP('',(#5685,#5686,#5687,#5688));
#1363=EDGE_LOOP('',(#5689,#5690,#5691,#5692));
#1364=EDGE_LOOP('',(#5693,#5694,#5695,#5696));
#1365=EDGE_LOOP('',(#5697,#5698,#5699,#5700));
#1366=EDGE_LOOP('',(#5701,#5702,#5703,#5704));
#1367=EDGE_LOOP('',(#5705,#5706,#5707,#5708));
#1368=EDGE_LOOP('',(#5709,#5710,#5711,#5712));
#1369=EDGE_LOOP('',(#5713,#5714,#5715,#5716));
#1370=EDGE_LOOP('',(#5717,#5718,#5719,#5720));
#1371=EDGE_LOOP('',(#5721,#5722,#5723,#5724));
#1372=EDGE_LOOP('',(#5725,#5726,#5727,#5728));
#1373=EDGE_LOOP('',(#5729,#5730,#5731,#5732));
#1374=EDGE_LOOP('',(#5733,#5734,#5735,#5736));
#1375=EDGE_LOOP('',(#5737,#5738,#5739,#5740));
#1376=EDGE_LOOP('',(#5741,#5742,#5743,#5744));
#1377=EDGE_LOOP('',(#5745,#5746,#5747,#5748));
#1378=EDGE_LOOP('',(#5749,#5750,#5751,#5752));
#1379=EDGE_LOOP('',(#5753,#5754,#5755,#5756));
#1380=EDGE_LOOP('',(#5757,#5758,#5759,#5760));
#1381=EDGE_LOOP('',(#5761,#5762,#5763,#5764));
#1382=EDGE_LOOP('',(#5765,#5766,#5767,#5768));
#1383=EDGE_LOOP('',(#5769,#5770,#5771,#5772));
#1384=EDGE_LOOP('',(#5773,#5774,#5775,#5776));
#1385=EDGE_LOOP('',(#5777,#5778,#5779,#5780));
#1386=EDGE_LOOP('',(#5781,#5782,#5783,#5784));
#1387=EDGE_LOOP('',(#5785,#5786,#5787,#5788));
#1388=EDGE_LOOP('',(#5789,#5790,#5791,#5792));
#1389=EDGE_LOOP('',(#5793,#5794,#5795,#5796));
#1390=EDGE_LOOP('',(#5797,#5798,#5799,#5800));
#1391=EDGE_LOOP('',(#5801,#5802,#5803,#5804));
#1392=EDGE_LOOP('',(#5805,#5806,#5807,#5808));
#1393=EDGE_LOOP('',(#5809,#5810,#5811,#5812));
#1394=EDGE_LOOP('',(#5813,#5814,#5815,#5816));
#1395=EDGE_LOOP('',(#5817,#5818,#5819,#5820));
#1396=EDGE_LOOP('',(#5821,#5822,#5823,#5824));
#1397=EDGE_LOOP('',(#5825,#5826,#5827,#5828));
#1398=EDGE_LOOP('',(#5829,#5830,#5831,#5832));
#1399=EDGE_LOOP('',(#5833,#5834,#5835,#5836));
#1400=EDGE_LOOP('',(#5837,#5838,#5839,#5840));
#1401=EDGE_LOOP('',(#5841,#5842,#5843,#5844));
#1402=EDGE_LOOP('',(#5845,#5846,#5847,#5848));
#1403=EDGE_LOOP('',(#5849,#5850,#5851,#5852));
#1404=EDGE_LOOP('',(#5853,#5854,#5855,#5856));
#1405=EDGE_LOOP('',(#5857,#5858,#5859,#5860,#5861));
#1406=EDGE_LOOP('',(#5862,#5863,#5864,#5865));
#1407=EDGE_LOOP('',(#5866,#5867,#5868,#5869));
#1408=EDGE_LOOP('',(#5870,#5871,#5872,#5873));
#1409=EDGE_LOOP('',(#5874,#5875,#5876,#5877,#5878,#5879));
#1410=EDGE_LOOP('',(#5880,#5881,#5882,#5883));
#1411=EDGE_LOOP('',(#5884,#5885,#5886,#5887));
#1412=EDGE_LOOP('',(#5888,#5889,#5890,#5891));
#1413=EDGE_LOOP('',(#5892,#5893,#5894,#5895));
#1414=EDGE_LOOP('',(#5896,#5897,#5898,#5899));
#1415=EDGE_LOOP('',(#5900,#5901,#5902,#5903));
#1416=EDGE_LOOP('',(#5904,#5905,#5906,#5907));
#1417=EDGE_LOOP('',(#5908,#5909,#5910,#5911));
#1418=EDGE_LOOP('',(#5912,#5913,#5914,#5915));
#1419=EDGE_LOOP('',(#5916,#5917,#5918,#5919));
#1420=EDGE_LOOP('',(#5920,#5921,#5922,#5923));
#1421=EDGE_LOOP('',(#5924,#5925,#5926,#5927));
#1422=EDGE_LOOP('',(#5928,#5929,#5930,#5931));
#1423=EDGE_LOOP('',(#5932,#5933,#5934,#5935));
#1424=EDGE_LOOP('',(#5936,#5937,#5938,#5939));
#1425=EDGE_LOOP('',(#5940,#5941,#5942,#5943,#5944));
#1426=EDGE_LOOP('',(#5945,#5946,#5947,#5948,#5949));
#1427=EDGE_LOOP('',(#5950,#5951,#5952,#5953,#5954));
#1428=EDGE_LOOP('',(#5955,#5956,#5957,#5958,#5959));
#1429=EDGE_LOOP('',(#5960,#5961,#5962,#5963));
#1430=EDGE_LOOP('',(#5964,#5965,#5966,#5967));
#1431=EDGE_LOOP('',(#5968,#5969,#5970,#5971,#5972,#5973,#5974,#5975,#5976));
#1432=EDGE_LOOP('',(#5977,#5978,#5979,#5980,#5981,#5982,#5983,#5984,#5985,
#5986,#5987,#5988,#5989,#5990,#5991,#5992,#5993,#5994,#5995,#5996,#5997,
#5998,#5999,#6000,#6001,#6002,#6003,#6004,#6005,#6006,#6007,#6008,#6009,
#6010,#6011,#6012,#6013,#6014,#6015,#6016));
#1433=EDGE_LOOP('',(#6017,#6018,#6019,#6020,#6021,#6022,#6023,#6024));
#1434=EDGE_LOOP('',(#6025,#6026,#6027,#6028,#6029,#6030,#6031,#6032,#6033,
#6034,#6035,#6036,#6037,#6038,#6039,#6040,#6041,#6042,#6043,#6044,#6045,
#6046,#6047,#6048,#6049,#6050,#6051,#6052,#6053,#6054,#6055,#6056,#6057,
#6058,#6059,#6060,#6061,#6062,#6063,#6064,#6065));
#1435=EDGE_LOOP('',(#6066,#6067,#6068,#6069,#6070,#6071,#6072,#6073,#6074,
#6075,#6076,#6077,#6078,#6079,#6080,#6081,#6082,#6083,#6084,#6085,#6086,
#6087,#6088,#6089,#6090,#6091,#6092,#6093,#6094,#6095,#6096,#6097,#6098,
#6099,#6100,#6101,#6102,#6103,#6104,#6105,#6106));
#1436=EDGE_LOOP('',(#6107,#6108,#6109,#6110,#6111,#6112,#6113,#6114));
#1437=EDGE_LOOP('',(#6115,#6116,#6117,#6118));
#1438=EDGE_LOOP('',(#6119,#6120,#6121,#6122));
#1439=EDGE_LOOP('',(#6123,#6124,#6125,#6126));
#1440=EDGE_LOOP('',(#6127,#6128,#6129,#6130));
#1441=EDGE_LOOP('',(#6131,#6132,#6133,#6134));
#1442=EDGE_LOOP('',(#6135,#6136,#6137,#6138));
#1443=EDGE_LOOP('',(#6139,#6140,#6141,#6142,#6143));
#1444=EDGE_LOOP('',(#6144,#6145,#6146,#6147,#6148,#6149));
#1445=EDGE_LOOP('',(#6150,#6151,#6152,#6153));
#1446=EDGE_LOOP('',(#6154,#6155,#6156,#6157));
#1447=EDGE_LOOP('',(#6158,#6159,#6160,#6161));
#1448=EDGE_LOOP('',(#6162,#6163,#6164,#6165,#6166));
#1449=EDGE_LOOP('',(#6167,#6168,#6169,#6170,#6171));
#1450=EDGE_LOOP('',(#6172,#6173,#6174,#6175,#6176));
#1451=EDGE_LOOP('',(#6177,#6178,#6179));
#1452=EDGE_LOOP('',(#6180,#6181,#6182,#6183));
#1453=EDGE_LOOP('',(#6184,#6185,#6186,#6187));
#1454=EDGE_LOOP('',(#6188,#6189,#6190,#6191));
#1455=EDGE_LOOP('',(#6192,#6193,#6194,#6195,#6196));
#1456=EDGE_LOOP('',(#6197,#6198,#6199,#6200,#6201,#6202));
#1457=EDGE_LOOP('',(#6203,#6204,#6205,#6206));
#1458=EDGE_LOOP('',(#6207,#6208,#6209,#6210,#6211));
#1459=EDGE_LOOP('',(#6212,#6213,#6214,#6215));
#1460=EDGE_LOOP('',(#6216,#6217,#6218,#6219));
#1461=EDGE_LOOP('',(#6220,#6221,#6222));
#1462=EDGE_LOOP('',(#6223,#6224,#6225));
#1463=EDGE_LOOP('',(#6226,#6227,#6228,#6229));
#1464=EDGE_LOOP('',(#6230,#6231,#6232,#6233));
#1465=EDGE_LOOP('',(#6234,#6235,#6236,#6237));
#1466=EDGE_LOOP('',(#6238,#6239,#6240,#6241));
#1467=EDGE_LOOP('',(#6242,#6243,#6244,#6245,#6246,#6247,#6248,#6249,#6250,
#6251,#6252,#6253,#6254,#6255,#6256,#6257,#6258,#6259,#6260,#6261,#6262,
#6263,#6264,#6265,#6266,#6267,#6268,#6269,#6270,#6271,#6272,#6273,#6274,
#6275,#6276,#6277,#6278,#6279,#6280,#6281,#6282,#6283,#6284,#6285,#6286,
#6287,#6288,#6289,#6290,#6291,#6292,#6293,#6294,#6295,#6296,#6297,#6298,
#6299,#6300,#6301,#6302,#6303,#6304,#6305,#6306,#6307,#6308,#6309,#6310,
#6311,#6312,#6313,#6314,#6315,#6316,#6317,#6318,#6319,#6320,#6321,#6322,
#6323,#6324,#6325,#6326,#6327,#6328,#6329,#6330,#6331,#6332,#6333,#6334,
#6335,#6336,#6337,#6338,#6339,#6340,#6341,#6342,#6343,#6344,#6345,#6346,
#6347,#6348,#6349,#6350,#6351,#6352,#6353,#6354,#6355,#6356,#6357,#6358,
#6359,#6360,#6361,#6362,#6363,#6364,#6365,#6366,#6367,#6368,#6369,#6370,
#6371,#6372,#6373,#6374,#6375,#6376,#6377,#6378,#6379,#6380,#6381,#6382,
#6383,#6384,#6385,#6386,#6387,#6388,#6389,#6390,#6391,#6392,#6393,#6394,
#6395,#6396,#6397,#6398,#6399,#6400,#6401,#6402,#6403,#6404,#6405));
#1468=EDGE_LOOP('',(#6406));
#1469=EDGE_LOOP('',(#6407));
#1470=EDGE_LOOP('',(#6408));
#1471=EDGE_LOOP('',(#6409));
#1472=EDGE_LOOP('',(#6410));
#1473=EDGE_LOOP('',(#6411));
#1474=EDGE_LOOP('',(#6412,#6413,#6414,#6415,#6416,#6417,#6418,#6419));
#1475=EDGE_LOOP('',(#6420,#6421,#6422,#6423,#6424,#6425,#6426,#6427,#6428,
#6429,#6430,#6431));
#1476=EDGE_LOOP('',(#6432,#6433,#6434,#6435,#6436,#6437,#6438,#6439,#6440,
#6441,#6442,#6443));
#1477=EDGE_LOOP('',(#6444,#6445,#6446,#6447,#6448,#6449,#6450,#6451));
#1478=EDGE_LOOP('',(#6452));
#1479=EDGE_LOOP('',(#6453));
#1480=EDGE_LOOP('',(#6454));
#1481=EDGE_LOOP('',(#6455));
#1482=EDGE_LOOP('',(#6456));
#1483=EDGE_LOOP('',(#6457));
#1484=EDGE_LOOP('',(#6458,#6459,#6460,#6461));
#1485=EDGE_LOOP('',(#6462,#6463,#6464,#6465,#6466,#6467,#6468,#6469,#6470,
#6471,#6472,#6473,#6474,#6475,#6476,#6477,#6478,#6479,#6480,#6481,#6482,
#6483,#6484,#6485,#6486,#6487,#6488,#6489,#6490,#6491,#6492,#6493));
#1486=EDGE_LOOP('',(#6494,#6495,#6496,#6497,#6498,#6499,#6500));
#1487=EDGE_LOOP('',(#6501,#6502,#6503,#6504,#6505));
#1488=EDGE_LOOP('',(#6506,#6507,#6508,#6509));
#1489=LINE('',#9921,#2117);
#1490=LINE('',#9923,#2118);
#1491=LINE('',#9925,#2119);
#1492=LINE('',#9926,#2120);
#1493=LINE('',#9930,#2121);
#1494=LINE('',#9932,#2122);
#1495=LINE('',#9934,#2123);
#1496=LINE('',#9935,#2124);
#1497=LINE('',#9938,#2125);
#1498=LINE('',#9940,#2126);
#1499=LINE('',#9941,#2127);
#1500=LINE('',#9944,#2128);
#1501=LINE('',#9946,#2129);
#1502=LINE('',#9947,#2130);
#1503=LINE('',#9950,#2131);
#1504=LINE('',#9952,#2132);
#1505=LINE('',#9953,#2133);
#1506=LINE('',#9958,#2134);
#1507=LINE('',#9962,#2135);
#1508=LINE('',#9964,#2136);
#1509=LINE('',#9965,#2137);
#1510=LINE('',#9970,#2138);
#1511=LINE('',#9974,#2139);
#1512=LINE('',#9976,#2140);
#1513=LINE('',#9977,#2141);
#1514=LINE('',#9982,#2142);
#1515=LINE('',#9986,#2143);
#1516=LINE('',#9988,#2144);
#1517=LINE('',#9989,#2145);
#1518=LINE('',#9994,#2146);
#1519=LINE('',#9998,#2147);
#1520=LINE('',#10000,#2148);
#1521=LINE('',#10001,#2149);
#1522=LINE('',#10006,#2150);
#1523=LINE('',#10010,#2151);
#1524=LINE('',#10012,#2152);
#1525=LINE('',#10013,#2153);
#1526=LINE('',#10018,#2154);
#1527=LINE('',#10022,#2155);
#1528=LINE('',#10024,#2156);
#1529=LINE('',#10025,#2157);
#1530=LINE('',#10030,#2158);
#1531=LINE('',#10034,#2159);
#1532=LINE('',#10036,#2160);
#1533=LINE('',#10037,#2161);
#1534=LINE('',#10040,#2162);
#1535=LINE('',#10042,#2163);
#1536=LINE('',#10043,#2164);
#1537=LINE('',#10046,#2165);
#1538=LINE('',#10048,#2166);
#1539=LINE('',#10049,#2167);
#1540=LINE('',#10054,#2168);
#1541=LINE('',#10059,#2169);
#1542=LINE('',#10061,#2170);
#1543=LINE('',#10063,#2171);
#1544=LINE('',#10064,#2172);
#1545=LINE('',#10069,#2173);
#1546=LINE('',#10074,#2174);
#1547=LINE('',#10078,#2175);
#1548=LINE('',#10083,#2176);
#1549=LINE('',#10084,#2177);
#1550=LINE('',#10085,#2178);
#1551=LINE('',#10090,#2179);
#1552=LINE('',#10095,#2180);
#1553=LINE('',#10096,#2181);
#1554=LINE('',#10097,#2182);
#1555=LINE('',#10102,#2183);
#1556=LINE('',#10107,#2184);
#1557=LINE('',#10108,#2185);
#1558=LINE('',#10109,#2186);
#1559=LINE('',#10114,#2187);
#1560=LINE('',#10119,#2188);
#1561=LINE('',#10120,#2189);
#1562=LINE('',#10121,#2190);
#1563=LINE('',#10124,#2191);
#1564=LINE('',#10126,#2192);
#1565=LINE('',#10127,#2193);
#1566=LINE('',#10132,#2194);
#1567=LINE('',#10137,#2195);
#1568=LINE('',#10139,#2196);
#1569=LINE('',#10140,#2197);
#1570=LINE('',#10141,#2198);
#1571=LINE('',#10146,#2199);
#1572=LINE('',#10147,#2200);
#1573=LINE('',#10150,#2201);
#1574=LINE('',#10151,#2202);
#1575=LINE('',#10155,#2203);
#1576=LINE('',#10158,#2204);
#1577=LINE('',#10159,#2205);
#1578=LINE('',#10165,#2206);
#1579=LINE('',#10168,#2207);
#1580=LINE('',#10170,#2208);
#1581=LINE('',#10171,#2209);
#1582=LINE('',#10177,#2210);
#1583=LINE('',#10180,#2211);
#1584=LINE('',#10182,#2212);
#1585=LINE('',#10183,#2213);
#1586=LINE('',#10189,#2214);
#1587=LINE('',#10193,#2215);
#1588=LINE('',#10195,#2216);
#1589=LINE('',#10197,#2217);
#1590=LINE('',#10198,#2218);
#1591=LINE('',#10204,#2219);
#1592=LINE('',#10207,#2220);
#1593=LINE('',#10209,#2221);
#1594=LINE('',#10210,#2222);
#1595=LINE('',#10216,#2223);
#1596=LINE('',#10219,#2224);
#1597=LINE('',#10221,#2225);
#1598=LINE('',#10223,#2226);
#1599=LINE('',#10225,#2227);
#1600=LINE('',#10226,#2228);
#1601=LINE('',#10232,#2229);
#1602=LINE('',#10235,#2230);
#1603=LINE('',#10237,#2231);
#1604=LINE('',#10238,#2232);
#1605=LINE('',#10242,#2233);
#1606=LINE('',#10244,#2234);
#1607=LINE('',#10246,#2235);
#1608=LINE('',#10247,#2236);
#1609=LINE('',#10253,#2237);
#1610=LINE('',#10256,#2238);
#1611=LINE('',#10258,#2239);
#1612=LINE('',#10259,#2240);
#1613=LINE('',#10265,#2241);
#1614=LINE('',#10268,#2242);
#1615=LINE('',#10270,#2243);
#1616=LINE('',#10271,#2244);
#1617=LINE('',#10277,#2245);
#1618=LINE('',#10280,#2246);
#1619=LINE('',#10283,#2247);
#1620=LINE('',#10285,#2248);
#1621=LINE('',#10286,#2249);
#1622=LINE('',#10289,#2250);
#1623=LINE('',#10291,#2251);
#1624=LINE('',#10292,#2252);
#1625=LINE('',#10295,#2253);
#1626=LINE('',#10297,#2254);
#1627=LINE('',#10298,#2255);
#1628=LINE('',#10301,#2256);
#1629=LINE('',#10302,#2257);
#1630=LINE('',#10304,#2258);
#1631=LINE('',#10305,#2259);
#1632=LINE('',#10308,#2260);
#1633=LINE('',#10310,#2261);
#1634=LINE('',#10311,#2262);
#1635=LINE('',#10316,#2263);
#1636=LINE('',#10328,#2264);
#1637=LINE('',#10335,#2265);
#1638=LINE('',#10342,#2266);
#1639=LINE('',#10349,#2267);
#1640=LINE('',#10357,#2268);
#1641=LINE('',#10364,#2269);
#1642=LINE('',#10367,#2270);
#1643=LINE('',#10369,#2271);
#1644=LINE('',#10371,#2272);
#1645=LINE('',#10373,#2273);
#1646=LINE('',#10375,#2274);
#1647=LINE('',#10379,#2275);
#1648=LINE('',#10381,#2276);
#1649=LINE('',#10382,#2277);
#1650=LINE('',#10387,#2278);
#1651=LINE('',#10393,#2279);
#1652=LINE('',#10399,#2280);
#1653=LINE('',#10405,#2281);
#1654=LINE('',#10409,#2282);
#1655=LINE('',#10411,#2283);
#1656=LINE('',#10412,#2284);
#1657=LINE('',#10417,#2285);
#1658=LINE('',#10423,#2286);
#1659=LINE('',#10429,#2287);
#1660=LINE('',#10433,#2288);
#1661=LINE('',#10435,#2289);
#1662=LINE('',#10436,#2290);
#1663=LINE('',#10441,#2291);
#1664=LINE('',#10447,#2292);
#1665=LINE('',#10453,#2293);
#1666=LINE('',#10459,#2294);
#1667=LINE('',#10463,#2295);
#1668=LINE('',#10465,#2296);
#1669=LINE('',#10466,#2297);
#1670=LINE('',#10471,#2298);
#1671=LINE('',#10477,#2299);
#1672=LINE('',#10481,#2300);
#1673=LINE('',#10483,#2301);
#1674=LINE('',#10484,#2302);
#1675=LINE('',#10489,#2303);
#1676=LINE('',#10495,#2304);
#1677=LINE('',#10501,#2305);
#1678=LINE('',#10507,#2306);
#1679=LINE('',#10513,#2307);
#1680=LINE('',#10517,#2308);
#1681=LINE('',#10519,#2309);
#1682=LINE('',#10520,#2310);
#1683=LINE('',#10525,#2311);
#1684=LINE('',#10529,#2312);
#1685=LINE('',#10531,#2313);
#1686=LINE('',#10532,#2314);
#1687=LINE('',#10537,#2315);
#1688=LINE('',#10543,#2316);
#1689=LINE('',#10549,#2317);
#1690=LINE('',#10553,#2318);
#1691=LINE('',#10555,#2319);
#1692=LINE('',#10559,#2320);
#1693=LINE('',#10563,#2321);
#1694=LINE('',#10567,#2322);
#1695=LINE('',#10568,#2323);
#1696=LINE('',#10571,#2324);
#1697=LINE('',#10575,#2325);
#1698=LINE('',#10576,#2326);
#1699=LINE('',#10579,#2327);
#1700=LINE('',#10583,#2328);
#1701=LINE('',#10587,#2329);
#1702=LINE('',#10591,#2330);
#1703=LINE('',#10595,#2331);
#1704=LINE('',#10599,#2332);
#1705=LINE('',#10600,#2333);
#1706=LINE('',#10603,#2334);
#1707=LINE('',#10607,#2335);
#1708=LINE('',#10611,#2336);
#1709=LINE('',#10612,#2337);
#1710=LINE('',#10615,#2338);
#1711=LINE('',#10619,#2339);
#1712=LINE('',#10623,#2340);
#1713=LINE('',#10627,#2341);
#1714=LINE('',#10631,#2342);
#1715=LINE('',#10632,#2343);
#1716=LINE('',#10635,#2344);
#1717=LINE('',#10639,#2345);
#1718=LINE('',#10643,#2346);
#1719=LINE('',#10647,#2347);
#1720=LINE('',#10648,#2348);
#1721=LINE('',#10651,#2349);
#1722=LINE('',#10655,#2350);
#1723=LINE('',#10659,#2351);
#1724=LINE('',#10663,#2352);
#1725=LINE('',#10667,#2353);
#1726=LINE('',#10668,#2354);
#1727=LINE('',#10670,#2355);
#1728=LINE('',#10674,#2356);
#1729=LINE('',#10679,#2357);
#1730=LINE('',#10682,#2358);
#1731=LINE('',#10685,#2359);
#1732=LINE('',#10687,#2360);
#1733=LINE('',#10688,#2361);
#1734=LINE('',#10694,#2362);
#1735=LINE('',#10696,#2363);
#1736=LINE('',#10697,#2364);
#1737=LINE('',#10698,#2365);
#1738=LINE('',#10703,#2366);
#1739=LINE('',#10709,#2367);
#1740=LINE('',#10713,#2368);
#1741=LINE('',#10715,#2369);
#1742=LINE('',#10716,#2370);
#1743=LINE('',#10721,#2371);
#1744=LINE('',#10725,#2372);
#1745=LINE('',#10727,#2373);
#1746=LINE('',#10728,#2374);
#1747=LINE('',#10731,#2375);
#1748=LINE('',#10733,#2376);
#1749=LINE('',#10734,#2377);
#1750=LINE('',#10739,#2378);
#1751=LINE('',#10743,#2379);
#1752=LINE('',#10745,#2380);
#1753=LINE('',#10746,#2381);
#1754=LINE('',#10751,#2382);
#1755=LINE('',#10755,#2383);
#1756=LINE('',#10757,#2384);
#1757=LINE('',#10758,#2385);
#1758=LINE('',#10763,#2386);
#1759=LINE('',#10766,#2387);
#1760=LINE('',#10767,#2388);
#1761=LINE('',#10772,#2389);
#1762=LINE('',#10775,#2390);
#1763=LINE('',#10776,#2391);
#1764=LINE('',#10780,#2392);
#1765=LINE('',#10781,#2393);
#1766=LINE('',#10782,#2394);
#1767=LINE('',#10786,#2395);
#1768=LINE('',#10806,#2396);
#1769=LINE('',#10809,#2397);
#1770=LINE('',#10810,#2398);
#1771=LINE('',#10829,#2399);
#1772=LINE('',#10834,#2400);
#1773=LINE('',#10836,#2401);
#1774=LINE('',#10837,#2402);
#1775=LINE('',#10840,#2403);
#1776=LINE('',#10841,#2404);
#1777=LINE('',#10845,#2405);
#1778=LINE('',#10851,#2406);
#1779=LINE('',#10853,#2407);
#1780=LINE('',#10868,#2408);
#1781=LINE('',#10905,#2409);
#1782=LINE('',#10977,#2410);
#1783=LINE('',#10985,#2411);
#1784=LINE('',#10991,#2412);
#1785=LINE('',#11108,#2413);
#1786=LINE('',#11144,#2414);
#1787=LINE('',#11169,#2415);
#1788=LINE('',#11237,#2416);
#1789=LINE('',#11325,#2417);
#1790=LINE('',#11329,#2418);
#1791=LINE('',#11330,#2419);
#1792=LINE('',#11331,#2420);
#1793=LINE('',#11334,#2421);
#1794=LINE('',#11335,#2422);
#1795=LINE('',#11339,#2423);
#1796=LINE('',#11340,#2424);
#1797=LINE('',#11341,#2425);
#1798=LINE('',#11345,#2426);
#1799=LINE('',#11346,#2427);
#1800=LINE('',#11347,#2428);
#1801=LINE('',#11351,#2429);
#1802=LINE('',#11353,#2430);
#1803=LINE('',#11355,#2431);
#1804=LINE('',#11356,#2432);
#1805=LINE('',#11360,#2433);
#1806=LINE('',#11362,#2434);
#1807=LINE('',#11364,#2435);
#1808=LINE('',#11365,#2436);
#1809=LINE('',#11368,#2437);
#1810=LINE('',#11370,#2438);
#1811=LINE('',#11371,#2439);
#1812=LINE('',#11374,#2440);
#1813=LINE('',#11376,#2441);
#1814=LINE('',#11377,#2442);
#1815=LINE('',#11380,#2443);
#1816=LINE('',#11382,#2444);
#1817=LINE('',#11383,#2445);
#1818=LINE('',#11389,#2446);
#1819=LINE('',#11392,#2447);
#1820=LINE('',#11394,#2448);
#1821=LINE('',#11395,#2449);
#1822=LINE('',#11401,#2450);
#1823=LINE('',#11404,#2451);
#1824=LINE('',#11406,#2452);
#1825=LINE('',#11407,#2453);
#1826=LINE('',#11413,#2454);
#1827=LINE('',#11416,#2455);
#1828=LINE('',#11418,#2456);
#1829=LINE('',#11419,#2457);
#1830=LINE('',#11425,#2458);
#1831=LINE('',#11428,#2459);
#1832=LINE('',#11430,#2460);
#1833=LINE('',#11431,#2461);
#1834=LINE('',#11437,#2462);
#1835=LINE('',#11440,#2463);
#1836=LINE('',#11442,#2464);
#1837=LINE('',#11443,#2465);
#1838=LINE('',#11449,#2466);
#1839=LINE('',#11452,#2467);
#1840=LINE('',#11454,#2468);
#1841=LINE('',#11455,#2469);
#1842=LINE('',#11461,#2470);
#1843=LINE('',#11464,#2471);
#1844=LINE('',#11466,#2472);
#1845=LINE('',#11467,#2473);
#1846=LINE('',#11470,#2474);
#1847=LINE('',#11472,#2475);
#1848=LINE('',#11473,#2476);
#1849=LINE('',#11476,#2477);
#1850=LINE('',#11478,#2478);
#1851=LINE('',#11479,#2479);
#1852=LINE('',#11485,#2480);
#1853=LINE('',#11489,#2481);
#1854=LINE('',#11491,#2482);
#1855=LINE('',#11493,#2483);
#1856=LINE('',#11494,#2484);
#1857=LINE('',#11500,#2485);
#1858=LINE('',#11503,#2486);
#1859=LINE('',#11505,#2487);
#1860=LINE('',#11506,#2488);
#1861=LINE('',#11511,#2489);
#1862=LINE('',#11516,#2490);
#1863=LINE('',#11517,#2491);
#1864=LINE('',#11518,#2492);
#1865=LINE('',#11523,#2493);
#1866=LINE('',#11528,#2494);
#1867=LINE('',#11529,#2495);
#1868=LINE('',#11530,#2496);
#1869=LINE('',#11535,#2497);
#1870=LINE('',#11540,#2498);
#1871=LINE('',#11541,#2499);
#1872=LINE('',#11542,#2500);
#1873=LINE('',#11547,#2501);
#1874=LINE('',#11552,#2502);
#1875=LINE('',#11553,#2503);
#1876=LINE('',#11554,#2504);
#1877=LINE('',#11557,#2505);
#1878=LINE('',#11559,#2506);
#1879=LINE('',#11561,#2507);
#1880=LINE('',#11571,#2508);
#1881=LINE('',#11579,#2509);
#1882=LINE('',#11589,#2510);
#1883=LINE('',#11595,#2511);
#1884=LINE('',#11607,#2512);
#1885=LINE('',#11611,#2513);
#1886=LINE('',#11618,#2514);
#1887=LINE('',#11621,#2515);
#1888=LINE('',#11623,#2516);
#1889=LINE('',#11624,#2517);
#1890=LINE('',#11629,#2518);
#1891=LINE('',#11633,#2519);
#1892=LINE('',#11635,#2520);
#1893=LINE('',#11636,#2521);
#1894=LINE('',#11638,#2522);
#1895=LINE('',#11640,#2523);
#1896=LINE('',#11641,#2524);
#1897=LINE('',#11646,#2525);
#1898=LINE('',#11647,#2526);
#1899=LINE('',#11650,#2527);
#1900=LINE('',#11651,#2528);
#1901=LINE('',#11656,#2529);
#1902=LINE('',#11657,#2530);
#1903=LINE('',#11662,#2531);
#1904=LINE('',#11666,#2532);
#1905=LINE('',#11668,#2533);
#1906=LINE('',#11669,#2534);
#1907=LINE('',#11674,#2535);
#1908=LINE('',#11678,#2536);
#1909=LINE('',#11680,#2537);
#1910=LINE('',#11681,#2538);
#1911=LINE('',#11686,#2539);
#1912=LINE('',#11691,#2540);
#1913=LINE('',#11693,#2541);
#1914=LINE('',#11695,#2542);
#1915=LINE('',#11696,#2543);
#1916=LINE('',#11701,#2544);
#1917=LINE('',#11705,#2545);
#1918=LINE('',#11707,#2546);
#1919=LINE('',#11708,#2547);
#1920=LINE('',#11713,#2548);
#1921=LINE('',#11717,#2549);
#1922=LINE('',#11719,#2550);
#1923=LINE('',#11721,#2551);
#1924=LINE('',#11723,#2552);
#1925=LINE('',#11724,#2553);
#1926=LINE('',#11729,#2554);
#1927=LINE('',#11733,#2555);
#1928=LINE('',#11735,#2556);
#1929=LINE('',#11736,#2557);
#1930=LINE('',#11740,#2558);
#1931=LINE('',#11742,#2559);
#1932=LINE('',#11744,#2560);
#1933=LINE('',#11745,#2561);
#1934=LINE('',#11750,#2562);
#1935=LINE('',#11754,#2563);
#1936=LINE('',#11756,#2564);
#1937=LINE('',#11757,#2565);
#1938=LINE('',#11762,#2566);
#1939=LINE('',#11766,#2567);
#1940=LINE('',#11768,#2568);
#1941=LINE('',#11769,#2569);
#1942=LINE('',#11775,#2570);
#1943=LINE('',#11778,#2571);
#1944=LINE('',#11781,#2572);
#1945=LINE('',#11783,#2573);
#1946=LINE('',#11784,#2574);
#1947=LINE('',#11787,#2575);
#1948=LINE('',#11789,#2576);
#1949=LINE('',#11790,#2577);
#1950=LINE('',#11793,#2578);
#1951=LINE('',#11795,#2579);
#1952=LINE('',#11796,#2580);
#1953=LINE('',#11799,#2581);
#1954=LINE('',#11801,#2582);
#1955=LINE('',#11802,#2583);
#1956=LINE('',#11803,#2584);
#1957=LINE('',#11806,#2585);
#1958=LINE('',#11808,#2586);
#1959=LINE('',#11809,#2587);
#1960=LINE('',#11816,#2588);
#1961=LINE('',#11826,#2589);
#1962=LINE('',#11833,#2590);
#1963=LINE('',#11840,#2591);
#1964=LINE('',#11847,#2592);
#1965=LINE('',#11855,#2593);
#1966=LINE('',#11862,#2594);
#1967=LINE('',#11865,#2595);
#1968=LINE('',#11869,#2596);
#1969=LINE('',#11871,#2597);
#1970=LINE('',#11873,#2598);
#1971=LINE('',#11874,#2599);
#1972=LINE('',#11877,#2600);
#1973=LINE('',#11879,#2601);
#1974=LINE('',#11880,#2602);
#1975=LINE('',#11886,#2603);
#1976=LINE('',#11892,#2604);
#1977=LINE('',#11898,#2605);
#1978=LINE('',#11904,#2606);
#1979=LINE('',#11907,#2607);
#1980=LINE('',#11909,#2608);
#1981=LINE('',#11910,#2609);
#1982=LINE('',#11916,#2610);
#1983=LINE('',#11922,#2611);
#1984=LINE('',#11928,#2612);
#1985=LINE('',#11931,#2613);
#1986=LINE('',#11933,#2614);
#1987=LINE('',#11934,#2615);
#1988=LINE('',#11940,#2616);
#1989=LINE('',#11946,#2617);
#1990=LINE('',#11952,#2618);
#1991=LINE('',#11958,#2619);
#1992=LINE('',#11961,#2620);
#1993=LINE('',#11963,#2621);
#1994=LINE('',#11964,#2622);
#1995=LINE('',#11970,#2623);
#1996=LINE('',#11976,#2624);
#1997=LINE('',#11979,#2625);
#1998=LINE('',#11981,#2626);
#1999=LINE('',#11982,#2627);
#2000=LINE('',#11988,#2628);
#2001=LINE('',#11994,#2629);
#2002=LINE('',#12000,#2630);
#2003=LINE('',#12006,#2631);
#2004=LINE('',#12012,#2632);
#2005=LINE('',#12015,#2633);
#2006=LINE('',#12017,#2634);
#2007=LINE('',#12018,#2635);
#2008=LINE('',#12024,#2636);
#2009=LINE('',#12027,#2637);
#2010=LINE('',#12029,#2638);
#2011=LINE('',#12030,#2639);
#2012=LINE('',#12036,#2640);
#2013=LINE('',#12042,#2641);
#2014=LINE('',#12048,#2642);
#2015=LINE('',#12050,#2643);
#2016=LINE('',#12051,#2644);
#2017=LINE('',#12053,#2645);
#2018=LINE('',#12055,#2646);
#2019=LINE('',#12057,#2647);
#2020=LINE('',#12059,#2648);
#2021=LINE('',#12061,#2649);
#2022=LINE('',#12063,#2650);
#2023=LINE('',#12065,#2651);
#2024=LINE('',#12067,#2652);
#2025=LINE('',#12069,#2653);
#2026=LINE('',#12071,#2654);
#2027=LINE('',#12073,#2655);
#2028=LINE('',#12075,#2656);
#2029=LINE('',#12077,#2657);
#2030=LINE('',#12079,#2658);
#2031=LINE('',#12081,#2659);
#2032=LINE('',#12083,#2660);
#2033=LINE('',#12085,#2661);
#2034=LINE('',#12087,#2662);
#2035=LINE('',#12089,#2663);
#2036=LINE('',#12091,#2664);
#2037=LINE('',#12093,#2665);
#2038=LINE('',#12095,#2666);
#2039=LINE('',#12097,#2667);
#2040=LINE('',#12099,#2668);
#2041=LINE('',#12101,#2669);
#2042=LINE('',#12103,#2670);
#2043=LINE('',#12105,#2671);
#2044=LINE('',#12107,#2672);
#2045=LINE('',#12112,#2673);
#2046=LINE('',#12117,#2674);
#2047=LINE('',#12120,#2675);
#2048=LINE('',#12123,#2676);
#2049=LINE('',#12125,#2677);
#2050=LINE('',#12126,#2678);
#2051=LINE('',#12132,#2679);
#2052=LINE('',#12133,#2680);
#2053=LINE('',#12135,#2681);
#2054=LINE('',#12136,#2682);
#2055=LINE('',#12142,#2683);
#2056=LINE('',#12148,#2684);
#2057=LINE('',#12151,#2685);
#2058=LINE('',#12153,#2686);
#2059=LINE('',#12154,#2687);
#2060=LINE('',#12160,#2688);
#2061=LINE('',#12163,#2689);
#2062=LINE('',#12165,#2690);
#2063=LINE('',#12166,#2691);
#2064=LINE('',#12169,#2692);
#2065=LINE('',#12171,#2693);
#2066=LINE('',#12172,#2694);
#2067=LINE('',#12178,#2695);
#2068=LINE('',#12181,#2696);
#2069=LINE('',#12183,#2697);
#2070=LINE('',#12184,#2698);
#2071=LINE('',#12190,#2699);
#2072=LINE('',#12193,#2700);
#2073=LINE('',#12195,#2701);
#2074=LINE('',#12196,#2702);
#2075=LINE('',#12202,#2703);
#2076=LINE('',#12204,#2704);
#2077=LINE('',#12205,#2705);
#2078=LINE('',#12211,#2706);
#2079=LINE('',#12213,#2707);
#2080=LINE('',#12214,#2708);
#2081=LINE('',#12218,#2709);
#2082=LINE('',#12219,#2710);
#2083=LINE('',#12220,#2711);
#2084=LINE('',#12224,#2712);
#2085=LINE('',#12244,#2713);
#2086=LINE('',#12246,#2714);
#2087=LINE('',#12247,#2715);
#2088=LINE('',#12253,#2716);
#2089=LINE('',#12272,#2717);
#2090=LINE('',#12275,#2718);
#2091=LINE('',#12276,#2719);
#2092=LINE('',#12278,#2720);
#2093=LINE('',#12279,#2721);
#2094=LINE('',#12282,#2722);
#2095=LINE('',#12283,#2723);
#2096=LINE('',#12287,#2724);
#2097=LINE('',#12298,#2725);
#2098=LINE('',#12300,#2726);
#2099=LINE('',#12307,#2727);
#2100=LINE('',#12311,#2728);
#2101=LINE('',#12315,#2729);
#2102=LINE('',#12327,#2730);
#2103=LINE('',#12342,#2731);
#2104=LINE('',#12351,#2732);
#2105=LINE('',#12453,#2733);
#2106=LINE('',#12462,#2734);
#2107=LINE('',#12467,#2735);
#2108=LINE('',#12584,#2736);
#2109=LINE('',#12632,#2737);
#2110=LINE('',#12772,#2738);
#2111=LINE('',#12774,#2739);
#2112=LINE('',#12776,#2740);
#2113=LINE('',#12778,#2741);
#2114=LINE('',#12780,#2742);
#2115=LINE('',#12782,#2743);
#2116=LINE('',#12784,#2744);
#2117=VECTOR('',#7825,10.);
#2118=VECTOR('',#7826,10.);
#2119=VECTOR('',#7827,10.);
#2120=VECTOR('',#7828,10.);
#2121=VECTOR('',#7831,10.);
#2122=VECTOR('',#7832,10.);
#2123=VECTOR('',#7833,10.);
#2124=VECTOR('',#7834,10.);
#2125=VECTOR('',#7837,10.);
#2126=VECTOR('',#7838,10.);
#2127=VECTOR('',#7839,10.);
#2128=VECTOR('',#7842,10.);
#2129=VECTOR('',#7843,10.);
#2130=VECTOR('',#7844,10.);
#2131=VECTOR('',#7847,10.);
#2132=VECTOR('',#7848,10.);
#2133=VECTOR('',#7849,10.);
#2134=VECTOR('',#7854,10.);
#2135=VECTOR('',#7859,10.);
#2136=VECTOR('',#7860,10.);
#2137=VECTOR('',#7861,10.);
#2138=VECTOR('',#7866,10.);
#2139=VECTOR('',#7871,10.);
#2140=VECTOR('',#7872,10.);
#2141=VECTOR('',#7873,10.);
#2142=VECTOR('',#7878,10.);
#2143=VECTOR('',#7883,10.);
#2144=VECTOR('',#7884,10.);
#2145=VECTOR('',#7885,10.);
#2146=VECTOR('',#7890,10.);
#2147=VECTOR('',#7895,10.);
#2148=VECTOR('',#7896,10.);
#2149=VECTOR('',#7897,10.);
#2150=VECTOR('',#7902,10.);
#2151=VECTOR('',#7907,10.);
#2152=VECTOR('',#7908,10.);
#2153=VECTOR('',#7909,10.);
#2154=VECTOR('',#7914,10.);
#2155=VECTOR('',#7919,10.);
#2156=VECTOR('',#7920,10.);
#2157=VECTOR('',#7921,10.);
#2158=VECTOR('',#7926,10.);
#2159=VECTOR('',#7931,10.);
#2160=VECTOR('',#7932,10.);
#2161=VECTOR('',#7933,10.);
#2162=VECTOR('',#7936,10.);
#2163=VECTOR('',#7937,10.);
#2164=VECTOR('',#7938,10.);
#2165=VECTOR('',#7941,10.);
#2166=VECTOR('',#7942,10.);
#2167=VECTOR('',#7943,10.);
#2168=VECTOR('',#7948,10.);
#2169=VECTOR('',#7953,10.);
#2170=VECTOR('',#7954,10.);
#2171=VECTOR('',#7955,10.);
#2172=VECTOR('',#7956,10.);
#2173=VECTOR('',#7961,10.);
#2174=VECTOR('',#7966,10.);
#2175=VECTOR('',#7969,10.);
#2176=VECTOR('',#7974,10.);
#2177=VECTOR('',#7975,10.);
#2178=VECTOR('',#7976,10.);
#2179=VECTOR('',#7981,10.);
#2180=VECTOR('',#7986,10.);
#2181=VECTOR('',#7987,10.);
#2182=VECTOR('',#7988,10.);
#2183=VECTOR('',#7993,10.);
#2184=VECTOR('',#7998,10.);
#2185=VECTOR('',#7999,10.);
#2186=VECTOR('',#8000,10.);
#2187=VECTOR('',#8005,10.);
#2188=VECTOR('',#8010,10.);
#2189=VECTOR('',#8011,10.);
#2190=VECTOR('',#8012,10.);
#2191=VECTOR('',#8015,10.);
#2192=VECTOR('',#8016,10.);
#2193=VECTOR('',#8017,10.);
#2194=VECTOR('',#8022,10.);
#2195=VECTOR('',#8027,10.);
#2196=VECTOR('',#8028,10.);
#2197=VECTOR('',#8029,10.);
#2198=VECTOR('',#8030,10.);
#2199=VECTOR('',#8035,10.);
#2200=VECTOR('',#8036,10.);
#2201=VECTOR('',#8039,10.);
#2202=VECTOR('',#8040,10.);
#2203=VECTOR('',#8045,10.);
#2204=VECTOR('',#8048,10.);
#2205=VECTOR('',#8049,10.);
#2206=VECTOR('',#8056,10.);
#2207=VECTOR('',#8059,10.);
#2208=VECTOR('',#8060,10.);
#2209=VECTOR('',#8061,10.);
#2210=VECTOR('',#8068,10.);
#2211=VECTOR('',#8071,10.);
#2212=VECTOR('',#8072,10.);
#2213=VECTOR('',#8073,10.);
#2214=VECTOR('',#8080,10.);
#2215=VECTOR('',#8083,10.);
#2216=VECTOR('',#8084,10.);
#2217=VECTOR('',#8085,10.);
#2218=VECTOR('',#8086,10.);
#2219=VECTOR('',#8093,10.);
#2220=VECTOR('',#8096,10.);
#2221=VECTOR('',#8097,10.);
#2222=VECTOR('',#8098,10.);
#2223=VECTOR('',#8105,10.);
#2224=VECTOR('',#8108,10.);
#2225=VECTOR('',#8109,10.);
#2226=VECTOR('',#8110,10.);
#2227=VECTOR('',#8111,10.);
#2228=VECTOR('',#8112,10.);
#2229=VECTOR('',#8119,10.);
#2230=VECTOR('',#8122,10.);
#2231=VECTOR('',#8123,10.);
#2232=VECTOR('',#8124,10.);
#2233=VECTOR('',#8127,10.);
#2234=VECTOR('',#8128,10.);
#2235=VECTOR('',#8129,10.);
#2236=VECTOR('',#8130,10.);
#2237=VECTOR('',#8137,10.);
#2238=VECTOR('',#8140,10.);
#2239=VECTOR('',#8141,10.);
#2240=VECTOR('',#8142,10.);
#2241=VECTOR('',#8149,10.);
#2242=VECTOR('',#8152,10.);
#2243=VECTOR('',#8153,10.);
#2244=VECTOR('',#8154,10.);
#2245=VECTOR('',#8159,10.);
#2246=VECTOR('',#8162,10.);
#2247=VECTOR('',#8165,10.);
#2248=VECTOR('',#8166,10.);
#2249=VECTOR('',#8167,10.);
#2250=VECTOR('',#8170,10.);
#2251=VECTOR('',#8171,10.);
#2252=VECTOR('',#8172,10.);
#2253=VECTOR('',#8175,10.);
#2254=VECTOR('',#8176,10.);
#2255=VECTOR('',#8177,10.);
#2256=VECTOR('',#8180,10.);
#2257=VECTOR('',#8181,10.);
#2258=VECTOR('',#8182,10.);
#2259=VECTOR('',#8183,2.);
#2260=VECTOR('',#8186,10.);
#2261=VECTOR('',#8187,10.);
#2262=VECTOR('',#8188,10.);
#2263=VECTOR('',#8193,10.);
#2264=VECTOR('',#8212,3.25);
#2265=VECTOR('',#8221,3.25);
#2266=VECTOR('',#8230,3.24999999999999);
#2267=VECTOR('',#8239,3.25);
#2268=VECTOR('',#8250,1.40000000000001);
#2269=VECTOR('',#8259,1.4);
#2270=VECTOR('',#8262,10.);
#2271=VECTOR('',#8263,10.);
#2272=VECTOR('',#8264,10.);
#2273=VECTOR('',#8265,10.);
#2274=VECTOR('',#8266,10.);
#2275=VECTOR('',#8271,10.);
#2276=VECTOR('',#8272,10.);
#2277=VECTOR('',#8273,10.);
#2278=VECTOR('',#8278,10.);
#2279=VECTOR('',#8285,10.);
#2280=VECTOR('',#8292,10.);
#2281=VECTOR('',#8299,10.);
#2282=VECTOR('',#8304,10.);
#2283=VECTOR('',#8305,10.);
#2284=VECTOR('',#8306,10.);
#2285=VECTOR('',#8311,10.);
#2286=VECTOR('',#8318,10.);
#2287=VECTOR('',#8325,10.);
#2288=VECTOR('',#8330,10.);
#2289=VECTOR('',#8331,10.);
#2290=VECTOR('',#8332,10.);
#2291=VECTOR('',#8337,10.);
#2292=VECTOR('',#8344,10.);
#2293=VECTOR('',#8351,10.);
#2294=VECTOR('',#8358,10.);
#2295=VECTOR('',#8363,10.);
#2296=VECTOR('',#8364,10.);
#2297=VECTOR('',#8365,10.);
#2298=VECTOR('',#8370,10.);
#2299=VECTOR('',#8377,10.);
#2300=VECTOR('',#8382,10.);
#2301=VECTOR('',#8383,10.);
#2302=VECTOR('',#8384,10.);
#2303=VECTOR('',#8389,10.);
#2304=VECTOR('',#8396,10.);
#2305=VECTOR('',#8403,10.);
#2306=VECTOR('',#8410,10.);
#2307=VECTOR('',#8417,10.);
#2308=VECTOR('',#8422,10.);
#2309=VECTOR('',#8423,10.);
#2310=VECTOR('',#8424,10.);
#2311=VECTOR('',#8429,10.);
#2312=VECTOR('',#8434,10.);
#2313=VECTOR('',#8435,10.);
#2314=VECTOR('',#8436,10.);
#2315=VECTOR('',#8441,10.);
#2316=VECTOR('',#8448,10.);
#2317=VECTOR('',#8455,10.);
#2318=VECTOR('',#8460,10.);
#2319=VECTOR('',#8461,10.);
#2320=VECTOR('',#8466,10.);
#2321=VECTOR('',#8471,10.);
#2322=VECTOR('',#8476,10.);
#2323=VECTOR('',#8477,10.);
#2324=VECTOR('',#8480,10.);
#2325=VECTOR('',#8485,10.);
#2326=VECTOR('',#8486,10.);
#2327=VECTOR('',#8489,10.);
#2328=VECTOR('',#8494,10.);
#2329=VECTOR('',#8499,10.);
#2330=VECTOR('',#8504,10.);
#2331=VECTOR('',#8509,10.);
#2332=VECTOR('',#8514,10.);
#2333=VECTOR('',#8515,10.);
#2334=VECTOR('',#8518,10.);
#2335=VECTOR('',#8523,10.);
#2336=VECTOR('',#8528,10.);
#2337=VECTOR('',#8529,10.);
#2338=VECTOR('',#8532,10.);
#2339=VECTOR('',#8537,10.);
#2340=VECTOR('',#8542,10.);
#2341=VECTOR('',#8547,10.);
#2342=VECTOR('',#8552,10.);
#2343=VECTOR('',#8553,10.);
#2344=VECTOR('',#8556,10.);
#2345=VECTOR('',#8561,10.);
#2346=VECTOR('',#8566,10.);
#2347=VECTOR('',#8571,10.);
#2348=VECTOR('',#8572,10.);
#2349=VECTOR('',#8575,10.);
#2350=VECTOR('',#8580,10.);
#2351=VECTOR('',#8585,10.);
#2352=VECTOR('',#8590,10.);
#2353=VECTOR('',#8595,10.);
#2354=VECTOR('',#8596,10.);
#2355=VECTOR('',#8599,10.);
#2356=VECTOR('',#8604,10.);
#2357=VECTOR('',#8609,10.);
#2358=VECTOR('',#8612,10.);
#2359=VECTOR('',#8615,10.);
#2360=VECTOR('',#8616,2.);
#2361=VECTOR('',#8617,10.);
#2362=VECTOR('',#8626,10.);
#2363=VECTOR('',#8627,10.);
#2364=VECTOR('',#8628,10.);
#2365=VECTOR('',#8629,10.);
#2366=VECTOR('',#8634,30.);
#2367=VECTOR('',#8641,30.);
#2368=VECTOR('',#8646,10.);
#2369=VECTOR('',#8647,10.);
#2370=VECTOR('',#8648,10.);
#2371=VECTOR('',#8653,10.);
#2372=VECTOR('',#8658,10.);
#2373=VECTOR('',#8659,10.);
#2374=VECTOR('',#8660,10.);
#2375=VECTOR('',#8663,10.);
#2376=VECTOR('',#8664,10.);
#2377=VECTOR('',#8665,10.);
#2378=VECTOR('',#8670,10.);
#2379=VECTOR('',#8675,10.);
#2380=VECTOR('',#8676,10.);
#2381=VECTOR('',#8677,10.);
#2382=VECTOR('',#8682,10.);
#2383=VECTOR('',#8687,10.);
#2384=VECTOR('',#8688,10.);
#2385=VECTOR('',#8689,10.);
#2386=VECTOR('',#8694,10.);
#2387=VECTOR('',#8699,10.);
#2388=VECTOR('',#8700,10.);
#2389=VECTOR('',#8705,10.);
#2390=VECTOR('',#8710,10.);
#2391=VECTOR('',#8711,10.);
#2392=VECTOR('',#8714,10.);
#2393=VECTOR('',#8715,10.);
#2394=VECTOR('',#8716,10.);
#2395=VECTOR('',#8719,10.);
#2396=VECTOR('',#8724,10.);
#2397=VECTOR('',#8727,10.);
#2398=VECTOR('',#8728,10.);
#2399=VECTOR('',#8731,10.);
#2400=VECTOR('',#8736,10.);
#2401=VECTOR('',#8737,10.);
#2402=VECTOR('',#8738,10.);
#2403=VECTOR('',#8743,10.);
#2404=VECTOR('',#8744,10.);
#2405=VECTOR('',#8747,10.);
#2406=VECTOR('',#8748,20.);
#2407=VECTOR('',#8749,20.);
#2408=VECTOR('',#8756,10.);
#2409=VECTOR('',#8765,10.);
#2410=VECTOR('',#8774,10.);
#2411=VECTOR('',#8777,10.);
#2412=VECTOR('',#8778,10.);
#2413=VECTOR('',#8797,10.);
#2414=VECTOR('',#8804,10.);
#2415=VECTOR('',#8811,10.);
#2416=VECTOR('',#8820,10.);
#2417=VECTOR('',#8837,10.);
#2418=VECTOR('',#8840,10.);
#2419=VECTOR('',#8841,10.);
#2420=VECTOR('',#8842,10.);
#2421=VECTOR('',#8845,10.);
#2422=VECTOR('',#8846,10.);
#2423=VECTOR('',#8849,10.);
#2424=VECTOR('',#8850,10.);
#2425=VECTOR('',#8851,10.);
#2426=VECTOR('',#8854,10.);
#2427=VECTOR('',#8855,10.);
#2428=VECTOR('',#8856,10.);
#2429=VECTOR('',#8859,10.);
#2430=VECTOR('',#8860,10.);
#2431=VECTOR('',#8861,10.);
#2432=VECTOR('',#8862,10.);
#2433=VECTOR('',#8865,10.);
#2434=VECTOR('',#8866,10.);
#2435=VECTOR('',#8867,10.);
#2436=VECTOR('',#8868,10.);
#2437=VECTOR('',#8871,10.);
#2438=VECTOR('',#8872,10.);
#2439=VECTOR('',#8873,10.);
#2440=VECTOR('',#8876,10.);
#2441=VECTOR('',#8877,10.);
#2442=VECTOR('',#8878,10.);
#2443=VECTOR('',#8881,10.);
#2444=VECTOR('',#8882,10.);
#2445=VECTOR('',#8883,10.);
#2446=VECTOR('',#8890,10.);
#2447=VECTOR('',#8893,10.);
#2448=VECTOR('',#8894,10.);
#2449=VECTOR('',#8895,10.);
#2450=VECTOR('',#8902,10.);
#2451=VECTOR('',#8905,10.);
#2452=VECTOR('',#8906,10.);
#2453=VECTOR('',#8907,10.);
#2454=VECTOR('',#8914,10.);
#2455=VECTOR('',#8917,10.);
#2456=VECTOR('',#8918,10.);
#2457=VECTOR('',#8919,10.);
#2458=VECTOR('',#8926,10.);
#2459=VECTOR('',#8929,10.);
#2460=VECTOR('',#8930,10.);
#2461=VECTOR('',#8931,10.);
#2462=VECTOR('',#8938,10.);
#2463=VECTOR('',#8941,10.);
#2464=VECTOR('',#8942,10.);
#2465=VECTOR('',#8943,10.);
#2466=VECTOR('',#8950,10.);
#2467=VECTOR('',#8953,10.);
#2468=VECTOR('',#8954,10.);
#2469=VECTOR('',#8955,10.);
#2470=VECTOR('',#8962,10.);
#2471=VECTOR('',#8965,10.);
#2472=VECTOR('',#8966,10.);
#2473=VECTOR('',#8967,10.);
#2474=VECTOR('',#8970,10.);
#2475=VECTOR('',#8971,10.);
#2476=VECTOR('',#8972,10.);
#2477=VECTOR('',#8975,10.);
#2478=VECTOR('',#8976,10.);
#2479=VECTOR('',#8977,10.);
#2480=VECTOR('',#8984,10.);
#2481=VECTOR('',#8987,10.);
#2482=VECTOR('',#8988,10.);
#2483=VECTOR('',#8989,10.);
#2484=VECTOR('',#8990,10.);
#2485=VECTOR('',#8997,10.);
#2486=VECTOR('',#9000,10.);
#2487=VECTOR('',#9001,10.);
#2488=VECTOR('',#9002,10.);
#2489=VECTOR('',#9007,10.);
#2490=VECTOR('',#9012,10.);
#2491=VECTOR('',#9013,10.);
#2492=VECTOR('',#9014,10.);
#2493=VECTOR('',#9019,10.);
#2494=VECTOR('',#9024,10.);
#2495=VECTOR('',#9025,10.);
#2496=VECTOR('',#9026,10.);
#2497=VECTOR('',#9031,10.);
#2498=VECTOR('',#9036,10.);
#2499=VECTOR('',#9037,10.);
#2500=VECTOR('',#9038,10.);
#2501=VECTOR('',#9043,10.);
#2502=VECTOR('',#9048,10.);
#2503=VECTOR('',#9049,10.);
#2504=VECTOR('',#9050,10.);
#2505=VECTOR('',#9053,10.);
#2506=VECTOR('',#9054,10.);
#2507=VECTOR('',#9055,10.);
#2508=VECTOR('',#9064,10.);
#2509=VECTOR('',#9071,10.);
#2510=VECTOR('',#9080,10.);
#2511=VECTOR('',#9085,10.);
#2512=VECTOR('',#9096,10.);
#2513=VECTOR('',#9099,10.);
#2514=VECTOR('',#9106,10.);
#2515=VECTOR('',#9109,10.);
#2516=VECTOR('',#9110,10.);
#2517=VECTOR('',#9111,10.);
#2518=VECTOR('',#9116,10.);
#2519=VECTOR('',#9121,10.);
#2520=VECTOR('',#9122,10.);
#2521=VECTOR('',#9123,10.);
#2522=VECTOR('',#9126,10.);
#2523=VECTOR('',#9127,10.);
#2524=VECTOR('',#9128,10.);
#2525=VECTOR('',#9133,10.);
#2526=VECTOR('',#9134,10.);
#2527=VECTOR('',#9137,10.);
#2528=VECTOR('',#9138,10.);
#2529=VECTOR('',#9145,10.);
#2530=VECTOR('',#9146,10.);
#2531=VECTOR('',#9151,10.);
#2532=VECTOR('',#9156,10.);
#2533=VECTOR('',#9157,10.);
#2534=VECTOR('',#9158,10.);
#2535=VECTOR('',#9163,10.);
#2536=VECTOR('',#9168,10.);
#2537=VECTOR('',#9169,10.);
#2538=VECTOR('',#9170,10.);
#2539=VECTOR('',#9175,10.);
#2540=VECTOR('',#9180,10.);
#2541=VECTOR('',#9181,10.);
#2542=VECTOR('',#9182,10.);
#2543=VECTOR('',#9183,10.);
#2544=VECTOR('',#9188,10.);
#2545=VECTOR('',#9193,10.);
#2546=VECTOR('',#9194,10.);
#2547=VECTOR('',#9195,10.);
#2548=VECTOR('',#9200,10.);
#2549=VECTOR('',#9205,10.);
#2550=VECTOR('',#9206,10.);
#2551=VECTOR('',#9207,10.);
#2552=VECTOR('',#9208,10.);
#2553=VECTOR('',#9209,10.);
#2554=VECTOR('',#9214,10.);
#2555=VECTOR('',#9219,10.);
#2556=VECTOR('',#9220,10.);
#2557=VECTOR('',#9221,10.);
#2558=VECTOR('',#9224,10.);
#2559=VECTOR('',#9225,10.);
#2560=VECTOR('',#9226,10.);
#2561=VECTOR('',#9227,10.);
#2562=VECTOR('',#9232,10.);
#2563=VECTOR('',#9237,10.);
#2564=VECTOR('',#9238,10.);
#2565=VECTOR('',#9239,10.);
#2566=VECTOR('',#9244,10.);
#2567=VECTOR('',#9249,10.);
#2568=VECTOR('',#9250,10.);
#2569=VECTOR('',#9251,10.);
#2570=VECTOR('',#9256,10.);
#2571=VECTOR('',#9259,10.);
#2572=VECTOR('',#9262,10.);
#2573=VECTOR('',#9263,10.);
#2574=VECTOR('',#9264,10.);
#2575=VECTOR('',#9267,10.);
#2576=VECTOR('',#9268,10.);
#2577=VECTOR('',#9269,10.);
#2578=VECTOR('',#9272,10.);
#2579=VECTOR('',#9273,10.);
#2580=VECTOR('',#9274,10.);
#2581=VECTOR('',#9277,10.);
#2582=VECTOR('',#9278,2.);
#2583=VECTOR('',#9279,10.);
#2584=VECTOR('',#9280,10.);
#2585=VECTOR('',#9283,10.);
#2586=VECTOR('',#9284,10.);
#2587=VECTOR('',#9285,10.);
#2588=VECTOR('',#9294,10.);
#2589=VECTOR('',#9309,3.25);
#2590=VECTOR('',#9318,3.25);
#2591=VECTOR('',#9327,3.24999999999999);
#2592=VECTOR('',#9336,3.25);
#2593=VECTOR('',#9347,1.40000000000001);
#2594=VECTOR('',#9356,1.4);
#2595=VECTOR('',#9359,10.);
#2596=VECTOR('',#9362,10.);
#2597=VECTOR('',#9363,10.);
#2598=VECTOR('',#9364,10.);
#2599=VECTOR('',#9365,10.);
#2600=VECTOR('',#9368,10.);
#2601=VECTOR('',#9369,10.);
#2602=VECTOR('',#9370,10.);
#2603=VECTOR('',#9377,10.);
#2604=VECTOR('',#9384,10.);
#2605=VECTOR('',#9391,10.);
#2606=VECTOR('',#9398,10.);
#2607=VECTOR('',#9401,10.);
#2608=VECTOR('',#9402,10.);
#2609=VECTOR('',#9403,10.);
#2610=VECTOR('',#9410,10.);
#2611=VECTOR('',#9417,10.);
#2612=VECTOR('',#9424,10.);
#2613=VECTOR('',#9427,10.);
#2614=VECTOR('',#9428,10.);
#2615=VECTOR('',#9429,10.);
#2616=VECTOR('',#9436,10.);
#2617=VECTOR('',#9443,10.);
#2618=VECTOR('',#9450,10.);
#2619=VECTOR('',#9457,10.);
#2620=VECTOR('',#9460,10.);
#2621=VECTOR('',#9461,10.);
#2622=VECTOR('',#9462,10.);
#2623=VECTOR('',#9469,10.);
#2624=VECTOR('',#9476,10.);
#2625=VECTOR('',#9479,10.);
#2626=VECTOR('',#9480,10.);
#2627=VECTOR('',#9481,10.);
#2628=VECTOR('',#9488,10.);
#2629=VECTOR('',#9495,10.);
#2630=VECTOR('',#9502,10.);
#2631=VECTOR('',#9509,10.);
#2632=VECTOR('',#9516,10.);
#2633=VECTOR('',#9519,10.);
#2634=VECTOR('',#9520,10.);
#2635=VECTOR('',#9521,10.);
#2636=VECTOR('',#9528,10.);
#2637=VECTOR('',#9531,10.);
#2638=VECTOR('',#9532,10.);
#2639=VECTOR('',#9533,10.);
#2640=VECTOR('',#9540,10.);
#2641=VECTOR('',#9547,10.);
#2642=VECTOR('',#9554,10.);
#2643=VECTOR('',#9557,10.);
#2644=VECTOR('',#9558,10.);
#2645=VECTOR('',#9561,10.);
#2646=VECTOR('',#9564,10.);
#2647=VECTOR('',#9567,10.);
#2648=VECTOR('',#9570,10.);
#2649=VECTOR('',#9573,10.);
#2650=VECTOR('',#9576,10.);
#2651=VECTOR('',#9579,10.);
#2652=VECTOR('',#9582,10.);
#2653=VECTOR('',#9585,10.);
#2654=VECTOR('',#9588,10.);
#2655=VECTOR('',#9591,10.);
#2656=VECTOR('',#9594,10.);
#2657=VECTOR('',#9597,10.);
#2658=VECTOR('',#9600,10.);
#2659=VECTOR('',#9603,10.);
#2660=VECTOR('',#9606,10.);
#2661=VECTOR('',#9609,10.);
#2662=VECTOR('',#9612,10.);
#2663=VECTOR('',#9615,10.);
#2664=VECTOR('',#9618,10.);
#2665=VECTOR('',#9621,10.);
#2666=VECTOR('',#9624,10.);
#2667=VECTOR('',#9627,10.);
#2668=VECTOR('',#9630,10.);
#2669=VECTOR('',#9633,10.);
#2670=VECTOR('',#9636,10.);
#2671=VECTOR('',#9639,10.);
#2672=VECTOR('',#9642,10.);
#2673=VECTOR('',#9649,10.);
#2674=VECTOR('',#9654,10.);
#2675=VECTOR('',#9657,10.);
#2676=VECTOR('',#9660,10.);
#2677=VECTOR('',#9661,10.);
#2678=VECTOR('',#9662,2.);
#2679=VECTOR('',#9671,10.);
#2680=VECTOR('',#9672,10.);
#2681=VECTOR('',#9673,10.);
#2682=VECTOR('',#9674,10.);
#2683=VECTOR('',#9681,30.);
#2684=VECTOR('',#9688,30.);
#2685=VECTOR('',#9691,10.);
#2686=VECTOR('',#9692,10.);
#2687=VECTOR('',#9693,10.);
#2688=VECTOR('',#9700,10.);
#2689=VECTOR('',#9703,10.);
#2690=VECTOR('',#9704,10.);
#2691=VECTOR('',#9705,10.);
#2692=VECTOR('',#9708,10.);
#2693=VECTOR('',#9709,10.);
#2694=VECTOR('',#9710,10.);
#2695=VECTOR('',#9717,10.);
#2696=VECTOR('',#9720,10.);
#2697=VECTOR('',#9721,10.);
#2698=VECTOR('',#9722,10.);
#2699=VECTOR('',#9729,10.);
#2700=VECTOR('',#9732,10.);
#2701=VECTOR('',#9733,10.);
#2702=VECTOR('',#9734,10.);
#2703=VECTOR('',#9741,10.);
#2704=VECTOR('',#9744,10.);
#2705=VECTOR('',#9745,10.);
#2706=VECTOR('',#9752,10.);
#2707=VECTOR('',#9755,10.);
#2708=VECTOR('',#9756,10.);
#2709=VECTOR('',#9759,10.);
#2710=VECTOR('',#9760,10.);
#2711=VECTOR('',#9761,10.);
#2712=VECTOR('',#9764,10.);
#2713=VECTOR('',#9769,10.);
#2714=VECTOR('',#9770,10.);
#2715=VECTOR('',#9771,10.);
#2716=VECTOR('',#9778,10.);
#2717=VECTOR('',#9781,10.);
#2718=VECTOR('',#9784,10.);
#2719=VECTOR('',#9785,10.);
#2720=VECTOR('',#9788,10.);
#2721=VECTOR('',#9789,10.);
#2722=VECTOR('',#9792,10.);
#2723=VECTOR('',#9793,10.);
#2724=VECTOR('',#9796,10.);
#2725=VECTOR('',#9797,20.);
#2726=VECTOR('',#9798,20.);
#2727=VECTOR('',#9801,10.);
#2728=VECTOR('',#9804,10.);
#2729=VECTOR('',#9807,10.);
#2730=VECTOR('',#9808,10.);
#2731=VECTOR('',#9809,10.);
#2732=VECTOR('',#9812,10.);
#2733=VECTOR('',#9833,10.);
#2734=VECTOR('',#9836,10.);
#2735=VECTOR('',#9837,10.);
#2736=VECTOR('',#9856,10.);
#2737=VECTOR('',#9869,10.);
#2738=VECTOR('',#9896,10.);
#2739=VECTOR('',#9899,10.);
#2740=VECTOR('',#9902,10.);
#2741=VECTOR('',#9905,10.);
#2742=VECTOR('',#9908,10.);
#2743=VECTOR('',#9911,10.);
#2744=VECTOR('',#9914,10.);
#2745=VERTEX_POINT('',#9919);
#2746=VERTEX_POINT('',#9920);
#2747=VERTEX_POINT('',#9922);
#2748=VERTEX_POINT('',#9924);
#2749=VERTEX_POINT('',#9928);
#2750=VERTEX_POINT('',#9929);
#2751=VERTEX_POINT('',#9931);
#2752=VERTEX_POINT('',#9933);
#2753=VERTEX_POINT('',#9937);
#2754=VERTEX_POINT('',#9939);
#2755=VERTEX_POINT('',#9943);
#2756=VERTEX_POINT('',#9945);
#2757=VERTEX_POINT('',#9949);
#2758=VERTEX_POINT('',#9951);
#2759=VERTEX_POINT('',#9955);
#2760=VERTEX_POINT('',#9957);
#2761=VERTEX_POINT('',#9961);
#2762=VERTEX_POINT('',#9963);
#2763=VERTEX_POINT('',#9967);
#2764=VERTEX_POINT('',#9969);
#2765=VERTEX_POINT('',#9973);
#2766=VERTEX_POINT('',#9975);
#2767=VERTEX_POINT('',#9979);
#2768=VERTEX_POINT('',#9981);
#2769=VERTEX_POINT('',#9985);
#2770=VERTEX_POINT('',#9987);
#2771=VERTEX_POINT('',#9991);
#2772=VERTEX_POINT('',#9993);
#2773=VERTEX_POINT('',#9997);
#2774=VERTEX_POINT('',#9999);
#2775=VERTEX_POINT('',#10003);
#2776=VERTEX_POINT('',#10005);
#2777=VERTEX_POINT('',#10009);
#2778=VERTEX_POINT('',#10011);
#2779=VERTEX_POINT('',#10015);
#2780=VERTEX_POINT('',#10017);
#2781=VERTEX_POINT('',#10021);
#2782=VERTEX_POINT('',#10023);
#2783=VERTEX_POINT('',#10027);
#2784=VERTEX_POINT('',#10029);
#2785=VERTEX_POINT('',#10033);
#2786=VERTEX_POINT('',#10035);
#2787=VERTEX_POINT('',#10039);
#2788=VERTEX_POINT('',#10041);
#2789=VERTEX_POINT('',#10045);
#2790=VERTEX_POINT('',#10047);
#2791=VERTEX_POINT('',#10051);
#2792=VERTEX_POINT('',#10053);
#2793=VERTEX_POINT('',#10057);
#2794=VERTEX_POINT('',#10058);
#2795=VERTEX_POINT('',#10060);
#2796=VERTEX_POINT('',#10062);
#2797=VERTEX_POINT('',#10066);
#2798=VERTEX_POINT('',#10068);
#2799=VERTEX_POINT('',#10072);
#2800=VERTEX_POINT('',#10073);
#2801=VERTEX_POINT('',#10075);
#2802=VERTEX_POINT('',#10077);
#2803=VERTEX_POINT('',#10081);
#2804=VERTEX_POINT('',#10082);
#2805=VERTEX_POINT('',#10087);
#2806=VERTEX_POINT('',#10089);
#2807=VERTEX_POINT('',#10093);
#2808=VERTEX_POINT('',#10094);
#2809=VERTEX_POINT('',#10099);
#2810=VERTEX_POINT('',#10101);
#2811=VERTEX_POINT('',#10105);
#2812=VERTEX_POINT('',#10106);
#2813=VERTEX_POINT('',#10111);
#2814=VERTEX_POINT('',#10113);
#2815=VERTEX_POINT('',#10117);
#2816=VERTEX_POINT('',#10118);
#2817=VERTEX_POINT('',#10123);
#2818=VERTEX_POINT('',#10125);
#2819=VERTEX_POINT('',#10129);
#2820=VERTEX_POINT('',#10131);
#2821=VERTEX_POINT('',#10135);
#2822=VERTEX_POINT('',#10136);
#2823=VERTEX_POINT('',#10138);
#2824=VERTEX_POINT('',#10143);
#2825=VERTEX_POINT('',#10144);
#2826=VERTEX_POINT('',#10149);
#2827=VERTEX_POINT('',#10153);
#2828=VERTEX_POINT('',#10157);
#2829=VERTEX_POINT('',#10161);
#2830=VERTEX_POINT('',#10163);
#2831=VERTEX_POINT('',#10167);
#2832=VERTEX_POINT('',#10169);
#2833=VERTEX_POINT('',#10173);
#2834=VERTEX_POINT('',#10175);
#2835=VERTEX_POINT('',#10179);
#2836=VERTEX_POINT('',#10181);
#2837=VERTEX_POINT('',#10185);
#2838=VERTEX_POINT('',#10187);
#2839=VERTEX_POINT('',#10191);
#2840=VERTEX_POINT('',#10192);
#2841=VERTEX_POINT('',#10194);
#2842=VERTEX_POINT('',#10196);
#2843=VERTEX_POINT('',#10200);
#2844=VERTEX_POINT('',#10202);
#2845=VERTEX_POINT('',#10206);
#2846=VERTEX_POINT('',#10208);
#2847=VERTEX_POINT('',#10212);
#2848=VERTEX_POINT('',#10214);
#2849=VERTEX_POINT('',#10218);
#2850=VERTEX_POINT('',#10220);
#2851=VERTEX_POINT('',#10222);
#2852=VERTEX_POINT('',#10224);
#2853=VERTEX_POINT('',#10228);
#2854=VERTEX_POINT('',#10230);
#2855=VERTEX_POINT('',#10234);
#2856=VERTEX_POINT('',#10236);
#2857=VERTEX_POINT('',#10240);
#2858=VERTEX_POINT('',#10241);
#2859=VERTEX_POINT('',#10243);
#2860=VERTEX_POINT('',#10245);
#2861=VERTEX_POINT('',#10249);
#2862=VERTEX_POINT('',#10251);
#2863=VERTEX_POINT('',#10255);
#2864=VERTEX_POINT('',#10257);
#2865=VERTEX_POINT('',#10261);
#2866=VERTEX_POINT('',#10263);
#2867=VERTEX_POINT('',#10267);
#2868=VERTEX_POINT('',#10269);
#2869=VERTEX_POINT('',#10273);
#2870=VERTEX_POINT('',#10274);
#2871=VERTEX_POINT('',#10276);
#2872=VERTEX_POINT('',#10278);
#2873=VERTEX_POINT('',#10282);
#2874=VERTEX_POINT('',#10284);
#2875=VERTEX_POINT('',#10288);
#2876=VERTEX_POINT('',#10290);
#2877=VERTEX_POINT('',#10294);
#2878=VERTEX_POINT('',#10296);
#2879=VERTEX_POINT('',#10300);
#2880=VERTEX_POINT('',#10303);
#2881=VERTEX_POINT('',#10307);
#2882=VERTEX_POINT('',#10309);
#2883=VERTEX_POINT('',#10313);
#2884=VERTEX_POINT('',#10315);
#2885=VERTEX_POINT('',#10324);
#2886=VERTEX_POINT('',#10327);
#2887=VERTEX_POINT('',#10331);
#2888=VERTEX_POINT('',#10334);
#2889=VERTEX_POINT('',#10338);
#2890=VERTEX_POINT('',#10341);
#2891=VERTEX_POINT('',#10345);
#2892=VERTEX_POINT('',#10348);
#2893=VERTEX_POINT('',#10352);
#2894=VERTEX_POINT('',#10355);
#2895=VERTEX_POINT('',#10359);
#2896=VERTEX_POINT('',#10362);
#2897=VERTEX_POINT('',#10366);
#2898=VERTEX_POINT('',#10368);
#2899=VERTEX_POINT('',#10370);
#2900=VERTEX_POINT('',#10372);
#2901=VERTEX_POINT('',#10374);
#2902=VERTEX_POINT('',#10378);
#2903=VERTEX_POINT('',#10380);
#2904=VERTEX_POINT('',#10384);
#2905=VERTEX_POINT('',#10386);
#2906=VERTEX_POINT('',#10390);
#2907=VERTEX_POINT('',#10392);
#2908=VERTEX_POINT('',#10396);
#2909=VERTEX_POINT('',#10398);
#2910=VERTEX_POINT('',#10402);
#2911=VERTEX_POINT('',#10404);
#2912=VERTEX_POINT('',#10408);
#2913=VERTEX_POINT('',#10410);
#2914=VERTEX_POINT('',#10414);
#2915=VERTEX_POINT('',#10416);
#2916=VERTEX_POINT('',#10420);
#2917=VERTEX_POINT('',#10422);
#2918=VERTEX_POINT('',#10426);
#2919=VERTEX_POINT('',#10428);
#2920=VERTEX_POINT('',#10432);
#2921=VERTEX_POINT('',#10434);
#2922=VERTEX_POINT('',#10438);
#2923=VERTEX_POINT('',#10440);
#2924=VERTEX_POINT('',#10444);
#2925=VERTEX_POINT('',#10446);
#2926=VERTEX_POINT('',#10450);
#2927=VERTEX_POINT('',#10452);
#2928=VERTEX_POINT('',#10456);
#2929=VERTEX_POINT('',#10458);
#2930=VERTEX_POINT('',#10462);
#2931=VERTEX_POINT('',#10464);
#2932=VERTEX_POINT('',#10468);
#2933=VERTEX_POINT('',#10470);
#2934=VERTEX_POINT('',#10474);
#2935=VERTEX_POINT('',#10476);
#2936=VERTEX_POINT('',#10480);
#2937=VERTEX_POINT('',#10482);
#2938=VERTEX_POINT('',#10486);
#2939=VERTEX_POINT('',#10488);
#2940=VERTEX_POINT('',#10492);
#2941=VERTEX_POINT('',#10494);
#2942=VERTEX_POINT('',#10498);
#2943=VERTEX_POINT('',#10500);
#2944=VERTEX_POINT('',#10504);
#2945=VERTEX_POINT('',#10506);
#2946=VERTEX_POINT('',#10510);
#2947=VERTEX_POINT('',#10512);
#2948=VERTEX_POINT('',#10516);
#2949=VERTEX_POINT('',#10518);
#2950=VERTEX_POINT('',#10522);
#2951=VERTEX_POINT('',#10524);
#2952=VERTEX_POINT('',#10528);
#2953=VERTEX_POINT('',#10530);
#2954=VERTEX_POINT('',#10534);
#2955=VERTEX_POINT('',#10536);
#2956=VERTEX_POINT('',#10540);
#2957=VERTEX_POINT('',#10542);
#2958=VERTEX_POINT('',#10546);
#2959=VERTEX_POINT('',#10548);
#2960=VERTEX_POINT('',#10552);
#2961=VERTEX_POINT('',#10554);
#2962=VERTEX_POINT('',#10558);
#2963=VERTEX_POINT('',#10562);
#2964=VERTEX_POINT('',#10566);
#2965=VERTEX_POINT('',#10570);
#2966=VERTEX_POINT('',#10574);
#2967=VERTEX_POINT('',#10578);
#2968=VERTEX_POINT('',#10582);
#2969=VERTEX_POINT('',#10586);
#2970=VERTEX_POINT('',#10590);
#2971=VERTEX_POINT('',#10594);
#2972=VERTEX_POINT('',#10598);
#2973=VERTEX_POINT('',#10602);
#2974=VERTEX_POINT('',#10606);
#2975=VERTEX_POINT('',#10610);
#2976=VERTEX_POINT('',#10614);
#2977=VERTEX_POINT('',#10618);
#2978=VERTEX_POINT('',#10622);
#2979=VERTEX_POINT('',#10626);
#2980=VERTEX_POINT('',#10630);
#2981=VERTEX_POINT('',#10634);
#2982=VERTEX_POINT('',#10638);
#2983=VERTEX_POINT('',#10642);
#2984=VERTEX_POINT('',#10646);
#2985=VERTEX_POINT('',#10650);
#2986=VERTEX_POINT('',#10654);
#2987=VERTEX_POINT('',#10658);
#2988=VERTEX_POINT('',#10662);
#2989=VERTEX_POINT('',#10666);
#2990=VERTEX_POINT('',#10672);
#2991=VERTEX_POINT('',#10676);
#2992=VERTEX_POINT('',#10678);
#2993=VERTEX_POINT('',#10680);
#2994=VERTEX_POINT('',#10684);
#2995=VERTEX_POINT('',#10686);
#2996=VERTEX_POINT('',#10693);
#2997=VERTEX_POINT('',#10695);
#2998=VERTEX_POINT('',#10700);
#2999=VERTEX_POINT('',#10702);
#3000=VERTEX_POINT('',#10706);
#3001=VERTEX_POINT('',#10708);
#3002=VERTEX_POINT('',#10712);
#3003=VERTEX_POINT('',#10714);
#3004=VERTEX_POINT('',#10718);
#3005=VERTEX_POINT('',#10720);
#3006=VERTEX_POINT('',#10724);
#3007=VERTEX_POINT('',#10726);
#3008=VERTEX_POINT('',#10730);
#3009=VERTEX_POINT('',#10732);
#3010=VERTEX_POINT('',#10736);
#3011=VERTEX_POINT('',#10738);
#3012=VERTEX_POINT('',#10742);
#3013=VERTEX_POINT('',#10744);
#3014=VERTEX_POINT('',#10748);
#3015=VERTEX_POINT('',#10750);
#3016=VERTEX_POINT('',#10754);
#3017=VERTEX_POINT('',#10756);
#3018=VERTEX_POINT('',#10760);
#3019=VERTEX_POINT('',#10762);
#3020=VERTEX_POINT('',#10769);
#3021=VERTEX_POINT('',#10771);
#3022=VERTEX_POINT('',#10778);
#3023=VERTEX_POINT('',#10779);
#3024=VERTEX_POINT('',#10784);
#3025=VERTEX_POINT('',#10785);
#3026=VERTEX_POINT('',#10787);
#3027=VERTEX_POINT('',#10804);
#3028=VERTEX_POINT('',#10805);
#3029=VERTEX_POINT('',#10808);
#3030=VERTEX_POINT('',#10812);
#3031=VERTEX_POINT('',#10819);
#3032=VERTEX_POINT('',#10828);
#3033=VERTEX_POINT('',#10832);
#3034=VERTEX_POINT('',#10833);
#3035=VERTEX_POINT('',#10835);
#3036=VERTEX_POINT('',#10843);
#3037=VERTEX_POINT('',#10844);
#3038=VERTEX_POINT('',#10846);
#3039=VERTEX_POINT('',#10852);
#3040=VERTEX_POINT('',#10854);
#3041=VERTEX_POINT('',#10864);
#3042=VERTEX_POINT('',#10866);
#3043=VERTEX_POINT('',#10899);
#3044=VERTEX_POINT('',#10903);
#3045=VERTEX_POINT('',#10936);
#3046=VERTEX_POINT('',#10959);
#3047=VERTEX_POINT('',#10960);
#3048=VERTEX_POINT('',#10971);
#3049=VERTEX_POINT('',#10979);
#3050=VERTEX_POINT('',#10980);
#3051=VERTEX_POINT('',#10986);
#3052=VERTEX_POINT('',#11012);
#3053=VERTEX_POINT('',#11041);
#3054=VERTEX_POINT('',#11072);
#3055=VERTEX_POINT('',#11074);
#3056=VERTEX_POINT('',#11101);
#3057=VERTEX_POINT('',#11133);
#3058=VERTEX_POINT('',#11142);
#3059=VERTEX_POINT('',#11168);
#3060=VERTEX_POINT('',#11191);
#3061=VERTEX_POINT('',#11227);
#3062=VERTEX_POINT('',#11235);
#3063=VERTEX_POINT('',#11258);
#3064=VERTEX_POINT('',#11260);
#3065=VERTEX_POINT('',#11289);
#3066=VERTEX_POINT('',#11317);
#3067=VERTEX_POINT('',#11327);
#3068=VERTEX_POINT('',#11328);
#3069=VERTEX_POINT('',#11333);
#3070=VERTEX_POINT('',#11337);
#3071=VERTEX_POINT('',#11338);
#3072=VERTEX_POINT('',#11343);
#3073=VERTEX_POINT('',#11344);
#3074=VERTEX_POINT('',#11349);
#3075=VERTEX_POINT('',#11350);
#3076=VERTEX_POINT('',#11352);
#3077=VERTEX_POINT('',#11354);
#3078=VERTEX_POINT('',#11358);
#3079=VERTEX_POINT('',#11359);
#3080=VERTEX_POINT('',#11361);
#3081=VERTEX_POINT('',#11363);
#3082=VERTEX_POINT('',#11367);
#3083=VERTEX_POINT('',#11369);
#3084=VERTEX_POINT('',#11373);
#3085=VERTEX_POINT('',#11375);
#3086=VERTEX_POINT('',#11379);
#3087=VERTEX_POINT('',#11381);
#3088=VERTEX_POINT('',#11385);
#3089=VERTEX_POINT('',#11387);
#3090=VERTEX_POINT('',#11391);
#3091=VERTEX_POINT('',#11393);
#3092=VERTEX_POINT('',#11397);
#3093=VERTEX_POINT('',#11399);
#3094=VERTEX_POINT('',#11403);
#3095=VERTEX_POINT('',#11405);
#3096=VERTEX_POINT('',#11409);
#3097=VERTEX_POINT('',#11411);
#3098=VERTEX_POINT('',#11415);
#3099=VERTEX_POINT('',#11417);
#3100=VERTEX_POINT('',#11421);
#3101=VERTEX_POINT('',#11423);
#3102=VERTEX_POINT('',#11427);
#3103=VERTEX_POINT('',#11429);
#3104=VERTEX_POINT('',#11433);
#3105=VERTEX_POINT('',#11435);
#3106=VERTEX_POINT('',#11439);
#3107=VERTEX_POINT('',#11441);
#3108=VERTEX_POINT('',#11445);
#3109=VERTEX_POINT('',#11447);
#3110=VERTEX_POINT('',#11451);
#3111=VERTEX_POINT('',#11453);
#3112=VERTEX_POINT('',#11457);
#3113=VERTEX_POINT('',#11459);
#3114=VERTEX_POINT('',#11463);
#3115=VERTEX_POINT('',#11465);
#3116=VERTEX_POINT('',#11469);
#3117=VERTEX_POINT('',#11471);
#3118=VERTEX_POINT('',#11475);
#3119=VERTEX_POINT('',#11477);
#3120=VERTEX_POINT('',#11481);
#3121=VERTEX_POINT('',#11483);
#3122=VERTEX_POINT('',#11487);
#3123=VERTEX_POINT('',#11488);
#3124=VERTEX_POINT('',#11490);
#3125=VERTEX_POINT('',#11492);
#3126=VERTEX_POINT('',#11496);
#3127=VERTEX_POINT('',#11498);
#3128=VERTEX_POINT('',#11502);
#3129=VERTEX_POINT('',#11504);
#3130=VERTEX_POINT('',#11508);
#3131=VERTEX_POINT('',#11510);
#3132=VERTEX_POINT('',#11514);
#3133=VERTEX_POINT('',#11515);
#3134=VERTEX_POINT('',#11520);
#3135=VERTEX_POINT('',#11522);
#3136=VERTEX_POINT('',#11526);
#3137=VERTEX_POINT('',#11527);
#3138=VERTEX_POINT('',#11532);
#3139=VERTEX_POINT('',#11534);
#3140=VERTEX_POINT('',#11538);
#3141=VERTEX_POINT('',#11539);
#3142=VERTEX_POINT('',#11544);
#3143=VERTEX_POINT('',#11546);
#3144=VERTEX_POINT('',#11550);
#3145=VERTEX_POINT('',#11551);
#3146=VERTEX_POINT('',#11556);
#3147=VERTEX_POINT('',#11558);
#3148=VERTEX_POINT('',#11560);
#3149=VERTEX_POINT('',#11562);
#3150=VERTEX_POINT('',#11564);
#3151=VERTEX_POINT('',#11566);
#3152=VERTEX_POINT('',#11568);
#3153=VERTEX_POINT('',#11570);
#3154=VERTEX_POINT('',#11572);
#3155=VERTEX_POINT('',#11574);
#3156=VERTEX_POINT('',#11576);
#3157=VERTEX_POINT('',#11578);
#3158=VERTEX_POINT('',#11580);
#3159=VERTEX_POINT('',#11582);
#3160=VERTEX_POINT('',#11584);
#3161=VERTEX_POINT('',#11586);
#3162=VERTEX_POINT('',#11588);
#3163=VERTEX_POINT('',#11590);
#3164=VERTEX_POINT('',#11592);
#3165=VERTEX_POINT('',#11594);
#3166=VERTEX_POINT('',#11596);
#3167=VERTEX_POINT('',#11598);
#3168=VERTEX_POINT('',#11600);
#3169=VERTEX_POINT('',#11602);
#3170=VERTEX_POINT('',#11604);
#3171=VERTEX_POINT('',#11606);
#3172=VERTEX_POINT('',#11608);
#3173=VERTEX_POINT('',#11610);
#3174=VERTEX_POINT('',#11612);
#3175=VERTEX_POINT('',#11614);
#3176=VERTEX_POINT('',#11616);
#3177=VERTEX_POINT('',#11620);
#3178=VERTEX_POINT('',#11622);
#3179=VERTEX_POINT('',#11626);
#3180=VERTEX_POINT('',#11628);
#3181=VERTEX_POINT('',#11632);
#3182=VERTEX_POINT('',#11634);
#3183=VERTEX_POINT('',#11639);
#3184=VERTEX_POINT('',#11643);
#3185=VERTEX_POINT('',#11644);
#3186=VERTEX_POINT('',#11649);
#3187=VERTEX_POINT('',#11655);
#3188=VERTEX_POINT('',#11659);
#3189=VERTEX_POINT('',#11661);
#3190=VERTEX_POINT('',#11665);
#3191=VERTEX_POINT('',#11667);
#3192=VERTEX_POINT('',#11671);
#3193=VERTEX_POINT('',#11673);
#3194=VERTEX_POINT('',#11677);
#3195=VERTEX_POINT('',#11679);
#3196=VERTEX_POINT('',#11683);
#3197=VERTEX_POINT('',#11685);
#3198=VERTEX_POINT('',#11689);
#3199=VERTEX_POINT('',#11690);
#3200=VERTEX_POINT('',#11692);
#3201=VERTEX_POINT('',#11694);
#3202=VERTEX_POINT('',#11698);
#3203=VERTEX_POINT('',#11700);
#3204=VERTEX_POINT('',#11704);
#3205=VERTEX_POINT('',#11706);
#3206=VERTEX_POINT('',#11710);
#3207=VERTEX_POINT('',#11712);
#3208=VERTEX_POINT('',#11716);
#3209=VERTEX_POINT('',#11718);
#3210=VERTEX_POINT('',#11720);
#3211=VERTEX_POINT('',#11722);
#3212=VERTEX_POINT('',#11726);
#3213=VERTEX_POINT('',#11728);
#3214=VERTEX_POINT('',#11732);
#3215=VERTEX_POINT('',#11734);
#3216=VERTEX_POINT('',#11738);
#3217=VERTEX_POINT('',#11739);
#3218=VERTEX_POINT('',#11741);
#3219=VERTEX_POINT('',#11743);
#3220=VERTEX_POINT('',#11747);
#3221=VERTEX_POINT('',#11749);
#3222=VERTEX_POINT('',#11753);
#3223=VERTEX_POINT('',#11755);
#3224=VERTEX_POINT('',#11759);
#3225=VERTEX_POINT('',#11761);
#3226=VERTEX_POINT('',#11765);
#3227=VERTEX_POINT('',#11767);
#3228=VERTEX_POINT('',#11771);
#3229=VERTEX_POINT('',#11772);
#3230=VERTEX_POINT('',#11774);
#3231=VERTEX_POINT('',#11776);
#3232=VERTEX_POINT('',#11780);
#3233=VERTEX_POINT('',#11782);
#3234=VERTEX_POINT('',#11786);
#3235=VERTEX_POINT('',#11788);
#3236=VERTEX_POINT('',#11792);
#3237=VERTEX_POINT('',#11794);
#3238=VERTEX_POINT('',#11798);
#3239=VERTEX_POINT('',#11800);
#3240=VERTEX_POINT('',#11805);
#3241=VERTEX_POINT('',#11807);
#3242=VERTEX_POINT('',#11811);
#3243=VERTEX_POINT('',#11814);
#3244=VERTEX_POINT('',#11822);
#3245=VERTEX_POINT('',#11825);
#3246=VERTEX_POINT('',#11829);
#3247=VERTEX_POINT('',#11832);
#3248=VERTEX_POINT('',#11836);
#3249=VERTEX_POINT('',#11839);
#3250=VERTEX_POINT('',#11843);
#3251=VERTEX_POINT('',#11846);
#3252=VERTEX_POINT('',#11850);
#3253=VERTEX_POINT('',#11853);
#3254=VERTEX_POINT('',#11857);
#3255=VERTEX_POINT('',#11860);
#3256=VERTEX_POINT('',#11864);
#3257=VERTEX_POINT('',#11866);
#3258=VERTEX_POINT('',#11868);
#3259=VERTEX_POINT('',#11870);
#3260=VERTEX_POINT('',#11872);
#3261=VERTEX_POINT('',#11876);
#3262=VERTEX_POINT('',#11878);
#3263=VERTEX_POINT('',#11882);
#3264=VERTEX_POINT('',#11884);
#3265=VERTEX_POINT('',#11888);
#3266=VERTEX_POINT('',#11890);
#3267=VERTEX_POINT('',#11894);
#3268=VERTEX_POINT('',#11896);
#3269=VERTEX_POINT('',#11900);
#3270=VERTEX_POINT('',#11902);
#3271=VERTEX_POINT('',#11906);
#3272=VERTEX_POINT('',#11908);
#3273=VERTEX_POINT('',#11912);
#3274=VERTEX_POINT('',#11914);
#3275=VERTEX_POINT('',#11918);
#3276=VERTEX_POINT('',#11920);
#3277=VERTEX_POINT('',#11924);
#3278=VERTEX_POINT('',#11926);
#3279=VERTEX_POINT('',#11930);
#3280=VERTEX_POINT('',#11932);
#3281=VERTEX_POINT('',#11936);
#3282=VERTEX_POINT('',#11938);
#3283=VERTEX_POINT('',#11942);
#3284=VERTEX_POINT('',#11944);
#3285=VERTEX_POINT('',#11948);
#3286=VERTEX_POINT('',#11950);
#3287=VERTEX_POINT('',#11954);
#3288=VERTEX_POINT('',#11956);
#3289=VERTEX_POINT('',#11960);
#3290=VERTEX_POINT('',#11962);
#3291=VERTEX_POINT('',#11966);
#3292=VERTEX_POINT('',#11968);
#3293=VERTEX_POINT('',#11972);
#3294=VERTEX_POINT('',#11974);
#3295=VERTEX_POINT('',#11978);
#3296=VERTEX_POINT('',#11980);
#3297=VERTEX_POINT('',#11984);
#3298=VERTEX_POINT('',#11986);
#3299=VERTEX_POINT('',#11990);
#3300=VERTEX_POINT('',#11992);
#3301=VERTEX_POINT('',#11996);
#3302=VERTEX_POINT('',#11998);
#3303=VERTEX_POINT('',#12002);
#3304=VERTEX_POINT('',#12004);
#3305=VERTEX_POINT('',#12008);
#3306=VERTEX_POINT('',#12010);
#3307=VERTEX_POINT('',#12014);
#3308=VERTEX_POINT('',#12016);
#3309=VERTEX_POINT('',#12020);
#3310=VERTEX_POINT('',#12022);
#3311=VERTEX_POINT('',#12026);
#3312=VERTEX_POINT('',#12028);
#3313=VERTEX_POINT('',#12032);
#3314=VERTEX_POINT('',#12034);
#3315=VERTEX_POINT('',#12038);
#3316=VERTEX_POINT('',#12040);
#3317=VERTEX_POINT('',#12044);
#3318=VERTEX_POINT('',#12046);
#3319=VERTEX_POINT('',#12110);
#3320=VERTEX_POINT('',#12114);
#3321=VERTEX_POINT('',#12116);
#3322=VERTEX_POINT('',#12118);
#3323=VERTEX_POINT('',#12122);
#3324=VERTEX_POINT('',#12124);
#3325=VERTEX_POINT('',#12131);
#3326=VERTEX_POINT('',#12134);
#3327=VERTEX_POINT('',#12138);
#3328=VERTEX_POINT('',#12140);
#3329=VERTEX_POINT('',#12144);
#3330=VERTEX_POINT('',#12146);
#3331=VERTEX_POINT('',#12150);
#3332=VERTEX_POINT('',#12152);
#3333=VERTEX_POINT('',#12156);
#3334=VERTEX_POINT('',#12158);
#3335=VERTEX_POINT('',#12162);
#3336=VERTEX_POINT('',#12164);
#3337=VERTEX_POINT('',#12168);
#3338=VERTEX_POINT('',#12170);
#3339=VERTEX_POINT('',#12174);
#3340=VERTEX_POINT('',#12176);
#3341=VERTEX_POINT('',#12180);
#3342=VERTEX_POINT('',#12182);
#3343=VERTEX_POINT('',#12186);
#3344=VERTEX_POINT('',#12188);
#3345=VERTEX_POINT('',#12192);
#3346=VERTEX_POINT('',#12194);
#3347=VERTEX_POINT('',#12198);
#3348=VERTEX_POINT('',#12200);
#3349=VERTEX_POINT('',#12207);
#3350=VERTEX_POINT('',#12209);
#3351=VERTEX_POINT('',#12216);
#3352=VERTEX_POINT('',#12217);
#3353=VERTEX_POINT('',#12222);
#3354=VERTEX_POINT('',#12223);
#3355=VERTEX_POINT('',#12226);
#3356=VERTEX_POINT('',#12242);
#3357=VERTEX_POINT('',#12243);
#3358=VERTEX_POINT('',#12245);
#3359=VERTEX_POINT('',#12250);
#3360=VERTEX_POINT('',#12252);
#3361=VERTEX_POINT('',#12254);
#3362=VERTEX_POINT('',#12270);
#3363=VERTEX_POINT('',#12271);
#3364=VERTEX_POINT('',#12274);
#3365=VERTEX_POINT('',#12281);
#3366=VERTEX_POINT('',#12285);
#3367=VERTEX_POINT('',#12286);
#3368=VERTEX_POINT('',#12288);
#3369=VERTEX_POINT('',#12293);
#3370=VERTEX_POINT('',#12299);
#3371=VERTEX_POINT('',#12306);
#3372=VERTEX_POINT('',#12308);
#3373=VERTEX_POINT('',#12310);
#3374=VERTEX_POINT('',#12312);
#3375=VERTEX_POINT('',#12314);
#3376=VERTEX_POINT('',#12316);
#3377=VERTEX_POINT('',#12321);
#3378=VERTEX_POINT('',#12326);
#3379=VERTEX_POINT('',#12334);
#3380=VERTEX_POINT('',#12341);
#3381=VERTEX_POINT('',#12343);
#3382=VERTEX_POINT('',#12349);
#3383=VERTEX_POINT('',#12440);
#3384=VERTEX_POINT('',#12447);
#3385=VERTEX_POINT('',#12455);
#3386=VERTEX_POINT('',#12456);
#3387=VERTEX_POINT('',#12461);
#3388=VERTEX_POINT('',#12488);
#3389=VERTEX_POINT('',#12517);
#3390=VERTEX_POINT('',#12548);
#3391=VERTEX_POINT('',#12550);
#3392=VERTEX_POINT('',#12577);
#3393=VERTEX_POINT('',#12631);
#3394=VERTEX_POINT('',#12654);
#3395=VERTEX_POINT('',#12690);
#3396=EDGE_CURVE('',#2745,#2746,#1489,.T.);
#3397=EDGE_CURVE('',#2745,#2747,#1490,.T.);
#3398=EDGE_CURVE('',#2747,#2748,#1491,.T.);
#3399=EDGE_CURVE('',#2748,#2746,#1492,.T.);
#3400=EDGE_CURVE('',#2749,#2750,#1493,.T.);
#3401=EDGE_CURVE('',#2749,#2751,#1494,.T.);
#3402=EDGE_CURVE('',#2751,#2752,#1495,.T.);
#3403=EDGE_CURVE('',#2752,#2750,#1496,.T.);
#3404=EDGE_CURVE('',#2753,#2749,#1497,.T.);
#3405=EDGE_CURVE('',#2753,#2754,#1498,.T.);
#3406=EDGE_CURVE('',#2754,#2751,#1499,.T.);
#3407=EDGE_CURVE('',#2755,#2753,#1500,.T.);
#3408=EDGE_CURVE('',#2755,#2756,#1501,.T.);
#3409=EDGE_CURVE('',#2756,#2754,#1502,.T.);
#3410=EDGE_CURVE('',#2757,#2755,#1503,.T.);
#3411=EDGE_CURVE('',#2757,#2758,#1504,.T.);
#3412=EDGE_CURVE('',#2758,#2756,#1505,.T.);
#3413=EDGE_CURVE('',#2759,#2757,#227,.T.);
#3414=EDGE_CURVE('',#2760,#2759,#1506,.T.);
#3415=EDGE_CURVE('',#2760,#2758,#167,.T.);
#3416=EDGE_CURVE('',#2761,#2759,#1507,.T.);
#3417=EDGE_CURVE('',#2761,#2762,#1508,.T.);
#3418=EDGE_CURVE('',#2762,#2760,#1509,.T.);
#3419=EDGE_CURVE('',#2763,#2761,#228,.T.);
#3420=EDGE_CURVE('',#2764,#2763,#1510,.T.);
#3421=EDGE_CURVE('',#2764,#2762,#168,.T.);
#3422=EDGE_CURVE('',#2765,#2763,#1511,.T.);
#3423=EDGE_CURVE('',#2765,#2766,#1512,.T.);
#3424=EDGE_CURVE('',#2766,#2764,#1513,.T.);
#3425=EDGE_CURVE('',#2767,#2765,#229,.T.);
#3426=EDGE_CURVE('',#2768,#2767,#1514,.T.);
#3427=EDGE_CURVE('',#2768,#2766,#169,.T.);
#3428=EDGE_CURVE('',#2769,#2767,#1515,.T.);
#3429=EDGE_CURVE('',#2769,#2770,#1516,.T.);
#3430=EDGE_CURVE('',#2770,#2768,#1517,.T.);
#3431=EDGE_CURVE('',#2771,#2769,#230,.T.);
#3432=EDGE_CURVE('',#2772,#2771,#1518,.T.);
#3433=EDGE_CURVE('',#2772,#2770,#170,.T.);
#3434=EDGE_CURVE('',#2773,#2771,#1519,.T.);
#3435=EDGE_CURVE('',#2773,#2774,#1520,.T.);
#3436=EDGE_CURVE('',#2774,#2772,#1521,.T.);
#3437=EDGE_CURVE('',#2775,#2773,#231,.T.);
#3438=EDGE_CURVE('',#2776,#2775,#1522,.T.);
#3439=EDGE_CURVE('',#2776,#2774,#171,.T.);
#3440=EDGE_CURVE('',#2777,#2775,#1523,.T.);
#3441=EDGE_CURVE('',#2777,#2778,#1524,.T.);
#3442=EDGE_CURVE('',#2778,#2776,#1525,.T.);
#3443=EDGE_CURVE('',#2779,#2777,#232,.T.);
#3444=EDGE_CURVE('',#2780,#2779,#1526,.T.);
#3445=EDGE_CURVE('',#2780,#2778,#172,.T.);
#3446=EDGE_CURVE('',#2781,#2779,#1527,.T.);
#3447=EDGE_CURVE('',#2781,#2782,#1528,.T.);
#3448=EDGE_CURVE('',#2782,#2780,#1529,.T.);
#3449=EDGE_CURVE('',#2783,#2781,#233,.T.);
#3450=EDGE_CURVE('',#2784,#2783,#1530,.T.);
#3451=EDGE_CURVE('',#2784,#2782,#173,.T.);
#3452=EDGE_CURVE('',#2785,#2783,#1531,.T.);
#3453=EDGE_CURVE('',#2785,#2786,#1532,.T.);
#3454=EDGE_CURVE('',#2786,#2784,#1533,.T.);
#3455=EDGE_CURVE('',#2787,#2785,#1534,.T.);
#3456=EDGE_CURVE('',#2787,#2788,#1535,.T.);
#3457=EDGE_CURVE('',#2788,#2786,#1536,.T.);
#3458=EDGE_CURVE('',#2789,#2787,#1537,.T.);
#3459=EDGE_CURVE('',#2789,#2790,#1538,.T.);
#3460=EDGE_CURVE('',#2790,#2788,#1539,.T.);
#3461=EDGE_CURVE('',#2791,#2789,#234,.T.);
#3462=EDGE_CURVE('',#2792,#2791,#1540,.T.);
#3463=EDGE_CURVE('',#2792,#2790,#174,.T.);
#3464=EDGE_CURVE('',#2793,#2794,#1541,.T.);
#3465=EDGE_CURVE('',#2793,#2795,#1542,.T.);
#3466=EDGE_CURVE('',#2795,#2796,#1543,.T.);
#3467=EDGE_CURVE('',#2796,#2794,#1544,.T.);
#3468=EDGE_CURVE('',#2797,#2793,#235,.T.);
#3469=EDGE_CURVE('',#2798,#2797,#1545,.T.);
#3470=EDGE_CURVE('',#2798,#2795,#175,.T.);
#3471=EDGE_CURVE('',#2799,#2800,#1546,.T.);
#3472=EDGE_CURVE('',#2801,#2800,#236,.T.);
#3473=EDGE_CURVE('',#2802,#2801,#1547,.T.);
#3474=EDGE_CURVE('',#2799,#2802,#237,.T.);
#3475=EDGE_CURVE('',#2803,#2804,#1548,.T.);
#3476=EDGE_CURVE('',#2802,#2803,#1549,.T.);
#3477=EDGE_CURVE('',#2804,#2801,#1550,.T.);
#3478=EDGE_CURVE('',#2805,#2804,#238,.T.);
#3479=EDGE_CURVE('',#2806,#2805,#1551,.T.);
#3480=EDGE_CURVE('',#2803,#2806,#239,.T.);
#3481=EDGE_CURVE('',#2807,#2808,#1552,.T.);
#3482=EDGE_CURVE('',#2806,#2807,#1553,.T.);
#3483=EDGE_CURVE('',#2808,#2805,#1554,.T.);
#3484=EDGE_CURVE('',#2809,#2808,#240,.T.);
#3485=EDGE_CURVE('',#2810,#2809,#1555,.T.);
#3486=EDGE_CURVE('',#2807,#2810,#241,.T.);
#3487=EDGE_CURVE('',#2811,#2812,#1556,.T.);
#3488=EDGE_CURVE('',#2810,#2811,#1557,.T.);
#3489=EDGE_CURVE('',#2812,#2809,#1558,.T.);
#3490=EDGE_CURVE('',#2813,#2812,#242,.T.);
#3491=EDGE_CURVE('',#2814,#2813,#1559,.T.);
#3492=EDGE_CURVE('',#2811,#2814,#243,.T.);
#3493=EDGE_CURVE('',#2815,#2816,#1560,.T.);
#3494=EDGE_CURVE('',#2814,#2815,#1561,.T.);
#3495=EDGE_CURVE('',#2816,#2813,#1562,.T.);
#3496=EDGE_CURVE('',#2817,#2816,#1563,.T.);
#3497=EDGE_CURVE('',#2817,#2818,#1564,.T.);
#3498=EDGE_CURVE('',#2815,#2818,#1565,.T.);
#3499=EDGE_CURVE('',#2819,#2817,#244,.T.);
#3500=EDGE_CURVE('',#2819,#2820,#1566,.T.);
#3501=EDGE_CURVE('',#2818,#2820,#245,.T.);
#3502=EDGE_CURVE('',#2821,#2822,#1567,.T.);
#3503=EDGE_CURVE('',#2822,#2823,#1568,.T.);
#3504=EDGE_CURVE('',#2817,#2823,#1569,.T.);
#3505=EDGE_CURVE('',#2816,#2821,#1570,.T.);
#3506=EDGE_CURVE('',#2824,#2825,#176,.T.);
#3507=EDGE_CURVE('',#2807,#2825,#1571,.T.);
#3508=EDGE_CURVE('',#2824,#2810,#1572,.T.);
#3509=EDGE_CURVE('',#2826,#2824,#1573,.T.);
#3510=EDGE_CURVE('',#2811,#2826,#1574,.T.);
#3511=EDGE_CURVE('',#2827,#2826,#177,.T.);
#3512=EDGE_CURVE('',#2827,#2814,#1575,.T.);
#3513=EDGE_CURVE('',#2825,#2828,#1576,.T.);
#3514=EDGE_CURVE('',#2828,#2806,#1577,.T.);
#3515=EDGE_CURVE('',#2746,#2829,#246,.T.);
#3516=EDGE_CURVE('',#2748,#2830,#178,.T.);
#3517=EDGE_CURVE('',#2829,#2830,#1578,.T.);
#3518=EDGE_CURVE('',#2829,#2831,#1579,.T.);
#3519=EDGE_CURVE('',#2830,#2832,#1580,.T.);
#3520=EDGE_CURVE('',#2832,#2831,#1581,.T.);
#3521=EDGE_CURVE('',#2750,#2833,#247,.T.);
#3522=EDGE_CURVE('',#2752,#2834,#179,.T.);
#3523=EDGE_CURVE('',#2833,#2834,#1582,.T.);
#3524=EDGE_CURVE('',#2833,#2835,#1583,.T.);
#3525=EDGE_CURVE('',#2834,#2836,#1584,.T.);
#3526=EDGE_CURVE('',#2836,#2835,#1585,.T.);
#3527=EDGE_CURVE('',#2831,#2837,#248,.T.);
#3528=EDGE_CURVE('',#2832,#2838,#180,.T.);
#3529=EDGE_CURVE('',#2837,#2838,#1586,.T.);
#3530=EDGE_CURVE('',#2839,#2840,#1587,.T.);
#3531=EDGE_CURVE('',#2839,#2841,#1588,.T.);
#3532=EDGE_CURVE('',#2841,#2842,#1589,.T.);
#3533=EDGE_CURVE('',#2840,#2842,#1590,.T.);
#3534=EDGE_CURVE('',#2835,#2843,#249,.T.);
#3535=EDGE_CURVE('',#2836,#2844,#181,.T.);
#3536=EDGE_CURVE('',#2843,#2844,#1591,.T.);
#3537=EDGE_CURVE('',#2843,#2845,#1592,.T.);
#3538=EDGE_CURVE('',#2844,#2846,#1593,.T.);
#3539=EDGE_CURVE('',#2846,#2845,#1594,.T.);
#3540=EDGE_CURVE('',#2845,#2847,#250,.T.);
#3541=EDGE_CURVE('',#2846,#2848,#182,.T.);
#3542=EDGE_CURVE('',#2847,#2848,#1595,.T.);
#3543=EDGE_CURVE('',#2847,#2849,#1596,.T.);
#3544=EDGE_CURVE('',#2848,#2850,#1597,.T.);
#3545=EDGE_CURVE('',#2850,#2851,#1598,.T.);
#3546=EDGE_CURVE('',#2852,#2851,#1599,.T.);
#3547=EDGE_CURVE('',#2849,#2852,#1600,.T.);
#3548=EDGE_CURVE('',#2851,#2853,#251,.T.);
#3549=EDGE_CURVE('',#2850,#2854,#183,.T.);
#3550=EDGE_CURVE('',#2853,#2854,#1601,.T.);
#3551=EDGE_CURVE('',#2853,#2855,#1602,.T.);
#3552=EDGE_CURVE('',#2854,#2856,#1603,.T.);
#3553=EDGE_CURVE('',#2856,#2855,#1604,.T.);
#3554=EDGE_CURVE('',#2857,#2858,#1605,.T.);
#3555=EDGE_CURVE('',#2857,#2859,#1606,.T.);
#3556=EDGE_CURVE('',#2859,#2860,#1607,.T.);
#3557=EDGE_CURVE('',#2860,#2858,#1608,.T.);
#3558=EDGE_CURVE('',#2858,#2861,#252,.T.);
#3559=EDGE_CURVE('',#2860,#2862,#184,.T.);
#3560=EDGE_CURVE('',#2861,#2862,#1609,.T.);
#3561=EDGE_CURVE('',#2861,#2863,#1610,.T.);
#3562=EDGE_CURVE('',#2862,#2864,#1611,.T.);
#3563=EDGE_CURVE('',#2864,#2863,#1612,.T.);
#3564=EDGE_CURVE('',#2863,#2865,#253,.T.);
#3565=EDGE_CURVE('',#2864,#2866,#185,.T.);
#3566=EDGE_CURVE('',#2865,#2866,#1613,.T.);
#3567=EDGE_CURVE('',#2865,#2867,#1614,.T.);
#3568=EDGE_CURVE('',#2866,#2868,#1615,.T.);
#3569=EDGE_CURVE('',#2867,#2868,#1616,.T.);
#3570=EDGE_CURVE('',#2869,#2870,#254,.T.);
#3571=EDGE_CURVE('',#2871,#2870,#1617,.T.);
#3572=EDGE_CURVE('',#2871,#2872,#186,.T.);
#3573=EDGE_CURVE('',#2869,#2872,#1618,.T.);
#3574=EDGE_CURVE('',#2867,#2873,#1619,.T.);
#3575=EDGE_CURVE('',#2868,#2874,#1620,.T.);
#3576=EDGE_CURVE('',#2873,#2874,#1621,.T.);
#3577=EDGE_CURVE('',#2875,#2791,#1622,.T.);
#3578=EDGE_CURVE('',#2875,#2876,#1623,.T.);
#3579=EDGE_CURVE('',#2876,#2792,#1624,.T.);
#3580=EDGE_CURVE('',#2877,#2875,#1625,.T.);
#3581=EDGE_CURVE('',#2877,#2878,#1626,.T.);
#3582=EDGE_CURVE('',#2878,#2876,#1627,.T.);
#3583=EDGE_CURVE('',#2873,#2879,#1628,.T.);
#3584=EDGE_CURVE('',#2874,#2871,#1629,.T.);
#3585=EDGE_CURVE('',#2870,#2880,#1630,.T.);
#3586=EDGE_CURVE('',#2880,#2879,#1631,.T.);
#3587=EDGE_CURVE('',#2840,#2881,#1632,.T.);
#3588=EDGE_CURVE('',#2842,#2882,#1633,.T.);
#3589=EDGE_CURVE('',#2881,#2882,#1634,.T.);
#3590=EDGE_CURVE('',#2883,#2857,#255,.T.);
#3591=EDGE_CURVE('',#2884,#2883,#1635,.T.);
#3592=EDGE_CURVE('',#2855,#2884,#256,.T.);
#3593=EDGE_CURVE('',#2856,#2859,#187,.T.);
#3594=EDGE_CURVE('',#2884,#2852,#257,.T.);
#3595=EDGE_CURVE('',#2849,#2883,#258,.T.);
#3596=EDGE_CURVE('',#2885,#2885,#259,.T.);
#3597=EDGE_CURVE('',#2885,#2886,#1636,.T.);
#3598=EDGE_CURVE('',#2886,#2886,#260,.T.);
#3599=EDGE_CURVE('',#2887,#2887,#261,.T.);
#3600=EDGE_CURVE('',#2887,#2888,#1637,.T.);
#3601=EDGE_CURVE('',#2888,#2888,#262,.T.);
#3602=EDGE_CURVE('',#2889,#2889,#263,.T.);
#3603=EDGE_CURVE('',#2889,#2890,#1638,.T.);
#3604=EDGE_CURVE('',#2890,#2890,#264,.T.);
#3605=EDGE_CURVE('',#2891,#2891,#265,.T.);
#3606=EDGE_CURVE('',#2891,#2892,#1639,.T.);
#3607=EDGE_CURVE('',#2892,#2892,#266,.T.);
#3608=EDGE_CURVE('',#2893,#2893,#267,.T.);
#3609=EDGE_CURVE('',#2894,#2894,#268,.T.);
#3610=EDGE_CURVE('',#2894,#2893,#1640,.T.);
#3611=EDGE_CURVE('',#2895,#2895,#269,.T.);
#3612=EDGE_CURVE('',#2896,#2896,#270,.T.);
#3613=EDGE_CURVE('',#2896,#2895,#1641,.T.);
#3614=EDGE_CURVE('',#2822,#2897,#1642,.T.);
#3615=EDGE_CURVE('',#2898,#2897,#1643,.T.);
#3616=EDGE_CURVE('',#2899,#2898,#1644,.T.);
#3617=EDGE_CURVE('',#2900,#2899,#1645,.T.);
#3618=EDGE_CURVE('',#2900,#2901,#1646,.T.);
#3619=EDGE_CURVE('',#2823,#2901,#271,.T.);
#3620=EDGE_CURVE('',#2897,#2902,#1647,.T.);
#3621=EDGE_CURVE('',#2902,#2903,#1648,.T.);
#3622=EDGE_CURVE('',#2898,#2903,#1649,.T.);
#3623=EDGE_CURVE('',#2902,#2904,#272,.T.);
#3624=EDGE_CURVE('',#2905,#2904,#1650,.T.);
#3625=EDGE_CURVE('',#2903,#2905,#273,.T.);
#3626=EDGE_CURVE('',#2904,#2906,#274,.T.);
#3627=EDGE_CURVE('',#2907,#2906,#1651,.T.);
#3628=EDGE_CURVE('',#2905,#2907,#275,.T.);
#3629=EDGE_CURVE('',#2906,#2908,#276,.T.);
#3630=EDGE_CURVE('',#2909,#2908,#1652,.T.);
#3631=EDGE_CURVE('',#2907,#2909,#277,.T.);
#3632=EDGE_CURVE('',#2908,#2910,#278,.T.);
#3633=EDGE_CURVE('',#2911,#2910,#1653,.T.);
#3634=EDGE_CURVE('',#2909,#2911,#279,.T.);
#3635=EDGE_CURVE('',#2910,#2912,#1654,.T.);
#3636=EDGE_CURVE('',#2913,#2912,#1655,.T.);
#3637=EDGE_CURVE('',#2911,#2913,#1656,.T.);
#3638=EDGE_CURVE('',#2912,#2914,#280,.T.);
#3639=EDGE_CURVE('',#2915,#2914,#1657,.T.);
#3640=EDGE_CURVE('',#2913,#2915,#281,.T.);
#3641=EDGE_CURVE('',#2914,#2916,#282,.T.);
#3642=EDGE_CURVE('',#2917,#2916,#1658,.T.);
#3643=EDGE_CURVE('',#2915,#2917,#283,.T.);
#3644=EDGE_CURVE('',#2916,#2918,#284,.T.);
#3645=EDGE_CURVE('',#2919,#2918,#1659,.T.);
#3646=EDGE_CURVE('',#2917,#2919,#285,.T.);
#3647=EDGE_CURVE('',#2918,#2920,#1660,.T.);
#3648=EDGE_CURVE('',#2921,#2920,#1661,.T.);
#3649=EDGE_CURVE('',#2919,#2921,#1662,.T.);
#3650=EDGE_CURVE('',#2920,#2922,#286,.T.);
#3651=EDGE_CURVE('',#2923,#2922,#1663,.T.);
#3652=EDGE_CURVE('',#2921,#2923,#287,.T.);
#3653=EDGE_CURVE('',#2922,#2924,#288,.T.);
#3654=EDGE_CURVE('',#2925,#2924,#1664,.T.);
#3655=EDGE_CURVE('',#2923,#2925,#289,.T.);
#3656=EDGE_CURVE('',#2924,#2926,#290,.T.);
#3657=EDGE_CURVE('',#2927,#2926,#1665,.T.);
#3658=EDGE_CURVE('',#2925,#2927,#291,.T.);
#3659=EDGE_CURVE('',#2926,#2928,#292,.T.);
#3660=EDGE_CURVE('',#2929,#2928,#1666,.T.);
#3661=EDGE_CURVE('',#2927,#2929,#293,.T.);
#3662=EDGE_CURVE('',#2928,#2930,#1667,.T.);
#3663=EDGE_CURVE('',#2931,#2930,#1668,.T.);
#3664=EDGE_CURVE('',#2929,#2931,#1669,.T.);
#3665=EDGE_CURVE('',#2930,#2932,#294,.T.);
#3666=EDGE_CURVE('',#2933,#2932,#1670,.T.);
#3667=EDGE_CURVE('',#2931,#2933,#295,.T.);
#3668=EDGE_CURVE('',#2932,#2934,#296,.T.);
#3669=EDGE_CURVE('',#2935,#2934,#1671,.T.);
#3670=EDGE_CURVE('',#2933,#2935,#297,.T.);
#3671=EDGE_CURVE('',#2934,#2936,#1672,.T.);
#3672=EDGE_CURVE('',#2937,#2936,#1673,.T.);
#3673=EDGE_CURVE('',#2935,#2937,#1674,.T.);
#3674=EDGE_CURVE('',#2936,#2938,#298,.T.);
#3675=EDGE_CURVE('',#2939,#2938,#1675,.T.);
#3676=EDGE_CURVE('',#2937,#2939,#299,.T.);
#3677=EDGE_CURVE('',#2938,#2940,#300,.T.);
#3678=EDGE_CURVE('',#2941,#2940,#1676,.T.);
#3679=EDGE_CURVE('',#2939,#2941,#301,.T.);
#3680=EDGE_CURVE('',#2940,#2942,#302,.T.);
#3681=EDGE_CURVE('',#2943,#2942,#1677,.T.);
#3682=EDGE_CURVE('',#2941,#2943,#303,.T.);
#3683=EDGE_CURVE('',#2942,#2944,#304,.T.);
#3684=EDGE_CURVE('',#2945,#2944,#1678,.T.);
#3685=EDGE_CURVE('',#2943,#2945,#305,.T.);
#3686=EDGE_CURVE('',#2944,#2946,#306,.T.);
#3687=EDGE_CURVE('',#2947,#2946,#1679,.T.);
#3688=EDGE_CURVE('',#2945,#2947,#307,.T.);
#3689=EDGE_CURVE('',#2946,#2948,#1680,.T.);
#3690=EDGE_CURVE('',#2949,#2948,#1681,.T.);
#3691=EDGE_CURVE('',#2947,#2949,#1682,.T.);
#3692=EDGE_CURVE('',#2948,#2950,#308,.T.);
#3693=EDGE_CURVE('',#2951,#2950,#1683,.T.);
#3694=EDGE_CURVE('',#2949,#2951,#309,.T.);
#3695=EDGE_CURVE('',#2950,#2952,#1684,.T.);
#3696=EDGE_CURVE('',#2953,#2952,#1685,.T.);
#3697=EDGE_CURVE('',#2951,#2953,#1686,.T.);
#3698=EDGE_CURVE('',#2952,#2954,#310,.T.);
#3699=EDGE_CURVE('',#2955,#2954,#1687,.T.);
#3700=EDGE_CURVE('',#2953,#2955,#311,.T.);
#3701=EDGE_CURVE('',#2954,#2956,#312,.T.);
#3702=EDGE_CURVE('',#2957,#2956,#1688,.T.);
#3703=EDGE_CURVE('',#2955,#2957,#313,.T.);
#3704=EDGE_CURVE('',#2956,#2958,#314,.T.);
#3705=EDGE_CURVE('',#2959,#2958,#1689,.T.);
#3706=EDGE_CURVE('',#2957,#2959,#315,.T.);
#3707=EDGE_CURVE('',#2958,#2960,#1690,.T.);
#3708=EDGE_CURVE('',#2956,#2961,#1691,.T.);
#3709=EDGE_CURVE('',#2960,#2961,#316,.T.);
#3710=EDGE_CURVE('',#2954,#2962,#1692,.T.);
#3711=EDGE_CURVE('',#2961,#2962,#317,.T.);
#3712=EDGE_CURVE('',#2952,#2963,#1693,.T.);
#3713=EDGE_CURVE('',#2962,#2963,#318,.T.);
#3714=EDGE_CURVE('',#2950,#2964,#1694,.T.);
#3715=EDGE_CURVE('',#2963,#2964,#1695,.T.);
#3716=EDGE_CURVE('',#2948,#2965,#1696,.T.);
#3717=EDGE_CURVE('',#2964,#2965,#319,.T.);
#3718=EDGE_CURVE('',#2946,#2966,#1697,.T.);
#3719=EDGE_CURVE('',#2965,#2966,#1698,.T.);
#3720=EDGE_CURVE('',#2944,#2967,#1699,.T.);
#3721=EDGE_CURVE('',#2966,#2967,#320,.T.);
#3722=EDGE_CURVE('',#2942,#2968,#1700,.T.);
#3723=EDGE_CURVE('',#2967,#2968,#321,.T.);
#3724=EDGE_CURVE('',#2940,#2969,#1701,.T.);
#3725=EDGE_CURVE('',#2968,#2969,#322,.T.);
#3726=EDGE_CURVE('',#2938,#2970,#1702,.T.);
#3727=EDGE_CURVE('',#2969,#2970,#323,.T.);
#3728=EDGE_CURVE('',#2936,#2971,#1703,.T.);
#3729=EDGE_CURVE('',#2970,#2971,#324,.T.);
#3730=EDGE_CURVE('',#2934,#2972,#1704,.T.);
#3731=EDGE_CURVE('',#2971,#2972,#1705,.T.);
#3732=EDGE_CURVE('',#2932,#2973,#1706,.T.);
#3733=EDGE_CURVE('',#2972,#2973,#325,.T.);
#3734=EDGE_CURVE('',#2930,#2974,#1707,.T.);
#3735=EDGE_CURVE('',#2973,#2974,#326,.T.);
#3736=EDGE_CURVE('',#2928,#2975,#1708,.T.);
#3737=EDGE_CURVE('',#2974,#2975,#1709,.T.);
#3738=EDGE_CURVE('',#2926,#2976,#1710,.T.);
#3739=EDGE_CURVE('',#2975,#2976,#327,.T.);
#3740=EDGE_CURVE('',#2924,#2977,#1711,.T.);
#3741=EDGE_CURVE('',#2976,#2977,#328,.T.);
#3742=EDGE_CURVE('',#2922,#2978,#1712,.T.);
#3743=EDGE_CURVE('',#2977,#2978,#329,.T.);
#3744=EDGE_CURVE('',#2920,#2979,#1713,.T.);
#3745=EDGE_CURVE('',#2978,#2979,#330,.T.);
#3746=EDGE_CURVE('',#2918,#2980,#1714,.T.);
#3747=EDGE_CURVE('',#2979,#2980,#1715,.T.);
#3748=EDGE_CURVE('',#2916,#2981,#1716,.T.);
#3749=EDGE_CURVE('',#2980,#2981,#331,.T.);
#3750=EDGE_CURVE('',#2914,#2982,#1717,.T.);
#3751=EDGE_CURVE('',#2981,#2982,#332,.T.);
#3752=EDGE_CURVE('',#2912,#2983,#1718,.T.);
#3753=EDGE_CURVE('',#2982,#2983,#333,.T.);
#3754=EDGE_CURVE('',#2910,#2984,#1719,.T.);
#3755=EDGE_CURVE('',#2983,#2984,#1720,.T.);
#3756=EDGE_CURVE('',#2908,#2985,#1721,.T.);
#3757=EDGE_CURVE('',#2984,#2985,#334,.T.);
#3758=EDGE_CURVE('',#2906,#2986,#1722,.T.);
#3759=EDGE_CURVE('',#2985,#2986,#335,.T.);
#3760=EDGE_CURVE('',#2904,#2987,#1723,.T.);
#3761=EDGE_CURVE('',#2986,#2987,#336,.T.);
#3762=EDGE_CURVE('',#2902,#2988,#1724,.T.);
#3763=EDGE_CURVE('',#2987,#2988,#337,.T.);
#3764=EDGE_CURVE('',#2897,#2989,#1725,.T.);
#3765=EDGE_CURVE('',#2988,#2989,#1726,.T.);
#3766=EDGE_CURVE('',#2989,#2821,#1727,.T.);
#3767=EDGE_CURVE('',#2990,#2901,#338,.T.);
#3768=EDGE_CURVE('',#2819,#2990,#1728,.T.);
#3769=EDGE_CURVE('',#2991,#2899,#339,.T.);
#3770=EDGE_CURVE('',#2992,#2991,#1729,.T.);
#3771=EDGE_CURVE('',#2992,#2993,#340,.T.);
#3772=EDGE_CURVE('',#2899,#2993,#1730,.T.);
#3773=EDGE_CURVE('',#2994,#2991,#1731,.T.);
#3774=EDGE_CURVE('',#2994,#2995,#1732,.T.);
#3775=EDGE_CURVE('',#2992,#2995,#1733,.T.);
#3776=EDGE_CURVE('',#2879,#2994,#341,.T.);
#3777=EDGE_CURVE('',#2880,#2995,#342,.T.);
#3778=EDGE_CURVE('',#2996,#2877,#1734,.T.);
#3779=EDGE_CURVE('',#2996,#2997,#1735,.T.);
#3780=EDGE_CURVE('',#2869,#2997,#1736,.T.);
#3781=EDGE_CURVE('',#2872,#2878,#1737,.T.);
#3782=EDGE_CURVE('',#2998,#2996,#343,.T.);
#3783=EDGE_CURVE('',#2998,#2999,#1738,.T.);
#3784=EDGE_CURVE('',#2997,#2999,#344,.F.);
#3785=EDGE_CURVE('',#3000,#2998,#345,.T.);
#3786=EDGE_CURVE('',#3001,#3000,#1739,.T.);
#3787=EDGE_CURVE('',#3001,#2999,#346,.T.);
#3788=EDGE_CURVE('',#3002,#3000,#1740,.T.);
#3789=EDGE_CURVE('',#3003,#3002,#1741,.T.);
#3790=EDGE_CURVE('',#3001,#3003,#1742,.T.);
#3791=EDGE_CURVE('',#3004,#3002,#347,.T.);
#3792=EDGE_CURVE('',#3005,#3004,#1743,.T.);
#3793=EDGE_CURVE('',#3005,#3003,#348,.T.);
#3794=EDGE_CURVE('',#3006,#3004,#1744,.T.);
#3795=EDGE_CURVE('',#3006,#3007,#1745,.T.);
#3796=EDGE_CURVE('',#3005,#3007,#1746,.T.);
#3797=EDGE_CURVE('',#3008,#3006,#1747,.T.);
#3798=EDGE_CURVE('',#3008,#3009,#1748,.T.);
#3799=EDGE_CURVE('',#3007,#3009,#1749,.T.);
#3800=EDGE_CURVE('',#3010,#3008,#349,.T.);
#3801=EDGE_CURVE('',#3010,#3011,#1750,.T.);
#3802=EDGE_CURVE('',#3009,#3011,#350,.T.);
#3803=EDGE_CURVE('',#3012,#3010,#1751,.T.);
#3804=EDGE_CURVE('',#3012,#3013,#1752,.T.);
#3805=EDGE_CURVE('',#3011,#3013,#1753,.T.);
#3806=EDGE_CURVE('',#3014,#2745,#351,.T.);
#3807=EDGE_CURVE('',#3015,#3014,#1754,.T.);
#3808=EDGE_CURVE('',#3015,#2747,#188,.T.);
#3809=EDGE_CURVE('',#3016,#3014,#1755,.T.);
#3810=EDGE_CURVE('',#3016,#3017,#1756,.T.);
#3811=EDGE_CURVE('',#3017,#3015,#1757,.T.);
#3812=EDGE_CURVE('',#3018,#3016,#352,.T.);
#3813=EDGE_CURVE('',#3019,#3018,#1758,.T.);
#3814=EDGE_CURVE('',#3019,#3017,#189,.T.);
#3815=EDGE_CURVE('',#2837,#3018,#1759,.T.);
#3816=EDGE_CURVE('',#2838,#3019,#1760,.T.);
#3817=EDGE_CURVE('',#3020,#2839,#353,.T.);
#3818=EDGE_CURVE('',#3021,#3020,#1761,.T.);
#3819=EDGE_CURVE('',#3021,#2841,#190,.T.);
#3820=EDGE_CURVE('',#2881,#2797,#1762,.T.);
#3821=EDGE_CURVE('',#2882,#2798,#1763,.T.);
#3822=EDGE_CURVE('',#3022,#3023,#1764,.T.);
#3823=EDGE_CURVE('',#3023,#3021,#1765,.T.);
#3824=EDGE_CURVE('',#3022,#3020,#1766,.T.);
#3825=EDGE_CURVE('',#3024,#3025,#1767,.T.);
#3826=EDGE_CURVE('',#3024,#3026,#67,.T.);
#3827=EDGE_CURVE('',#3026,#3023,#68,.T.);
#3828=EDGE_CURVE('',#3025,#3022,#354,.T.);
#3829=EDGE_CURVE('',#3027,#3028,#1768,.T.);
#3830=EDGE_CURVE('',#3024,#3027,#191,.F.);
#3831=EDGE_CURVE('',#3029,#3025,#1769,.T.);
#3832=EDGE_CURVE('',#3029,#3028,#1770,.T.);
#3833=EDGE_CURVE('',#2796,#3030,#69,.T.);
#3834=EDGE_CURVE('',#3030,#3031,#70,.T.);
#3835=EDGE_CURVE('',#3031,#3032,#1771,.T.);
#3836=EDGE_CURVE('',#2794,#3032,#355,.T.);
#3837=EDGE_CURVE('',#3033,#3034,#1772,.T.);
#3838=EDGE_CURVE('',#3035,#3033,#1773,.T.);
#3839=EDGE_CURVE('',#3032,#3035,#1774,.T.);
#3840=EDGE_CURVE('',#3031,#3034,#192,.T.);
#3841=EDGE_CURVE('',#3028,#3033,#1775,.T.);
#3842=EDGE_CURVE('',#3035,#3029,#1776,.T.);
#3843=EDGE_CURVE('',#3036,#3037,#1777,.T.);
#3844=EDGE_CURVE('',#3037,#3038,#71,.T.);
#3845=EDGE_CURVE('',#3038,#3027,#1778,.T.);
#3846=EDGE_CURVE('',#3034,#3039,#1779,.T.);
#3847=EDGE_CURVE('',#3039,#3040,#72,.T.);
#3848=EDGE_CURVE('',#3040,#3036,#73,.T.);
#3849=EDGE_CURVE('',#2828,#3041,#356,.T.);
#3850=EDGE_CURVE('',#2825,#3042,#357,.T.);
#3851=EDGE_CURVE('',#3041,#3042,#1780,.T.);
#3852=EDGE_CURVE('',#2824,#3043,#358,.T.);
#3853=EDGE_CURVE('',#3042,#3043,#193,.T.);
#3854=EDGE_CURVE('',#2826,#3044,#359,.T.);
#3855=EDGE_CURVE('',#3043,#3044,#1781,.T.);
#3856=EDGE_CURVE('',#2827,#3045,#360,.T.);
#3857=EDGE_CURVE('',#3044,#3045,#194,.T.);
#3858=EDGE_CURVE('',#3046,#3047,#361,.T.);
#3859=EDGE_CURVE('',#2828,#3047,#74,.T.);
#3860=EDGE_CURVE('',#3046,#3041,#75,.T.);
#3861=EDGE_CURVE('',#3047,#3048,#76,.T.);
#3862=EDGE_CURVE('',#2803,#3048,#1782,.T.);
#3863=EDGE_CURVE('',#3049,#3050,#77,.T.);
#3864=EDGE_CURVE('',#3050,#2802,#1783,.T.);
#3865=EDGE_CURVE('',#3048,#3051,#78,.T.);
#3866=EDGE_CURVE('',#3051,#3049,#1784,.T.);
#3867=EDGE_CURVE('',#3050,#3052,#362,.T.);
#3868=EDGE_CURVE('',#3049,#3036,#363,.T.);
#3869=EDGE_CURVE('',#3052,#3036,#79,.T.);
#3870=EDGE_CURVE('',#3051,#3037,#364,.T.);
#3871=EDGE_CURVE('',#3053,#3048,#365,.T.);
#3872=EDGE_CURVE('',#3037,#3053,#80,.T.);
#3873=EDGE_CURVE('',#3047,#3054,#366,.T.);
#3874=EDGE_CURVE('',#3054,#3055,#367,.T.);
#3875=EDGE_CURVE('',#3053,#3055,#81,.T.);
#3876=EDGE_CURVE('',#3055,#3056,#82,.T.);
#3877=EDGE_CURVE('',#3056,#3038,#368,.T.);
#3878=EDGE_CURVE('',#3056,#3026,#1785,.T.);
#3879=EDGE_CURVE('',#3026,#3057,#369,.T.);
#3880=EDGE_CURVE('',#3023,#3057,#83,.T.);
#3881=EDGE_CURVE('',#3056,#3058,#370,.T.);
#3882=EDGE_CURVE('',#3057,#3058,#1786,.T.);
#3883=EDGE_CURVE('',#3055,#3046,#371,.T.);
#3884=EDGE_CURVE('',#3058,#3046,#84,.T.);
#3885=EDGE_CURVE('',#3030,#3059,#1787,.T.);
#3886=EDGE_CURVE('',#3059,#3039,#372,.T.);
#3887=EDGE_CURVE('',#3059,#3060,#85,.T.);
#3888=EDGE_CURVE('',#3060,#3052,#86,.T.);
#3889=EDGE_CURVE('',#3060,#3061,#373,.T.);
#3890=EDGE_CURVE('',#3050,#3061,#87,.T.);
#3891=EDGE_CURVE('',#3061,#3062,#195,.T.);
#3892=EDGE_CURVE('',#3062,#2799,#1788,.T.);
#3893=EDGE_CURVE('',#3062,#3063,#374,.T.);
#3894=EDGE_CURVE('',#3061,#3064,#375,.T.);
#3895=EDGE_CURVE('',#3063,#3064,#196,.T.);
#3896=EDGE_CURVE('',#3060,#3064,#376,.T.);
#3897=EDGE_CURVE('',#3065,#3030,#377,.T.);
#3898=EDGE_CURVE('',#3065,#2796,#88,.T.);
#3899=EDGE_CURVE('',#3059,#3066,#378,.T.);
#3900=EDGE_CURVE('',#3064,#3066,#89,.T.);
#3901=EDGE_CURVE('',#3066,#3065,#1789,.T.);
#3902=EDGE_CURVE('',#3067,#3068,#1790,.T.);
#3903=EDGE_CURVE('',#2958,#3068,#1791,.T.);
#3904=EDGE_CURVE('',#3067,#2960,#1792,.T.);
#3905=EDGE_CURVE('',#3068,#3069,#1793,.T.);
#3906=EDGE_CURVE('',#2959,#3069,#1794,.T.);
#3907=EDGE_CURVE('',#3070,#3071,#1795,.T.);
#3908=EDGE_CURVE('',#3013,#3071,#1796,.T.);
#3909=EDGE_CURVE('',#3070,#3012,#1797,.T.);
#3910=EDGE_CURVE('',#3072,#3073,#1798,.T.);
#3911=EDGE_CURVE('',#3073,#2990,#1799,.T.);
#3912=EDGE_CURVE('',#3072,#2993,#1800,.T.);
#3913=EDGE_CURVE('',#3074,#3075,#1801,.T.);
#3914=EDGE_CURVE('',#3076,#3075,#1802,.T.);
#3915=EDGE_CURVE('',#3077,#3076,#1803,.T.);
#3916=EDGE_CURVE('',#3074,#3077,#1804,.T.);
#3917=EDGE_CURVE('',#3078,#3079,#1805,.T.);
#3918=EDGE_CURVE('',#3080,#3079,#1806,.T.);
#3919=EDGE_CURVE('',#3081,#3080,#1807,.T.);
#3920=EDGE_CURVE('',#3078,#3081,#1808,.T.);
#3921=EDGE_CURVE('',#3082,#3078,#1809,.T.);
#3922=EDGE_CURVE('',#3083,#3081,#1810,.T.);
#3923=EDGE_CURVE('',#3082,#3083,#1811,.T.);
#3924=EDGE_CURVE('',#3084,#3082,#1812,.T.);
#3925=EDGE_CURVE('',#3085,#3083,#1813,.T.);
#3926=EDGE_CURVE('',#3084,#3085,#1814,.T.);
#3927=EDGE_CURVE('',#3086,#3084,#1815,.T.);
#3928=EDGE_CURVE('',#3087,#3085,#1816,.T.);
#3929=EDGE_CURVE('',#3086,#3087,#1817,.T.);
#3930=EDGE_CURVE('',#3088,#3086,#379,.T.);
#3931=EDGE_CURVE('',#3089,#3087,#197,.T.);
#3932=EDGE_CURVE('',#3089,#3088,#1818,.T.);
#3933=EDGE_CURVE('',#3090,#3088,#1819,.T.);
#3934=EDGE_CURVE('',#3091,#3089,#1820,.T.);
#3935=EDGE_CURVE('',#3090,#3091,#1821,.T.);
#3936=EDGE_CURVE('',#3092,#3090,#380,.T.);
#3937=EDGE_CURVE('',#3093,#3091,#198,.T.);
#3938=EDGE_CURVE('',#3093,#3092,#1822,.T.);
#3939=EDGE_CURVE('',#3094,#3092,#1823,.T.);
#3940=EDGE_CURVE('',#3095,#3093,#1824,.T.);
#3941=EDGE_CURVE('',#3094,#3095,#1825,.T.);
#3942=EDGE_CURVE('',#3096,#3094,#381,.T.);
#3943=EDGE_CURVE('',#3097,#3095,#199,.T.);
#3944=EDGE_CURVE('',#3097,#3096,#1826,.T.);
#3945=EDGE_CURVE('',#3098,#3096,#1827,.T.);
#3946=EDGE_CURVE('',#3099,#3097,#1828,.T.);
#3947=EDGE_CURVE('',#3098,#3099,#1829,.T.);
#3948=EDGE_CURVE('',#3100,#3098,#382,.T.);
#3949=EDGE_CURVE('',#3101,#3099,#200,.T.);
#3950=EDGE_CURVE('',#3101,#3100,#1830,.T.);
#3951=EDGE_CURVE('',#3102,#3100,#1831,.T.);
#3952=EDGE_CURVE('',#3103,#3101,#1832,.T.);
#3953=EDGE_CURVE('',#3102,#3103,#1833,.T.);
#3954=EDGE_CURVE('',#3104,#3102,#383,.T.);
#3955=EDGE_CURVE('',#3105,#3103,#201,.T.);
#3956=EDGE_CURVE('',#3105,#3104,#1834,.T.);
#3957=EDGE_CURVE('',#3106,#3104,#1835,.T.);
#3958=EDGE_CURVE('',#3107,#3105,#1836,.T.);
#3959=EDGE_CURVE('',#3106,#3107,#1837,.T.);
#3960=EDGE_CURVE('',#3108,#3106,#384,.T.);
#3961=EDGE_CURVE('',#3109,#3107,#202,.T.);
#3962=EDGE_CURVE('',#3109,#3108,#1838,.T.);
#3963=EDGE_CURVE('',#3110,#3108,#1839,.T.);
#3964=EDGE_CURVE('',#3111,#3109,#1840,.T.);
#3965=EDGE_CURVE('',#3110,#3111,#1841,.T.);
#3966=EDGE_CURVE('',#3112,#3110,#385,.T.);
#3967=EDGE_CURVE('',#3113,#3111,#203,.T.);
#3968=EDGE_CURVE('',#3113,#3112,#1842,.T.);
#3969=EDGE_CURVE('',#3114,#3112,#1843,.T.);
#3970=EDGE_CURVE('',#3115,#3113,#1844,.T.);
#3971=EDGE_CURVE('',#3114,#3115,#1845,.T.);
#3972=EDGE_CURVE('',#3116,#3114,#1846,.T.);
#3973=EDGE_CURVE('',#3117,#3115,#1847,.T.);
#3974=EDGE_CURVE('',#3116,#3117,#1848,.T.);
#3975=EDGE_CURVE('',#3118,#3116,#1849,.T.);
#3976=EDGE_CURVE('',#3119,#3117,#1850,.T.);
#3977=EDGE_CURVE('',#3118,#3119,#1851,.T.);
#3978=EDGE_CURVE('',#3120,#3118,#386,.T.);
#3979=EDGE_CURVE('',#3121,#3119,#204,.T.);
#3980=EDGE_CURVE('',#3121,#3120,#1852,.T.);
#3981=EDGE_CURVE('',#3122,#3123,#1853,.T.);
#3982=EDGE_CURVE('',#3124,#3123,#1854,.T.);
#3983=EDGE_CURVE('',#3125,#3124,#1855,.T.);
#3984=EDGE_CURVE('',#3122,#3125,#1856,.T.);
#3985=EDGE_CURVE('',#3126,#3122,#387,.T.);
#3986=EDGE_CURVE('',#3127,#3125,#205,.T.);
#3987=EDGE_CURVE('',#3127,#3126,#1857,.T.);
#3988=EDGE_CURVE('',#3128,#2799,#1858,.T.);
#3989=EDGE_CURVE('',#3128,#3129,#1859,.T.);
#3990=EDGE_CURVE('',#2800,#3129,#1860,.T.);
#3991=EDGE_CURVE('',#3128,#3130,#388,.T.);
#3992=EDGE_CURVE('',#3130,#3131,#1861,.T.);
#3993=EDGE_CURVE('',#3131,#3129,#389,.T.);
#3994=EDGE_CURVE('',#3132,#3133,#1862,.T.);
#3995=EDGE_CURVE('',#3133,#3131,#1863,.T.);
#3996=EDGE_CURVE('',#3130,#3132,#1864,.T.);
#3997=EDGE_CURVE('',#3132,#3134,#390,.T.);
#3998=EDGE_CURVE('',#3134,#3135,#1865,.T.);
#3999=EDGE_CURVE('',#3135,#3133,#391,.T.);
#4000=EDGE_CURVE('',#3136,#3137,#1866,.T.);
#4001=EDGE_CURVE('',#3137,#3135,#1867,.T.);
#4002=EDGE_CURVE('',#3134,#3136,#1868,.T.);
#4003=EDGE_CURVE('',#3136,#3138,#392,.T.);
#4004=EDGE_CURVE('',#3138,#3139,#1869,.T.);
#4005=EDGE_CURVE('',#3139,#3137,#393,.T.);
#4006=EDGE_CURVE('',#3140,#3141,#1870,.T.);
#4007=EDGE_CURVE('',#3141,#3139,#1871,.T.);
#4008=EDGE_CURVE('',#3138,#3140,#1872,.T.);
#4009=EDGE_CURVE('',#3140,#3142,#394,.T.);
#4010=EDGE_CURVE('',#3142,#3143,#1873,.T.);
#4011=EDGE_CURVE('',#3143,#3141,#395,.T.);
#4012=EDGE_CURVE('',#3144,#3145,#1874,.T.);
#4013=EDGE_CURVE('',#3145,#3143,#1875,.T.);
#4014=EDGE_CURVE('',#3142,#3144,#1876,.T.);
#4015=EDGE_CURVE('',#3145,#3146,#1877,.T.);
#4016=EDGE_CURVE('',#3147,#3146,#1878,.T.);
#4017=EDGE_CURVE('',#3148,#3147,#1879,.T.);
#4018=EDGE_CURVE('',#3149,#3148,#396,.T.);
#4019=EDGE_CURVE('',#3150,#3149,#397,.T.);
#4020=EDGE_CURVE('',#3151,#3150,#398,.T.);
#4021=EDGE_CURVE('',#3152,#3151,#399,.T.);
#4022=EDGE_CURVE('',#3153,#3152,#1880,.T.);
#4023=EDGE_CURVE('',#3154,#3153,#400,.T.);
#4024=EDGE_CURVE('',#3155,#3154,#401,.T.);
#4025=EDGE_CURVE('',#3156,#3155,#402,.T.);
#4026=EDGE_CURVE('',#3157,#3156,#1881,.T.);
#4027=EDGE_CURVE('',#3158,#3157,#403,.T.);
#4028=EDGE_CURVE('',#3159,#3158,#404,.T.);
#4029=EDGE_CURVE('',#3160,#3159,#405,.T.);
#4030=EDGE_CURVE('',#3161,#3160,#406,.T.);
#4031=EDGE_CURVE('',#3162,#3161,#1882,.T.);
#4032=EDGE_CURVE('',#3163,#3162,#407,.T.);
#4033=EDGE_CURVE('',#3164,#3163,#408,.T.);
#4034=EDGE_CURVE('',#3165,#3164,#1883,.T.);
#4035=EDGE_CURVE('',#3166,#3165,#409,.T.);
#4036=EDGE_CURVE('',#3167,#3166,#410,.T.);
#4037=EDGE_CURVE('',#3168,#3167,#411,.T.);
#4038=EDGE_CURVE('',#3169,#3168,#412,.T.);
#4039=EDGE_CURVE('',#3170,#3169,#413,.T.);
#4040=EDGE_CURVE('',#3171,#3170,#1884,.T.);
#4041=EDGE_CURVE('',#3172,#3171,#414,.T.);
#4042=EDGE_CURVE('',#3173,#3172,#1885,.T.);
#4043=EDGE_CURVE('',#3174,#3173,#415,.T.);
#4044=EDGE_CURVE('',#3175,#3174,#416,.T.);
#4045=EDGE_CURVE('',#3176,#3175,#417,.T.);
#4046=EDGE_CURVE('',#3067,#3176,#1886,.T.);
#4047=EDGE_CURVE('',#3144,#3177,#1887,.T.);
#4048=EDGE_CURVE('',#3178,#3177,#1888,.T.);
#4049=EDGE_CURVE('',#3178,#3145,#1889,.T.);
#4050=EDGE_CURVE('',#3177,#3179,#418,.T.);
#4051=EDGE_CURVE('',#3180,#3179,#1890,.T.);
#4052=EDGE_CURVE('',#3180,#3178,#419,.T.);
#4053=EDGE_CURVE('',#3146,#3181,#1891,.T.);
#4054=EDGE_CURVE('',#3178,#3182,#1892,.T.);
#4055=EDGE_CURVE('',#3181,#3182,#1893,.T.);
#4056=EDGE_CURVE('',#3179,#2820,#1894,.T.);
#4057=EDGE_CURVE('',#3183,#3142,#1895,.T.);
#4058=EDGE_CURVE('',#3183,#2827,#1896,.T.);
#4059=EDGE_CURVE('',#3184,#3185,#206,.T.);
#4060=EDGE_CURVE('',#3184,#3138,#1897,.T.);
#4061=EDGE_CURVE('',#3136,#3185,#1898,.T.);
#4062=EDGE_CURVE('',#3186,#3184,#1899,.T.);
#4063=EDGE_CURVE('',#3140,#3186,#1900,.T.);
#4064=EDGE_CURVE('',#3183,#3186,#207,.T.);
#4065=EDGE_CURVE('',#3185,#3187,#1901,.T.);
#4066=EDGE_CURVE('',#3187,#3134,#1902,.T.);
#4067=EDGE_CURVE('',#3075,#3188,#420,.T.);
#4068=EDGE_CURVE('',#3188,#3189,#1903,.T.);
#4069=EDGE_CURVE('',#3076,#3189,#208,.T.);
#4070=EDGE_CURVE('',#3188,#3190,#1904,.T.);
#4071=EDGE_CURVE('',#3191,#3190,#1905,.T.);
#4072=EDGE_CURVE('',#3189,#3191,#1906,.T.);
#4073=EDGE_CURVE('',#3079,#3192,#421,.T.);
#4074=EDGE_CURVE('',#3192,#3193,#1907,.T.);
#4075=EDGE_CURVE('',#3080,#3193,#209,.T.);
#4076=EDGE_CURVE('',#3192,#3194,#1908,.T.);
#4077=EDGE_CURVE('',#3195,#3194,#1909,.T.);
#4078=EDGE_CURVE('',#3193,#3195,#1910,.T.);
#4079=EDGE_CURVE('',#3190,#3196,#422,.T.);
#4080=EDGE_CURVE('',#3196,#3197,#1911,.T.);
#4081=EDGE_CURVE('',#3191,#3197,#210,.T.);
#4082=EDGE_CURVE('',#3198,#3199,#1912,.T.);
#4083=EDGE_CURVE('',#3199,#3200,#1913,.T.);
#4084=EDGE_CURVE('',#3201,#3200,#1914,.T.);
#4085=EDGE_CURVE('',#3198,#3201,#1915,.T.);
#4086=EDGE_CURVE('',#3194,#3202,#423,.T.);
#4087=EDGE_CURVE('',#3202,#3203,#1916,.T.);
#4088=EDGE_CURVE('',#3195,#3203,#211,.T.);
#4089=EDGE_CURVE('',#3202,#3204,#1917,.T.);
#4090=EDGE_CURVE('',#3205,#3204,#1918,.T.);
#4091=EDGE_CURVE('',#3203,#3205,#1919,.T.);
#4092=EDGE_CURVE('',#3204,#3206,#424,.T.);
#4093=EDGE_CURVE('',#3206,#3207,#1920,.T.);
#4094=EDGE_CURVE('',#3205,#3207,#212,.T.);
#4095=EDGE_CURVE('',#3206,#3208,#1921,.T.);
#4096=EDGE_CURVE('',#3208,#3209,#1922,.T.);
#4097=EDGE_CURVE('',#3209,#3210,#1923,.T.);
#4098=EDGE_CURVE('',#3211,#3210,#1924,.T.);
#4099=EDGE_CURVE('',#3207,#3211,#1925,.T.);
#4100=EDGE_CURVE('',#3210,#3212,#425,.T.);
#4101=EDGE_CURVE('',#3212,#3213,#1926,.T.);
#4102=EDGE_CURVE('',#3211,#3213,#213,.T.);
#4103=EDGE_CURVE('',#3212,#3214,#1927,.T.);
#4104=EDGE_CURVE('',#3215,#3214,#1928,.T.);
#4105=EDGE_CURVE('',#3213,#3215,#1929,.T.);
#4106=EDGE_CURVE('',#3216,#3217,#1930,.T.);
#4107=EDGE_CURVE('',#3218,#3217,#1931,.T.);
#4108=EDGE_CURVE('',#3219,#3218,#1932,.T.);
#4109=EDGE_CURVE('',#3216,#3219,#1933,.T.);
#4110=EDGE_CURVE('',#3217,#3220,#426,.T.);
#4111=EDGE_CURVE('',#3220,#3221,#1934,.T.);
#4112=EDGE_CURVE('',#3218,#3221,#214,.T.);
#4113=EDGE_CURVE('',#3220,#3222,#1935,.T.);
#4114=EDGE_CURVE('',#3223,#3222,#1936,.T.);
#4115=EDGE_CURVE('',#3221,#3223,#1937,.T.);
#4116=EDGE_CURVE('',#3222,#3224,#427,.T.);
#4117=EDGE_CURVE('',#3224,#3225,#1938,.T.);
#4118=EDGE_CURVE('',#3223,#3225,#215,.T.);
#4119=EDGE_CURVE('',#3224,#3226,#1939,.T.);
#4120=EDGE_CURVE('',#3226,#3227,#1940,.T.);
#4121=EDGE_CURVE('',#3225,#3227,#1941,.T.);
#4122=EDGE_CURVE('',#3228,#3229,#428,.T.);
#4123=EDGE_CURVE('',#3228,#3230,#1942,.T.);
#4124=EDGE_CURVE('',#3231,#3230,#216,.T.);
#4125=EDGE_CURVE('',#3231,#3229,#1943,.T.);
#4126=EDGE_CURVE('',#3226,#3232,#1944,.T.);
#4127=EDGE_CURVE('',#3232,#3233,#1945,.T.);
#4128=EDGE_CURVE('',#3227,#3233,#1946,.T.);
#4129=EDGE_CURVE('',#3234,#3120,#1947,.T.);
#4130=EDGE_CURVE('',#3235,#3121,#1948,.T.);
#4131=EDGE_CURVE('',#3234,#3235,#1949,.T.);
#4132=EDGE_CURVE('',#3236,#3234,#1950,.T.);
#4133=EDGE_CURVE('',#3237,#3235,#1951,.T.);
#4134=EDGE_CURVE('',#3236,#3237,#1952,.T.);
#4135=EDGE_CURVE('',#3232,#3238,#1953,.T.);
#4136=EDGE_CURVE('',#3239,#3238,#1954,.T.);
#4137=EDGE_CURVE('',#3229,#3239,#1955,.T.);
#4138=EDGE_CURVE('',#3233,#3231,#1956,.T.);
#4139=EDGE_CURVE('',#3199,#3240,#1957,.T.);
#4140=EDGE_CURVE('',#3240,#3241,#1958,.T.);
#4141=EDGE_CURVE('',#3200,#3241,#1959,.T.);
#4142=EDGE_CURVE('',#3242,#3216,#429,.T.);
#4143=EDGE_CURVE('',#3215,#3219,#217,.T.);
#4144=EDGE_CURVE('',#3214,#3243,#430,.T.);
#4145=EDGE_CURVE('',#3243,#3242,#1960,.T.);
#4146=EDGE_CURVE('',#3243,#3209,#431,.T.);
#4147=EDGE_CURVE('',#3208,#3242,#432,.T.);
#4148=EDGE_CURVE('',#3244,#3244,#433,.T.);
#4149=EDGE_CURVE('',#3244,#3245,#1961,.T.);
#4150=EDGE_CURVE('',#3245,#3245,#434,.T.);
#4151=EDGE_CURVE('',#3246,#3246,#435,.T.);
#4152=EDGE_CURVE('',#3246,#3247,#1962,.T.);
#4153=EDGE_CURVE('',#3247,#3247,#436,.T.);
#4154=EDGE_CURVE('',#3248,#3248,#437,.T.);
#4155=EDGE_CURVE('',#3248,#3249,#1963,.T.);
#4156=EDGE_CURVE('',#3249,#3249,#438,.T.);
#4157=EDGE_CURVE('',#3250,#3250,#439,.T.);
#4158=EDGE_CURVE('',#3250,#3251,#1964,.T.);
#4159=EDGE_CURVE('',#3251,#3251,#440,.T.);
#4160=EDGE_CURVE('',#3252,#3252,#441,.T.);
#4161=EDGE_CURVE('',#3253,#3253,#442,.T.);
#4162=EDGE_CURVE('',#3253,#3252,#1965,.T.);
#4163=EDGE_CURVE('',#3254,#3254,#443,.T.);
#4164=EDGE_CURVE('',#3255,#3255,#444,.T.);
#4165=EDGE_CURVE('',#3255,#3254,#1966,.T.);
#4166=EDGE_CURVE('',#3181,#3256,#1967,.T.);
#4167=EDGE_CURVE('',#3182,#3257,#445,.T.);
#4168=EDGE_CURVE('',#3258,#3257,#1968,.T.);
#4169=EDGE_CURVE('',#3258,#3259,#1969,.T.);
#4170=EDGE_CURVE('',#3259,#3260,#1970,.T.);
#4171=EDGE_CURVE('',#3260,#3256,#1971,.T.);
#4172=EDGE_CURVE('',#3256,#3261,#1972,.T.);
#4173=EDGE_CURVE('',#3260,#3262,#1973,.T.);
#4174=EDGE_CURVE('',#3261,#3262,#1974,.T.);
#4175=EDGE_CURVE('',#3261,#3263,#446,.T.);
#4176=EDGE_CURVE('',#3262,#3264,#447,.T.);
#4177=EDGE_CURVE('',#3264,#3263,#1975,.T.);
#4178=EDGE_CURVE('',#3263,#3265,#448,.T.);
#4179=EDGE_CURVE('',#3264,#3266,#449,.T.);
#4180=EDGE_CURVE('',#3266,#3265,#1976,.T.);
#4181=EDGE_CURVE('',#3265,#3267,#450,.T.);
#4182=EDGE_CURVE('',#3266,#3268,#451,.T.);
#4183=EDGE_CURVE('',#3268,#3267,#1977,.T.);
#4184=EDGE_CURVE('',#3267,#3269,#452,.T.);
#4185=EDGE_CURVE('',#3268,#3270,#453,.T.);
#4186=EDGE_CURVE('',#3270,#3269,#1978,.T.);
#4187=EDGE_CURVE('',#3269,#3271,#1979,.T.);
#4188=EDGE_CURVE('',#3270,#3272,#1980,.T.);
#4189=EDGE_CURVE('',#3272,#3271,#1981,.T.);
#4190=EDGE_CURVE('',#3271,#3273,#454,.T.);
#4191=EDGE_CURVE('',#3272,#3274,#455,.T.);
#4192=EDGE_CURVE('',#3274,#3273,#1982,.T.);
#4193=EDGE_CURVE('',#3273,#3275,#456,.T.);
#4194=EDGE_CURVE('',#3274,#3276,#457,.T.);
#4195=EDGE_CURVE('',#3276,#3275,#1983,.T.);
#4196=EDGE_CURVE('',#3275,#3277,#458,.T.);
#4197=EDGE_CURVE('',#3276,#3278,#459,.T.);
#4198=EDGE_CURVE('',#3278,#3277,#1984,.T.);
#4199=EDGE_CURVE('',#3277,#3279,#1985,.T.);
#4200=EDGE_CURVE('',#3278,#3280,#1986,.T.);
#4201=EDGE_CURVE('',#3280,#3279,#1987,.T.);
#4202=EDGE_CURVE('',#3279,#3281,#460,.T.);
#4203=EDGE_CURVE('',#3280,#3282,#461,.T.);
#4204=EDGE_CURVE('',#3282,#3281,#1988,.T.);
#4205=EDGE_CURVE('',#3281,#3283,#462,.T.);
#4206=EDGE_CURVE('',#3282,#3284,#463,.T.);
#4207=EDGE_CURVE('',#3284,#3283,#1989,.T.);
#4208=EDGE_CURVE('',#3283,#3285,#464,.T.);
#4209=EDGE_CURVE('',#3284,#3286,#465,.T.);
#4210=EDGE_CURVE('',#3286,#3285,#1990,.T.);
#4211=EDGE_CURVE('',#3285,#3287,#466,.T.);
#4212=EDGE_CURVE('',#3286,#3288,#467,.T.);
#4213=EDGE_CURVE('',#3288,#3287,#1991,.T.);
#4214=EDGE_CURVE('',#3287,#3289,#1992,.T.);
#4215=EDGE_CURVE('',#3288,#3290,#1993,.T.);
#4216=EDGE_CURVE('',#3290,#3289,#1994,.T.);
#4217=EDGE_CURVE('',#3289,#3291,#468,.T.);
#4218=EDGE_CURVE('',#3290,#3292,#469,.T.);
#4219=EDGE_CURVE('',#3292,#3291,#1995,.T.);
#4220=EDGE_CURVE('',#3291,#3293,#470,.T.);
#4221=EDGE_CURVE('',#3292,#3294,#471,.T.);
#4222=EDGE_CURVE('',#3294,#3293,#1996,.T.);
#4223=EDGE_CURVE('',#3293,#3295,#1997,.T.);
#4224=EDGE_CURVE('',#3294,#3296,#1998,.T.);
#4225=EDGE_CURVE('',#3296,#3295,#1999,.T.);
#4226=EDGE_CURVE('',#3295,#3297,#472,.T.);
#4227=EDGE_CURVE('',#3296,#3298,#473,.T.);
#4228=EDGE_CURVE('',#3298,#3297,#2000,.T.);
#4229=EDGE_CURVE('',#3297,#3299,#474,.T.);
#4230=EDGE_CURVE('',#3298,#3300,#475,.T.);
#4231=EDGE_CURVE('',#3300,#3299,#2001,.T.);
#4232=EDGE_CURVE('',#3299,#3301,#476,.T.);
#4233=EDGE_CURVE('',#3300,#3302,#477,.T.);
#4234=EDGE_CURVE('',#3302,#3301,#2002,.T.);
#4235=EDGE_CURVE('',#3301,#3303,#478,.T.);
#4236=EDGE_CURVE('',#3302,#3304,#479,.T.);
#4237=EDGE_CURVE('',#3304,#3303,#2003,.T.);
#4238=EDGE_CURVE('',#3303,#3305,#480,.T.);
#4239=EDGE_CURVE('',#3304,#3306,#481,.T.);
#4240=EDGE_CURVE('',#3306,#3305,#2004,.T.);
#4241=EDGE_CURVE('',#3305,#3307,#2005,.T.);
#4242=EDGE_CURVE('',#3306,#3308,#2006,.T.);
#4243=EDGE_CURVE('',#3308,#3307,#2007,.T.);
#4244=EDGE_CURVE('',#3307,#3309,#482,.T.);
#4245=EDGE_CURVE('',#3308,#3310,#483,.T.);
#4246=EDGE_CURVE('',#3310,#3309,#2008,.T.);
#4247=EDGE_CURVE('',#3309,#3311,#2009,.T.);
#4248=EDGE_CURVE('',#3310,#3312,#2010,.T.);
#4249=EDGE_CURVE('',#3312,#3311,#2011,.T.);
#4250=EDGE_CURVE('',#3311,#3313,#484,.T.);
#4251=EDGE_CURVE('',#3312,#3314,#485,.T.);
#4252=EDGE_CURVE('',#3314,#3313,#2012,.T.);
#4253=EDGE_CURVE('',#3313,#3315,#486,.T.);
#4254=EDGE_CURVE('',#3314,#3316,#487,.T.);
#4255=EDGE_CURVE('',#3316,#3315,#2013,.T.);
#4256=EDGE_CURVE('',#3315,#3317,#488,.T.);
#4257=EDGE_CURVE('',#3316,#3318,#489,.T.);
#4258=EDGE_CURVE('',#3318,#3317,#2014,.T.);
#4259=EDGE_CURVE('',#3317,#3176,#2015,.T.);
#4260=EDGE_CURVE('',#3315,#3175,#2016,.T.);
#4261=EDGE_CURVE('',#3313,#3174,#2017,.T.);
#4262=EDGE_CURVE('',#3311,#3173,#2018,.T.);
#4263=EDGE_CURVE('',#3309,#3172,#2019,.T.);
#4264=EDGE_CURVE('',#3307,#3171,#2020,.T.);
#4265=EDGE_CURVE('',#3305,#3170,#2021,.T.);
#4266=EDGE_CURVE('',#3303,#3169,#2022,.T.);
#4267=EDGE_CURVE('',#3301,#3168,#2023,.T.);
#4268=EDGE_CURVE('',#3299,#3167,#2024,.T.);
#4269=EDGE_CURVE('',#3297,#3166,#2025,.T.);
#4270=EDGE_CURVE('',#3295,#3165,#2026,.T.);
#4271=EDGE_CURVE('',#3293,#3164,#2027,.T.);
#4272=EDGE_CURVE('',#3291,#3163,#2028,.T.);
#4273=EDGE_CURVE('',#3289,#3162,#2029,.T.);
#4274=EDGE_CURVE('',#3287,#3161,#2030,.T.);
#4275=EDGE_CURVE('',#3285,#3160,#2031,.T.);
#4276=EDGE_CURVE('',#3283,#3159,#2032,.T.);
#4277=EDGE_CURVE('',#3281,#3158,#2033,.T.);
#4278=EDGE_CURVE('',#3279,#3157,#2034,.T.);
#4279=EDGE_CURVE('',#3277,#3156,#2035,.T.);
#4280=EDGE_CURVE('',#3275,#3155,#2036,.T.);
#4281=EDGE_CURVE('',#3273,#3154,#2037,.T.);
#4282=EDGE_CURVE('',#3271,#3153,#2038,.T.);
#4283=EDGE_CURVE('',#3269,#3152,#2039,.T.);
#4284=EDGE_CURVE('',#3267,#3151,#2040,.T.);
#4285=EDGE_CURVE('',#3265,#3150,#2041,.T.);
#4286=EDGE_CURVE('',#3263,#3149,#2042,.T.);
#4287=EDGE_CURVE('',#3261,#3148,#2043,.T.);
#4288=EDGE_CURVE('',#3256,#3147,#2044,.T.);
#4289=EDGE_CURVE('',#3319,#3257,#490,.T.);
#4290=EDGE_CURVE('',#3180,#3319,#2045,.T.);
#4291=EDGE_CURVE('',#3320,#3259,#491,.T.);
#4292=EDGE_CURVE('',#3259,#3321,#2046,.T.);
#4293=EDGE_CURVE('',#3322,#3321,#492,.T.);
#4294=EDGE_CURVE('',#3322,#3320,#2047,.T.);
#4295=EDGE_CURVE('',#3323,#3320,#2048,.T.);
#4296=EDGE_CURVE('',#3322,#3324,#2049,.T.);
#4297=EDGE_CURVE('',#3323,#3324,#2050,.T.);
#4298=EDGE_CURVE('',#3238,#3323,#493,.T.);
#4299=EDGE_CURVE('',#3239,#3324,#494,.T.);
#4300=EDGE_CURVE('',#3325,#3236,#2051,.T.);
#4301=EDGE_CURVE('',#3230,#3237,#2052,.T.);
#4302=EDGE_CURVE('',#3228,#3326,#2053,.T.);
#4303=EDGE_CURVE('',#3325,#3326,#2054,.T.);
#4304=EDGE_CURVE('',#3327,#3325,#495,.T.);
#4305=EDGE_CURVE('',#3326,#3328,#496,.F.);
#4306=EDGE_CURVE('',#3327,#3328,#2055,.T.);
#4307=EDGE_CURVE('',#3329,#3327,#497,.T.);
#4308=EDGE_CURVE('',#3330,#3328,#498,.T.);
#4309=EDGE_CURVE('',#3330,#3329,#2056,.T.);
#4310=EDGE_CURVE('',#3331,#3329,#2057,.T.);
#4311=EDGE_CURVE('',#3330,#3332,#2058,.T.);
#4312=EDGE_CURVE('',#3332,#3331,#2059,.T.);
#4313=EDGE_CURVE('',#3333,#3331,#499,.T.);
#4314=EDGE_CURVE('',#3334,#3332,#500,.T.);
#4315=EDGE_CURVE('',#3334,#3333,#2060,.T.);
#4316=EDGE_CURVE('',#3335,#3333,#2061,.T.);
#4317=EDGE_CURVE('',#3334,#3336,#2062,.T.);
#4318=EDGE_CURVE('',#3335,#3336,#2063,.T.);
#4319=EDGE_CURVE('',#3337,#3335,#2064,.T.);
#4320=EDGE_CURVE('',#3336,#3338,#2065,.T.);
#4321=EDGE_CURVE('',#3337,#3338,#2066,.T.);
#4322=EDGE_CURVE('',#3339,#3337,#501,.T.);
#4323=EDGE_CURVE('',#3338,#3340,#502,.T.);
#4324=EDGE_CURVE('',#3339,#3340,#2067,.T.);
#4325=EDGE_CURVE('',#3341,#3339,#2068,.T.);
#4326=EDGE_CURVE('',#3340,#3342,#2069,.T.);
#4327=EDGE_CURVE('',#3341,#3342,#2070,.T.);
#4328=EDGE_CURVE('',#3343,#3074,#503,.T.);
#4329=EDGE_CURVE('',#3344,#3077,#218,.T.);
#4330=EDGE_CURVE('',#3344,#3343,#2071,.T.);
#4331=EDGE_CURVE('',#3345,#3343,#2072,.T.);
#4332=EDGE_CURVE('',#3346,#3344,#2073,.T.);
#4333=EDGE_CURVE('',#3345,#3346,#2074,.T.);
#4334=EDGE_CURVE('',#3347,#3345,#504,.T.);
#4335=EDGE_CURVE('',#3348,#3346,#219,.T.);
#4336=EDGE_CURVE('',#3348,#3347,#2075,.T.);
#4337=EDGE_CURVE('',#3196,#3347,#2076,.T.);
#4338=EDGE_CURVE('',#3197,#3348,#2077,.T.);
#4339=EDGE_CURVE('',#3349,#3198,#505,.T.);
#4340=EDGE_CURVE('',#3350,#3201,#220,.T.);
#4341=EDGE_CURVE('',#3350,#3349,#2078,.T.);
#4342=EDGE_CURVE('',#3240,#3126,#2079,.T.);
#4343=EDGE_CURVE('',#3241,#3127,#2080,.T.);
#4344=EDGE_CURVE('',#3351,#3352,#2081,.T.);
#4345=EDGE_CURVE('',#3351,#3349,#2082,.T.);
#4346=EDGE_CURVE('',#3352,#3350,#2083,.T.);
#4347=EDGE_CURVE('',#3353,#3354,#2084,.T.);
#4348=EDGE_CURVE('',#3354,#3351,#506,.T.);
#4349=EDGE_CURVE('',#3355,#3352,#90,.T.);
#4350=EDGE_CURVE('',#3353,#3355,#91,.T.);
#4351=EDGE_CURVE('',#3356,#3357,#2085,.T.);
#4352=EDGE_CURVE('',#3358,#3357,#2086,.T.);
#4353=EDGE_CURVE('',#3358,#3354,#2087,.T.);
#4354=EDGE_CURVE('',#3353,#3356,#221,.F.);
#4355=EDGE_CURVE('',#3123,#3359,#507,.T.);
#4356=EDGE_CURVE('',#3360,#3359,#2088,.T.);
#4357=EDGE_CURVE('',#3361,#3360,#92,.T.);
#4358=EDGE_CURVE('',#3124,#3361,#93,.T.);
#4359=EDGE_CURVE('',#3362,#3363,#2089,.T.);
#4360=EDGE_CURVE('',#3360,#3363,#222,.T.);
#4361=EDGE_CURVE('',#3359,#3364,#2090,.T.);
#4362=EDGE_CURVE('',#3364,#3362,#2091,.T.);
#4363=EDGE_CURVE('',#3357,#3362,#2092,.T.);
#4364=EDGE_CURVE('',#3364,#3358,#2093,.T.);
#4365=EDGE_CURVE('',#3062,#3365,#2094,.T.);
#4366=EDGE_CURVE('',#3365,#3128,#2095,.T.);
#4367=EDGE_CURVE('',#3366,#3367,#2096,.T.);
#4368=EDGE_CURVE('',#3368,#3366,#94,.T.);
#4369=EDGE_CURVE('',#3369,#3368,#95,.T.);
#4370=EDGE_CURVE('',#3363,#3369,#2097,.T.);
#4371=EDGE_CURVE('',#3370,#3356,#2098,.T.);
#4372=EDGE_CURVE('',#3367,#3370,#96,.T.);
#4373=EDGE_CURVE('',#3045,#3371,#2099,.T.);
#4374=EDGE_CURVE('',#3372,#3371,#223,.T.);
#4375=EDGE_CURVE('',#3373,#3372,#2100,.T.);
#4376=EDGE_CURVE('',#3374,#3373,#224,.T.);
#4377=EDGE_CURVE('',#3375,#3374,#2101,.T.);
#4378=EDGE_CURVE('',#3376,#3375,#97,.T.);
#4379=EDGE_CURVE('',#3377,#3376,#98,.T.);
#4380=EDGE_CURVE('',#3378,#3377,#2102,.T.);
#4381=EDGE_CURVE('',#3352,#3378,#99,.T.);
#4382=EDGE_CURVE('',#3379,#3124,#100,.T.);
#4383=EDGE_CURVE('',#3380,#3379,#2103,.T.);
#4384=EDGE_CURVE('',#3381,#3380,#101,.T.);
#4385=EDGE_CURVE('',#3382,#3381,#225,.T.);
#4386=EDGE_CURVE('',#3382,#3063,#2104,.T.);
#4387=EDGE_CURVE('',#3187,#3375,#508,.T.);
#4388=EDGE_CURVE('',#3185,#3374,#509,.T.);
#4389=EDGE_CURVE('',#3184,#3373,#510,.T.);
#4390=EDGE_CURVE('',#3186,#3372,#511,.T.);
#4391=EDGE_CURVE('',#3183,#3371,#512,.T.);
#4392=EDGE_CURVE('',#3376,#3383,#513,.T.);
#4393=EDGE_CURVE('',#3187,#3383,#102,.T.);
#4394=EDGE_CURVE('',#3383,#3384,#103,.T.);
#4395=EDGE_CURVE('',#3132,#3384,#2105,.T.);
#4396=EDGE_CURVE('',#3385,#3386,#104,.T.);
#4397=EDGE_CURVE('',#3387,#3385,#2106,.T.);
#4398=EDGE_CURVE('',#3384,#3387,#105,.T.);
#4399=EDGE_CURVE('',#3386,#3130,#2107,.T.);
#4400=EDGE_CURVE('',#3386,#3388,#514,.T.);
#4401=EDGE_CURVE('',#3388,#3366,#106,.T.);
#4402=EDGE_CURVE('',#3385,#3366,#515,.T.);
#4403=EDGE_CURVE('',#3387,#3367,#516,.T.);
#4404=EDGE_CURVE('',#3389,#3384,#517,.T.);
#4405=EDGE_CURVE('',#3367,#3389,#107,.T.);
#4406=EDGE_CURVE('',#3383,#3390,#518,.T.);
#4407=EDGE_CURVE('',#3389,#3391,#108,.T.);
#4408=EDGE_CURVE('',#3390,#3391,#519,.T.);
#4409=EDGE_CURVE('',#3391,#3392,#109,.T.);
#4410=EDGE_CURVE('',#3392,#3370,#520,.T.);
#4411=EDGE_CURVE('',#3392,#3355,#2108,.T.);
#4412=EDGE_CURVE('',#3355,#3378,#521,.T.);
#4413=EDGE_CURVE('',#3392,#3377,#522,.T.);
#4414=EDGE_CURVE('',#3391,#3376,#523,.T.);
#4415=EDGE_CURVE('',#3361,#3393,#2109,.T.);
#4416=EDGE_CURVE('',#3393,#3369,#524,.T.);
#4417=EDGE_CURVE('',#3393,#3394,#110,.T.);
#4418=EDGE_CURVE('',#3394,#3388,#111,.T.);
#4419=EDGE_CURVE('',#3394,#3395,#525,.T.);
#4420=EDGE_CURVE('',#3386,#3395,#112,.T.);
#4421=EDGE_CURVE('',#3395,#3365,#226,.T.);
#4422=EDGE_CURVE('',#3365,#3382,#526,.T.);
#4423=EDGE_CURVE('',#3395,#3381,#527,.T.);
#4424=EDGE_CURVE('',#3394,#3381,#528,.T.);
#4425=EDGE_CURVE('',#3379,#3361,#529,.T.);
#4426=EDGE_CURVE('',#3393,#3380,#530,.T.);
#4427=EDGE_CURVE('',#3317,#3068,#2110,.T.);
#4428=EDGE_CURVE('',#3318,#3069,#2111,.T.);
#4429=EDGE_CURVE('',#3070,#3341,#2112,.T.);
#4430=EDGE_CURVE('',#3342,#3071,#2113,.T.);
#4431=EDGE_CURVE('',#3072,#3321,#2114,.T.);
#4432=EDGE_CURVE('',#3073,#3319,#2115,.T.);
#4433=EDGE_CURVE('',#3180,#2819,#2116,.T.);
#4434=ORIENTED_EDGE('',*,*,#3396,.F.);
#4435=ORIENTED_EDGE('',*,*,#3397,.T.);
#4436=ORIENTED_EDGE('',*,*,#3398,.T.);
#4437=ORIENTED_EDGE('',*,*,#3399,.T.);
#4438=ORIENTED_EDGE('',*,*,#3400,.F.);
#4439=ORIENTED_EDGE('',*,*,#3401,.T.);
#4440=ORIENTED_EDGE('',*,*,#3402,.T.);
#4441=ORIENTED_EDGE('',*,*,#3403,.T.);
#4442=ORIENTED_EDGE('',*,*,#3404,.F.);
#4443=ORIENTED_EDGE('',*,*,#3405,.T.);
#4444=ORIENTED_EDGE('',*,*,#3406,.T.);
#4445=ORIENTED_EDGE('',*,*,#3401,.F.);
#4446=ORIENTED_EDGE('',*,*,#3407,.F.);
#4447=ORIENTED_EDGE('',*,*,#3408,.T.);
#4448=ORIENTED_EDGE('',*,*,#3409,.T.);
#4449=ORIENTED_EDGE('',*,*,#3405,.F.);
#4450=ORIENTED_EDGE('',*,*,#3410,.F.);
#4451=ORIENTED_EDGE('',*,*,#3411,.T.);
#4452=ORIENTED_EDGE('',*,*,#3412,.T.);
#4453=ORIENTED_EDGE('',*,*,#3408,.F.);
#4454=ORIENTED_EDGE('',*,*,#3413,.F.);
#4455=ORIENTED_EDGE('',*,*,#3414,.F.);
#4456=ORIENTED_EDGE('',*,*,#3415,.T.);
#4457=ORIENTED_EDGE('',*,*,#3411,.F.);
#4458=ORIENTED_EDGE('',*,*,#3416,.F.);
#4459=ORIENTED_EDGE('',*,*,#3417,.T.);
#4460=ORIENTED_EDGE('',*,*,#3418,.T.);
#4461=ORIENTED_EDGE('',*,*,#3414,.T.);
#4462=ORIENTED_EDGE('',*,*,#3419,.F.);
#4463=ORIENTED_EDGE('',*,*,#3420,.F.);
#4464=ORIENTED_EDGE('',*,*,#3421,.T.);
#4465=ORIENTED_EDGE('',*,*,#3417,.F.);
#4466=ORIENTED_EDGE('',*,*,#3422,.F.);
#4467=ORIENTED_EDGE('',*,*,#3423,.T.);
#4468=ORIENTED_EDGE('',*,*,#3424,.T.);
#4469=ORIENTED_EDGE('',*,*,#3420,.T.);
#4470=ORIENTED_EDGE('',*,*,#3425,.F.);
#4471=ORIENTED_EDGE('',*,*,#3426,.F.);
#4472=ORIENTED_EDGE('',*,*,#3427,.T.);
#4473=ORIENTED_EDGE('',*,*,#3423,.F.);
#4474=ORIENTED_EDGE('',*,*,#3428,.F.);
#4475=ORIENTED_EDGE('',*,*,#3429,.T.);
#4476=ORIENTED_EDGE('',*,*,#3430,.T.);
#4477=ORIENTED_EDGE('',*,*,#3426,.T.);
#4478=ORIENTED_EDGE('',*,*,#3431,.F.);
#4479=ORIENTED_EDGE('',*,*,#3432,.F.);
#4480=ORIENTED_EDGE('',*,*,#3433,.T.);
#4481=ORIENTED_EDGE('',*,*,#3429,.F.);
#4482=ORIENTED_EDGE('',*,*,#3434,.F.);
#4483=ORIENTED_EDGE('',*,*,#3435,.T.);
#4484=ORIENTED_EDGE('',*,*,#3436,.T.);
#4485=ORIENTED_EDGE('',*,*,#3432,.T.);
#4486=ORIENTED_EDGE('',*,*,#3437,.F.);
#4487=ORIENTED_EDGE('',*,*,#3438,.F.);
#4488=ORIENTED_EDGE('',*,*,#3439,.T.);
#4489=ORIENTED_EDGE('',*,*,#3435,.F.);
#4490=ORIENTED_EDGE('',*,*,#3440,.F.);
#4491=ORIENTED_EDGE('',*,*,#3441,.T.);
#4492=ORIENTED_EDGE('',*,*,#3442,.T.);
#4493=ORIENTED_EDGE('',*,*,#3438,.T.);
#4494=ORIENTED_EDGE('',*,*,#3443,.F.);
#4495=ORIENTED_EDGE('',*,*,#3444,.F.);
#4496=ORIENTED_EDGE('',*,*,#3445,.T.);
#4497=ORIENTED_EDGE('',*,*,#3441,.F.);
#4498=ORIENTED_EDGE('',*,*,#3446,.F.);
#4499=ORIENTED_EDGE('',*,*,#3447,.T.);
#4500=ORIENTED_EDGE('',*,*,#3448,.T.);
#4501=ORIENTED_EDGE('',*,*,#3444,.T.);
#4502=ORIENTED_EDGE('',*,*,#3449,.F.);
#4503=ORIENTED_EDGE('',*,*,#3450,.F.);
#4504=ORIENTED_EDGE('',*,*,#3451,.T.);
#4505=ORIENTED_EDGE('',*,*,#3447,.F.);
#4506=ORIENTED_EDGE('',*,*,#3452,.F.);
#4507=ORIENTED_EDGE('',*,*,#3453,.T.);
#4508=ORIENTED_EDGE('',*,*,#3454,.T.);
#4509=ORIENTED_EDGE('',*,*,#3450,.T.);
#4510=ORIENTED_EDGE('',*,*,#3455,.F.);
#4511=ORIENTED_EDGE('',*,*,#3456,.T.);
#4512=ORIENTED_EDGE('',*,*,#3457,.T.);
#4513=ORIENTED_EDGE('',*,*,#3453,.F.);
#4514=ORIENTED_EDGE('',*,*,#3458,.F.);
#4515=ORIENTED_EDGE('',*,*,#3459,.T.);
#4516=ORIENTED_EDGE('',*,*,#3460,.T.);
#4517=ORIENTED_EDGE('',*,*,#3456,.F.);
#4518=ORIENTED_EDGE('',*,*,#3461,.F.);
#4519=ORIENTED_EDGE('',*,*,#3462,.F.);
#4520=ORIENTED_EDGE('',*,*,#3463,.T.);
#4521=ORIENTED_EDGE('',*,*,#3459,.F.);
#4522=ORIENTED_EDGE('',*,*,#3464,.F.);
#4523=ORIENTED_EDGE('',*,*,#3465,.T.);
#4524=ORIENTED_EDGE('',*,*,#3466,.T.);
#4525=ORIENTED_EDGE('',*,*,#3467,.T.);
#4526=ORIENTED_EDGE('',*,*,#3468,.F.);
#4527=ORIENTED_EDGE('',*,*,#3469,.F.);
#4528=ORIENTED_EDGE('',*,*,#3470,.T.);
#4529=ORIENTED_EDGE('',*,*,#3465,.F.);
#4530=ORIENTED_EDGE('',*,*,#3471,.T.);
#4531=ORIENTED_EDGE('',*,*,#3472,.F.);
#4532=ORIENTED_EDGE('',*,*,#3473,.F.);
#4533=ORIENTED_EDGE('',*,*,#3474,.F.);
#4534=ORIENTED_EDGE('',*,*,#3475,.F.);
#4535=ORIENTED_EDGE('',*,*,#3476,.F.);
#4536=ORIENTED_EDGE('',*,*,#3473,.T.);
#4537=ORIENTED_EDGE('',*,*,#3477,.F.);
#4538=ORIENTED_EDGE('',*,*,#3475,.T.);
#4539=ORIENTED_EDGE('',*,*,#3478,.F.);
#4540=ORIENTED_EDGE('',*,*,#3479,.F.);
#4541=ORIENTED_EDGE('',*,*,#3480,.F.);
#4542=ORIENTED_EDGE('',*,*,#3481,.F.);
#4543=ORIENTED_EDGE('',*,*,#3482,.F.);
#4544=ORIENTED_EDGE('',*,*,#3479,.T.);
#4545=ORIENTED_EDGE('',*,*,#3483,.F.);
#4546=ORIENTED_EDGE('',*,*,#3481,.T.);
#4547=ORIENTED_EDGE('',*,*,#3484,.F.);
#4548=ORIENTED_EDGE('',*,*,#3485,.F.);
#4549=ORIENTED_EDGE('',*,*,#3486,.F.);
#4550=ORIENTED_EDGE('',*,*,#3487,.F.);
#4551=ORIENTED_EDGE('',*,*,#3488,.F.);
#4552=ORIENTED_EDGE('',*,*,#3485,.T.);
#4553=ORIENTED_EDGE('',*,*,#3489,.F.);
#4554=ORIENTED_EDGE('',*,*,#3487,.T.);
#4555=ORIENTED_EDGE('',*,*,#3490,.F.);
#4556=ORIENTED_EDGE('',*,*,#3491,.F.);
#4557=ORIENTED_EDGE('',*,*,#3492,.F.);
#4558=ORIENTED_EDGE('',*,*,#3493,.F.);
#4559=ORIENTED_EDGE('',*,*,#3494,.F.);
#4560=ORIENTED_EDGE('',*,*,#3491,.T.);
#4561=ORIENTED_EDGE('',*,*,#3495,.F.);
#4562=ORIENTED_EDGE('',*,*,#3493,.T.);
#4563=ORIENTED_EDGE('',*,*,#3496,.F.);
#4564=ORIENTED_EDGE('',*,*,#3497,.T.);
#4565=ORIENTED_EDGE('',*,*,#3498,.F.);
#4566=ORIENTED_EDGE('',*,*,#3497,.F.);
#4567=ORIENTED_EDGE('',*,*,#3499,.F.);
#4568=ORIENTED_EDGE('',*,*,#3500,.T.);
#4569=ORIENTED_EDGE('',*,*,#3501,.F.);
#4570=ORIENTED_EDGE('',*,*,#3502,.T.);
#4571=ORIENTED_EDGE('',*,*,#3503,.T.);
#4572=ORIENTED_EDGE('',*,*,#3504,.F.);
#4573=ORIENTED_EDGE('',*,*,#3496,.T.);
#4574=ORIENTED_EDGE('',*,*,#3505,.T.);
#4575=ORIENTED_EDGE('',*,*,#3506,.T.);
#4576=ORIENTED_EDGE('',*,*,#3507,.F.);
#4577=ORIENTED_EDGE('',*,*,#3486,.T.);
#4578=ORIENTED_EDGE('',*,*,#3508,.F.);
#4579=ORIENTED_EDGE('',*,*,#3509,.T.);
#4580=ORIENTED_EDGE('',*,*,#3508,.T.);
#4581=ORIENTED_EDGE('',*,*,#3488,.T.);
#4582=ORIENTED_EDGE('',*,*,#3510,.T.);
#4583=ORIENTED_EDGE('',*,*,#3511,.T.);
#4584=ORIENTED_EDGE('',*,*,#3510,.F.);
#4585=ORIENTED_EDGE('',*,*,#3492,.T.);
#4586=ORIENTED_EDGE('',*,*,#3512,.F.);
#4587=ORIENTED_EDGE('',*,*,#3513,.T.);
#4588=ORIENTED_EDGE('',*,*,#3514,.T.);
#4589=ORIENTED_EDGE('',*,*,#3482,.T.);
#4590=ORIENTED_EDGE('',*,*,#3507,.T.);
#4591=ORIENTED_EDGE('',*,*,#3515,.F.);
#4592=ORIENTED_EDGE('',*,*,#3399,.F.);
#4593=ORIENTED_EDGE('',*,*,#3516,.T.);
#4594=ORIENTED_EDGE('',*,*,#3517,.F.);
#4595=ORIENTED_EDGE('',*,*,#3518,.F.);
#4596=ORIENTED_EDGE('',*,*,#3517,.T.);
#4597=ORIENTED_EDGE('',*,*,#3519,.T.);
#4598=ORIENTED_EDGE('',*,*,#3520,.T.);
#4599=ORIENTED_EDGE('',*,*,#3521,.F.);
#4600=ORIENTED_EDGE('',*,*,#3403,.F.);
#4601=ORIENTED_EDGE('',*,*,#3522,.T.);
#4602=ORIENTED_EDGE('',*,*,#3523,.F.);
#4603=ORIENTED_EDGE('',*,*,#3524,.F.);
#4604=ORIENTED_EDGE('',*,*,#3523,.T.);
#4605=ORIENTED_EDGE('',*,*,#3525,.T.);
#4606=ORIENTED_EDGE('',*,*,#3526,.T.);
#4607=ORIENTED_EDGE('',*,*,#3527,.F.);
#4608=ORIENTED_EDGE('',*,*,#3520,.F.);
#4609=ORIENTED_EDGE('',*,*,#3528,.T.);
#4610=ORIENTED_EDGE('',*,*,#3529,.F.);
#4611=ORIENTED_EDGE('',*,*,#3530,.F.);
#4612=ORIENTED_EDGE('',*,*,#3531,.T.);
#4613=ORIENTED_EDGE('',*,*,#3532,.T.);
#4614=ORIENTED_EDGE('',*,*,#3533,.F.);
#4615=ORIENTED_EDGE('',*,*,#3534,.F.);
#4616=ORIENTED_EDGE('',*,*,#3526,.F.);
#4617=ORIENTED_EDGE('',*,*,#3535,.T.);
#4618=ORIENTED_EDGE('',*,*,#3536,.F.);
#4619=ORIENTED_EDGE('',*,*,#3537,.F.);
#4620=ORIENTED_EDGE('',*,*,#3536,.T.);
#4621=ORIENTED_EDGE('',*,*,#3538,.T.);
#4622=ORIENTED_EDGE('',*,*,#3539,.T.);
#4623=ORIENTED_EDGE('',*,*,#3540,.F.);
#4624=ORIENTED_EDGE('',*,*,#3539,.F.);
#4625=ORIENTED_EDGE('',*,*,#3541,.T.);
#4626=ORIENTED_EDGE('',*,*,#3542,.F.);
#4627=ORIENTED_EDGE('',*,*,#3543,.F.);
#4628=ORIENTED_EDGE('',*,*,#3542,.T.);
#4629=ORIENTED_EDGE('',*,*,#3544,.T.);
#4630=ORIENTED_EDGE('',*,*,#3545,.T.);
#4631=ORIENTED_EDGE('',*,*,#3546,.F.);
#4632=ORIENTED_EDGE('',*,*,#3547,.F.);
#4633=ORIENTED_EDGE('',*,*,#3548,.F.);
#4634=ORIENTED_EDGE('',*,*,#3545,.F.);
#4635=ORIENTED_EDGE('',*,*,#3549,.T.);
#4636=ORIENTED_EDGE('',*,*,#3550,.F.);
#4637=ORIENTED_EDGE('',*,*,#3551,.F.);
#4638=ORIENTED_EDGE('',*,*,#3550,.T.);
#4639=ORIENTED_EDGE('',*,*,#3552,.T.);
#4640=ORIENTED_EDGE('',*,*,#3553,.T.);
#4641=ORIENTED_EDGE('',*,*,#3554,.F.);
#4642=ORIENTED_EDGE('',*,*,#3555,.T.);
#4643=ORIENTED_EDGE('',*,*,#3556,.T.);
#4644=ORIENTED_EDGE('',*,*,#3557,.T.);
#4645=ORIENTED_EDGE('',*,*,#3558,.F.);
#4646=ORIENTED_EDGE('',*,*,#3557,.F.);
#4647=ORIENTED_EDGE('',*,*,#3559,.T.);
#4648=ORIENTED_EDGE('',*,*,#3560,.F.);
#4649=ORIENTED_EDGE('',*,*,#3561,.F.);
#4650=ORIENTED_EDGE('',*,*,#3560,.T.);
#4651=ORIENTED_EDGE('',*,*,#3562,.T.);
#4652=ORIENTED_EDGE('',*,*,#3563,.T.);
#4653=ORIENTED_EDGE('',*,*,#3564,.F.);
#4654=ORIENTED_EDGE('',*,*,#3563,.F.);
#4655=ORIENTED_EDGE('',*,*,#3565,.T.);
#4656=ORIENTED_EDGE('',*,*,#3566,.F.);
#4657=ORIENTED_EDGE('',*,*,#3567,.F.);
#4658=ORIENTED_EDGE('',*,*,#3566,.T.);
#4659=ORIENTED_EDGE('',*,*,#3568,.T.);
#4660=ORIENTED_EDGE('',*,*,#3569,.F.);
#4661=ORIENTED_EDGE('',*,*,#3570,.T.);
#4662=ORIENTED_EDGE('',*,*,#3571,.F.);
#4663=ORIENTED_EDGE('',*,*,#3572,.T.);
#4664=ORIENTED_EDGE('',*,*,#3573,.F.);
#4665=ORIENTED_EDGE('',*,*,#3574,.F.);
#4666=ORIENTED_EDGE('',*,*,#3569,.T.);
#4667=ORIENTED_EDGE('',*,*,#3575,.T.);
#4668=ORIENTED_EDGE('',*,*,#3576,.F.);
#4669=ORIENTED_EDGE('',*,*,#3577,.F.);
#4670=ORIENTED_EDGE('',*,*,#3578,.T.);
#4671=ORIENTED_EDGE('',*,*,#3579,.T.);
#4672=ORIENTED_EDGE('',*,*,#3462,.T.);
#4673=ORIENTED_EDGE('',*,*,#3580,.F.);
#4674=ORIENTED_EDGE('',*,*,#3581,.T.);
#4675=ORIENTED_EDGE('',*,*,#3582,.T.);
#4676=ORIENTED_EDGE('',*,*,#3578,.F.);
#4677=ORIENTED_EDGE('',*,*,#3583,.F.);
#4678=ORIENTED_EDGE('',*,*,#3576,.T.);
#4679=ORIENTED_EDGE('',*,*,#3584,.T.);
#4680=ORIENTED_EDGE('',*,*,#3571,.T.);
#4681=ORIENTED_EDGE('',*,*,#3585,.T.);
#4682=ORIENTED_EDGE('',*,*,#3586,.T.);
#4683=ORIENTED_EDGE('',*,*,#3587,.F.);
#4684=ORIENTED_EDGE('',*,*,#3533,.T.);
#4685=ORIENTED_EDGE('',*,*,#3588,.T.);
#4686=ORIENTED_EDGE('',*,*,#3589,.F.);
#4687=ORIENTED_EDGE('',*,*,#3590,.F.);
#4688=ORIENTED_EDGE('',*,*,#3591,.F.);
#4689=ORIENTED_EDGE('',*,*,#3592,.F.);
#4690=ORIENTED_EDGE('',*,*,#3553,.F.);
#4691=ORIENTED_EDGE('',*,*,#3593,.T.);
#4692=ORIENTED_EDGE('',*,*,#3555,.F.);
#4693=ORIENTED_EDGE('',*,*,#3592,.T.);
#4694=ORIENTED_EDGE('',*,*,#3594,.T.);
#4695=ORIENTED_EDGE('',*,*,#3546,.T.);
#4696=ORIENTED_EDGE('',*,*,#3548,.T.);
#4697=ORIENTED_EDGE('',*,*,#3551,.T.);
#4698=ORIENTED_EDGE('',*,*,#3595,.F.);
#4699=ORIENTED_EDGE('',*,*,#3547,.T.);
#4700=ORIENTED_EDGE('',*,*,#3594,.F.);
#4701=ORIENTED_EDGE('',*,*,#3591,.T.);
#4702=ORIENTED_EDGE('',*,*,#3596,.T.);
#4703=ORIENTED_EDGE('',*,*,#3596,.F.);
#4704=ORIENTED_EDGE('',*,*,#3597,.T.);
#4705=ORIENTED_EDGE('',*,*,#3598,.F.);
#4706=ORIENTED_EDGE('',*,*,#3597,.F.);
#4707=ORIENTED_EDGE('',*,*,#3599,.T.);
#4708=ORIENTED_EDGE('',*,*,#3599,.F.);
#4709=ORIENTED_EDGE('',*,*,#3600,.T.);
#4710=ORIENTED_EDGE('',*,*,#3601,.F.);
#4711=ORIENTED_EDGE('',*,*,#3600,.F.);
#4712=ORIENTED_EDGE('',*,*,#3602,.T.);
#4713=ORIENTED_EDGE('',*,*,#3602,.F.);
#4714=ORIENTED_EDGE('',*,*,#3603,.T.);
#4715=ORIENTED_EDGE('',*,*,#3604,.F.);
#4716=ORIENTED_EDGE('',*,*,#3603,.F.);
#4717=ORIENTED_EDGE('',*,*,#3605,.T.);
#4718=ORIENTED_EDGE('',*,*,#3605,.F.);
#4719=ORIENTED_EDGE('',*,*,#3606,.T.);
#4720=ORIENTED_EDGE('',*,*,#3607,.F.);
#4721=ORIENTED_EDGE('',*,*,#3606,.F.);
#4722=ORIENTED_EDGE('',*,*,#3608,.T.);
#4723=ORIENTED_EDGE('',*,*,#3609,.F.);
#4724=ORIENTED_EDGE('',*,*,#3610,.T.);
#4725=ORIENTED_EDGE('',*,*,#3608,.F.);
#4726=ORIENTED_EDGE('',*,*,#3610,.F.);
#4727=ORIENTED_EDGE('',*,*,#3611,.T.);
#4728=ORIENTED_EDGE('',*,*,#3612,.F.);
#4729=ORIENTED_EDGE('',*,*,#3613,.T.);
#4730=ORIENTED_EDGE('',*,*,#3611,.F.);
#4731=ORIENTED_EDGE('',*,*,#3613,.F.);
#4732=ORIENTED_EDGE('',*,*,#3614,.T.);
#4733=ORIENTED_EDGE('',*,*,#3615,.F.);
#4734=ORIENTED_EDGE('',*,*,#3616,.F.);
#4735=ORIENTED_EDGE('',*,*,#3617,.F.);
#4736=ORIENTED_EDGE('',*,*,#3618,.T.);
#4737=ORIENTED_EDGE('',*,*,#3619,.F.);
#4738=ORIENTED_EDGE('',*,*,#3503,.F.);
#4739=ORIENTED_EDGE('',*,*,#3620,.T.);
#4740=ORIENTED_EDGE('',*,*,#3621,.T.);
#4741=ORIENTED_EDGE('',*,*,#3622,.F.);
#4742=ORIENTED_EDGE('',*,*,#3615,.T.);
#4743=ORIENTED_EDGE('',*,*,#3623,.T.);
#4744=ORIENTED_EDGE('',*,*,#3624,.F.);
#4745=ORIENTED_EDGE('',*,*,#3625,.F.);
#4746=ORIENTED_EDGE('',*,*,#3621,.F.);
#4747=ORIENTED_EDGE('',*,*,#3626,.T.);
#4748=ORIENTED_EDGE('',*,*,#3627,.F.);
#4749=ORIENTED_EDGE('',*,*,#3628,.F.);
#4750=ORIENTED_EDGE('',*,*,#3624,.T.);
#4751=ORIENTED_EDGE('',*,*,#3629,.T.);
#4752=ORIENTED_EDGE('',*,*,#3630,.F.);
#4753=ORIENTED_EDGE('',*,*,#3631,.F.);
#4754=ORIENTED_EDGE('',*,*,#3627,.T.);
#4755=ORIENTED_EDGE('',*,*,#3632,.T.);
#4756=ORIENTED_EDGE('',*,*,#3633,.F.);
#4757=ORIENTED_EDGE('',*,*,#3634,.F.);
#4758=ORIENTED_EDGE('',*,*,#3630,.T.);
#4759=ORIENTED_EDGE('',*,*,#3635,.T.);
#4760=ORIENTED_EDGE('',*,*,#3636,.F.);
#4761=ORIENTED_EDGE('',*,*,#3637,.F.);
#4762=ORIENTED_EDGE('',*,*,#3633,.T.);
#4763=ORIENTED_EDGE('',*,*,#3638,.T.);
#4764=ORIENTED_EDGE('',*,*,#3639,.F.);
#4765=ORIENTED_EDGE('',*,*,#3640,.F.);
#4766=ORIENTED_EDGE('',*,*,#3636,.T.);
#4767=ORIENTED_EDGE('',*,*,#3641,.T.);
#4768=ORIENTED_EDGE('',*,*,#3642,.F.);
#4769=ORIENTED_EDGE('',*,*,#3643,.F.);
#4770=ORIENTED_EDGE('',*,*,#3639,.T.);
#4771=ORIENTED_EDGE('',*,*,#3644,.T.);
#4772=ORIENTED_EDGE('',*,*,#3645,.F.);
#4773=ORIENTED_EDGE('',*,*,#3646,.F.);
#4774=ORIENTED_EDGE('',*,*,#3642,.T.);
#4775=ORIENTED_EDGE('',*,*,#3647,.T.);
#4776=ORIENTED_EDGE('',*,*,#3648,.F.);
#4777=ORIENTED_EDGE('',*,*,#3649,.F.);
#4778=ORIENTED_EDGE('',*,*,#3645,.T.);
#4779=ORIENTED_EDGE('',*,*,#3650,.T.);
#4780=ORIENTED_EDGE('',*,*,#3651,.F.);
#4781=ORIENTED_EDGE('',*,*,#3652,.F.);
#4782=ORIENTED_EDGE('',*,*,#3648,.T.);
#4783=ORIENTED_EDGE('',*,*,#3653,.T.);
#4784=ORIENTED_EDGE('',*,*,#3654,.F.);
#4785=ORIENTED_EDGE('',*,*,#3655,.F.);
#4786=ORIENTED_EDGE('',*,*,#3651,.T.);
#4787=ORIENTED_EDGE('',*,*,#3656,.T.);
#4788=ORIENTED_EDGE('',*,*,#3657,.F.);
#4789=ORIENTED_EDGE('',*,*,#3658,.F.);
#4790=ORIENTED_EDGE('',*,*,#3654,.T.);
#4791=ORIENTED_EDGE('',*,*,#3659,.T.);
#4792=ORIENTED_EDGE('',*,*,#3660,.F.);
#4793=ORIENTED_EDGE('',*,*,#3661,.F.);
#4794=ORIENTED_EDGE('',*,*,#3657,.T.);
#4795=ORIENTED_EDGE('',*,*,#3662,.T.);
#4796=ORIENTED_EDGE('',*,*,#3663,.F.);
#4797=ORIENTED_EDGE('',*,*,#3664,.F.);
#4798=ORIENTED_EDGE('',*,*,#3660,.T.);
#4799=ORIENTED_EDGE('',*,*,#3665,.T.);
#4800=ORIENTED_EDGE('',*,*,#3666,.F.);
#4801=ORIENTED_EDGE('',*,*,#3667,.F.);
#4802=ORIENTED_EDGE('',*,*,#3663,.T.);
#4803=ORIENTED_EDGE('',*,*,#3668,.T.);
#4804=ORIENTED_EDGE('',*,*,#3669,.F.);
#4805=ORIENTED_EDGE('',*,*,#3670,.F.);
#4806=ORIENTED_EDGE('',*,*,#3666,.T.);
#4807=ORIENTED_EDGE('',*,*,#3671,.T.);
#4808=ORIENTED_EDGE('',*,*,#3672,.F.);
#4809=ORIENTED_EDGE('',*,*,#3673,.F.);
#4810=ORIENTED_EDGE('',*,*,#3669,.T.);
#4811=ORIENTED_EDGE('',*,*,#3674,.T.);
#4812=ORIENTED_EDGE('',*,*,#3675,.F.);
#4813=ORIENTED_EDGE('',*,*,#3676,.F.);
#4814=ORIENTED_EDGE('',*,*,#3672,.T.);
#4815=ORIENTED_EDGE('',*,*,#3677,.T.);
#4816=ORIENTED_EDGE('',*,*,#3678,.F.);
#4817=ORIENTED_EDGE('',*,*,#3679,.F.);
#4818=ORIENTED_EDGE('',*,*,#3675,.T.);
#4819=ORIENTED_EDGE('',*,*,#3680,.T.);
#4820=ORIENTED_EDGE('',*,*,#3681,.F.);
#4821=ORIENTED_EDGE('',*,*,#3682,.F.);
#4822=ORIENTED_EDGE('',*,*,#3678,.T.);
#4823=ORIENTED_EDGE('',*,*,#3683,.T.);
#4824=ORIENTED_EDGE('',*,*,#3684,.F.);
#4825=ORIENTED_EDGE('',*,*,#3685,.F.);
#4826=ORIENTED_EDGE('',*,*,#3681,.T.);
#4827=ORIENTED_EDGE('',*,*,#3686,.T.);
#4828=ORIENTED_EDGE('',*,*,#3687,.F.);
#4829=ORIENTED_EDGE('',*,*,#3688,.F.);
#4830=ORIENTED_EDGE('',*,*,#3684,.T.);
#4831=ORIENTED_EDGE('',*,*,#3689,.T.);
#4832=ORIENTED_EDGE('',*,*,#3690,.F.);
#4833=ORIENTED_EDGE('',*,*,#3691,.F.);
#4834=ORIENTED_EDGE('',*,*,#3687,.T.);
#4835=ORIENTED_EDGE('',*,*,#3692,.T.);
#4836=ORIENTED_EDGE('',*,*,#3693,.F.);
#4837=ORIENTED_EDGE('',*,*,#3694,.F.);
#4838=ORIENTED_EDGE('',*,*,#3690,.T.);
#4839=ORIENTED_EDGE('',*,*,#3695,.T.);
#4840=ORIENTED_EDGE('',*,*,#3696,.F.);
#4841=ORIENTED_EDGE('',*,*,#3697,.F.);
#4842=ORIENTED_EDGE('',*,*,#3693,.T.);
#4843=ORIENTED_EDGE('',*,*,#3698,.T.);
#4844=ORIENTED_EDGE('',*,*,#3699,.F.);
#4845=ORIENTED_EDGE('',*,*,#3700,.F.);
#4846=ORIENTED_EDGE('',*,*,#3696,.T.);
#4847=ORIENTED_EDGE('',*,*,#3701,.T.);
#4848=ORIENTED_EDGE('',*,*,#3702,.F.);
#4849=ORIENTED_EDGE('',*,*,#3703,.F.);
#4850=ORIENTED_EDGE('',*,*,#3699,.T.);
#4851=ORIENTED_EDGE('',*,*,#3704,.T.);
#4852=ORIENTED_EDGE('',*,*,#3705,.F.);
#4853=ORIENTED_EDGE('',*,*,#3706,.F.);
#4854=ORIENTED_EDGE('',*,*,#3702,.T.);
#4855=ORIENTED_EDGE('',*,*,#3707,.F.);
#4856=ORIENTED_EDGE('',*,*,#3704,.F.);
#4857=ORIENTED_EDGE('',*,*,#3708,.T.);
#4858=ORIENTED_EDGE('',*,*,#3709,.F.);
#4859=ORIENTED_EDGE('',*,*,#3708,.F.);
#4860=ORIENTED_EDGE('',*,*,#3701,.F.);
#4861=ORIENTED_EDGE('',*,*,#3710,.T.);
#4862=ORIENTED_EDGE('',*,*,#3711,.F.);
#4863=ORIENTED_EDGE('',*,*,#3710,.F.);
#4864=ORIENTED_EDGE('',*,*,#3698,.F.);
#4865=ORIENTED_EDGE('',*,*,#3712,.T.);
#4866=ORIENTED_EDGE('',*,*,#3713,.F.);
#4867=ORIENTED_EDGE('',*,*,#3712,.F.);
#4868=ORIENTED_EDGE('',*,*,#3695,.F.);
#4869=ORIENTED_EDGE('',*,*,#3714,.T.);
#4870=ORIENTED_EDGE('',*,*,#3715,.F.);
#4871=ORIENTED_EDGE('',*,*,#3714,.F.);
#4872=ORIENTED_EDGE('',*,*,#3692,.F.);
#4873=ORIENTED_EDGE('',*,*,#3716,.T.);
#4874=ORIENTED_EDGE('',*,*,#3717,.F.);
#4875=ORIENTED_EDGE('',*,*,#3716,.F.);
#4876=ORIENTED_EDGE('',*,*,#3689,.F.);
#4877=ORIENTED_EDGE('',*,*,#3718,.T.);
#4878=ORIENTED_EDGE('',*,*,#3719,.F.);
#4879=ORIENTED_EDGE('',*,*,#3718,.F.);
#4880=ORIENTED_EDGE('',*,*,#3686,.F.);
#4881=ORIENTED_EDGE('',*,*,#3720,.T.);
#4882=ORIENTED_EDGE('',*,*,#3721,.F.);
#4883=ORIENTED_EDGE('',*,*,#3720,.F.);
#4884=ORIENTED_EDGE('',*,*,#3683,.F.);
#4885=ORIENTED_EDGE('',*,*,#3722,.T.);
#4886=ORIENTED_EDGE('',*,*,#3723,.F.);
#4887=ORIENTED_EDGE('',*,*,#3722,.F.);
#4888=ORIENTED_EDGE('',*,*,#3680,.F.);
#4889=ORIENTED_EDGE('',*,*,#3724,.T.);
#4890=ORIENTED_EDGE('',*,*,#3725,.F.);
#4891=ORIENTED_EDGE('',*,*,#3724,.F.);
#4892=ORIENTED_EDGE('',*,*,#3677,.F.);
#4893=ORIENTED_EDGE('',*,*,#3726,.T.);
#4894=ORIENTED_EDGE('',*,*,#3727,.F.);
#4895=ORIENTED_EDGE('',*,*,#3726,.F.);
#4896=ORIENTED_EDGE('',*,*,#3674,.F.);
#4897=ORIENTED_EDGE('',*,*,#3728,.T.);
#4898=ORIENTED_EDGE('',*,*,#3729,.F.);
#4899=ORIENTED_EDGE('',*,*,#3728,.F.);
#4900=ORIENTED_EDGE('',*,*,#3671,.F.);
#4901=ORIENTED_EDGE('',*,*,#3730,.T.);
#4902=ORIENTED_EDGE('',*,*,#3731,.F.);
#4903=ORIENTED_EDGE('',*,*,#3730,.F.);
#4904=ORIENTED_EDGE('',*,*,#3668,.F.);
#4905=ORIENTED_EDGE('',*,*,#3732,.T.);
#4906=ORIENTED_EDGE('',*,*,#3733,.F.);
#4907=ORIENTED_EDGE('',*,*,#3732,.F.);
#4908=ORIENTED_EDGE('',*,*,#3665,.F.);
#4909=ORIENTED_EDGE('',*,*,#3734,.T.);
#4910=ORIENTED_EDGE('',*,*,#3735,.F.);
#4911=ORIENTED_EDGE('',*,*,#3734,.F.);
#4912=ORIENTED_EDGE('',*,*,#3662,.F.);
#4913=ORIENTED_EDGE('',*,*,#3736,.T.);
#4914=ORIENTED_EDGE('',*,*,#3737,.F.);
#4915=ORIENTED_EDGE('',*,*,#3736,.F.);
#4916=ORIENTED_EDGE('',*,*,#3659,.F.);
#4917=ORIENTED_EDGE('',*,*,#3738,.T.);
#4918=ORIENTED_EDGE('',*,*,#3739,.F.);
#4919=ORIENTED_EDGE('',*,*,#3738,.F.);
#4920=ORIENTED_EDGE('',*,*,#3656,.F.);
#4921=ORIENTED_EDGE('',*,*,#3740,.T.);
#4922=ORIENTED_EDGE('',*,*,#3741,.F.);
#4923=ORIENTED_EDGE('',*,*,#3740,.F.);
#4924=ORIENTED_EDGE('',*,*,#3653,.F.);
#4925=ORIENTED_EDGE('',*,*,#3742,.T.);
#4926=ORIENTED_EDGE('',*,*,#3743,.F.);
#4927=ORIENTED_EDGE('',*,*,#3742,.F.);
#4928=ORIENTED_EDGE('',*,*,#3650,.F.);
#4929=ORIENTED_EDGE('',*,*,#3744,.T.);
#4930=ORIENTED_EDGE('',*,*,#3745,.F.);
#4931=ORIENTED_EDGE('',*,*,#3744,.F.);
#4932=ORIENTED_EDGE('',*,*,#3647,.F.);
#4933=ORIENTED_EDGE('',*,*,#3746,.T.);
#4934=ORIENTED_EDGE('',*,*,#3747,.F.);
#4935=ORIENTED_EDGE('',*,*,#3746,.F.);
#4936=ORIENTED_EDGE('',*,*,#3644,.F.);
#4937=ORIENTED_EDGE('',*,*,#3748,.T.);
#4938=ORIENTED_EDGE('',*,*,#3749,.F.);
#4939=ORIENTED_EDGE('',*,*,#3748,.F.);
#4940=ORIENTED_EDGE('',*,*,#3641,.F.);
#4941=ORIENTED_EDGE('',*,*,#3750,.T.);
#4942=ORIENTED_EDGE('',*,*,#3751,.F.);
#4943=ORIENTED_EDGE('',*,*,#3750,.F.);
#4944=ORIENTED_EDGE('',*,*,#3638,.F.);
#4945=ORIENTED_EDGE('',*,*,#3752,.T.);
#4946=ORIENTED_EDGE('',*,*,#3753,.F.);
#4947=ORIENTED_EDGE('',*,*,#3752,.F.);
#4948=ORIENTED_EDGE('',*,*,#3635,.F.);
#4949=ORIENTED_EDGE('',*,*,#3754,.T.);
#4950=ORIENTED_EDGE('',*,*,#3755,.F.);
#4951=ORIENTED_EDGE('',*,*,#3754,.F.);
#4952=ORIENTED_EDGE('',*,*,#3632,.F.);
#4953=ORIENTED_EDGE('',*,*,#3756,.T.);
#4954=ORIENTED_EDGE('',*,*,#3757,.F.);
#4955=ORIENTED_EDGE('',*,*,#3756,.F.);
#4956=ORIENTED_EDGE('',*,*,#3629,.F.);
#4957=ORIENTED_EDGE('',*,*,#3758,.T.);
#4958=ORIENTED_EDGE('',*,*,#3759,.F.);
#4959=ORIENTED_EDGE('',*,*,#3758,.F.);
#4960=ORIENTED_EDGE('',*,*,#3626,.F.);
#4961=ORIENTED_EDGE('',*,*,#3760,.T.);
#4962=ORIENTED_EDGE('',*,*,#3761,.F.);
#4963=ORIENTED_EDGE('',*,*,#3760,.F.);
#4964=ORIENTED_EDGE('',*,*,#3623,.F.);
#4965=ORIENTED_EDGE('',*,*,#3762,.T.);
#4966=ORIENTED_EDGE('',*,*,#3763,.F.);
#4967=ORIENTED_EDGE('',*,*,#3764,.T.);
#4968=ORIENTED_EDGE('',*,*,#3765,.F.);
#4969=ORIENTED_EDGE('',*,*,#3762,.F.);
#4970=ORIENTED_EDGE('',*,*,#3620,.F.);
#4971=ORIENTED_EDGE('',*,*,#3764,.F.);
#4972=ORIENTED_EDGE('',*,*,#3614,.F.);
#4973=ORIENTED_EDGE('',*,*,#3502,.F.);
#4974=ORIENTED_EDGE('',*,*,#3766,.F.);
#4975=ORIENTED_EDGE('',*,*,#3767,.F.);
#4976=ORIENTED_EDGE('',*,*,#3768,.F.);
#4977=ORIENTED_EDGE('',*,*,#3499,.T.);
#4978=ORIENTED_EDGE('',*,*,#3504,.T.);
#4979=ORIENTED_EDGE('',*,*,#3619,.T.);
#4980=ORIENTED_EDGE('',*,*,#3769,.F.);
#4981=ORIENTED_EDGE('',*,*,#3770,.F.);
#4982=ORIENTED_EDGE('',*,*,#3771,.T.);
#4983=ORIENTED_EDGE('',*,*,#3772,.F.);
#4984=ORIENTED_EDGE('',*,*,#3773,.F.);
#4985=ORIENTED_EDGE('',*,*,#3774,.T.);
#4986=ORIENTED_EDGE('',*,*,#3775,.F.);
#4987=ORIENTED_EDGE('',*,*,#3770,.T.);
#4988=ORIENTED_EDGE('',*,*,#3776,.F.);
#4989=ORIENTED_EDGE('',*,*,#3586,.F.);
#4990=ORIENTED_EDGE('',*,*,#3777,.T.);
#4991=ORIENTED_EDGE('',*,*,#3774,.F.);
#4992=ORIENTED_EDGE('',*,*,#3778,.F.);
#4993=ORIENTED_EDGE('',*,*,#3779,.T.);
#4994=ORIENTED_EDGE('',*,*,#3780,.F.);
#4995=ORIENTED_EDGE('',*,*,#3573,.T.);
#4996=ORIENTED_EDGE('',*,*,#3781,.T.);
#4997=ORIENTED_EDGE('',*,*,#3581,.F.);
#4998=ORIENTED_EDGE('',*,*,#3782,.F.);
#4999=ORIENTED_EDGE('',*,*,#3783,.T.);
#5000=ORIENTED_EDGE('',*,*,#3784,.F.);
#5001=ORIENTED_EDGE('',*,*,#3779,.F.);
#5002=ORIENTED_EDGE('',*,*,#3785,.F.);
#5003=ORIENTED_EDGE('',*,*,#3786,.F.);
#5004=ORIENTED_EDGE('',*,*,#3787,.T.);
#5005=ORIENTED_EDGE('',*,*,#3783,.F.);
#5006=ORIENTED_EDGE('',*,*,#3788,.F.);
#5007=ORIENTED_EDGE('',*,*,#3789,.F.);
#5008=ORIENTED_EDGE('',*,*,#3790,.F.);
#5009=ORIENTED_EDGE('',*,*,#3786,.T.);
#5010=ORIENTED_EDGE('',*,*,#3791,.F.);
#5011=ORIENTED_EDGE('',*,*,#3792,.F.);
#5012=ORIENTED_EDGE('',*,*,#3793,.T.);
#5013=ORIENTED_EDGE('',*,*,#3789,.T.);
#5014=ORIENTED_EDGE('',*,*,#3794,.F.);
#5015=ORIENTED_EDGE('',*,*,#3795,.T.);
#5016=ORIENTED_EDGE('',*,*,#3796,.F.);
#5017=ORIENTED_EDGE('',*,*,#3792,.T.);
#5018=ORIENTED_EDGE('',*,*,#3797,.F.);
#5019=ORIENTED_EDGE('',*,*,#3798,.T.);
#5020=ORIENTED_EDGE('',*,*,#3799,.F.);
#5021=ORIENTED_EDGE('',*,*,#3795,.F.);
#5022=ORIENTED_EDGE('',*,*,#3800,.F.);
#5023=ORIENTED_EDGE('',*,*,#3801,.T.);
#5024=ORIENTED_EDGE('',*,*,#3802,.F.);
#5025=ORIENTED_EDGE('',*,*,#3798,.F.);
#5026=ORIENTED_EDGE('',*,*,#3803,.F.);
#5027=ORIENTED_EDGE('',*,*,#3804,.T.);
#5028=ORIENTED_EDGE('',*,*,#3805,.F.);
#5029=ORIENTED_EDGE('',*,*,#3801,.F.);
#5030=ORIENTED_EDGE('',*,*,#3806,.F.);
#5031=ORIENTED_EDGE('',*,*,#3807,.F.);
#5032=ORIENTED_EDGE('',*,*,#3808,.T.);
#5033=ORIENTED_EDGE('',*,*,#3397,.F.);
#5034=ORIENTED_EDGE('',*,*,#3809,.F.);
#5035=ORIENTED_EDGE('',*,*,#3810,.T.);
#5036=ORIENTED_EDGE('',*,*,#3811,.T.);
#5037=ORIENTED_EDGE('',*,*,#3807,.T.);
#5038=ORIENTED_EDGE('',*,*,#3812,.F.);
#5039=ORIENTED_EDGE('',*,*,#3813,.F.);
#5040=ORIENTED_EDGE('',*,*,#3814,.T.);
#5041=ORIENTED_EDGE('',*,*,#3810,.F.);
#5042=ORIENTED_EDGE('',*,*,#3815,.F.);
#5043=ORIENTED_EDGE('',*,*,#3529,.T.);
#5044=ORIENTED_EDGE('',*,*,#3816,.T.);
#5045=ORIENTED_EDGE('',*,*,#3813,.T.);
#5046=ORIENTED_EDGE('',*,*,#3817,.F.);
#5047=ORIENTED_EDGE('',*,*,#3818,.F.);
#5048=ORIENTED_EDGE('',*,*,#3819,.T.);
#5049=ORIENTED_EDGE('',*,*,#3531,.F.);
#5050=ORIENTED_EDGE('',*,*,#3820,.F.);
#5051=ORIENTED_EDGE('',*,*,#3589,.T.);
#5052=ORIENTED_EDGE('',*,*,#3821,.T.);
#5053=ORIENTED_EDGE('',*,*,#3469,.T.);
#5054=ORIENTED_EDGE('',*,*,#3822,.T.);
#5055=ORIENTED_EDGE('',*,*,#3823,.T.);
#5056=ORIENTED_EDGE('',*,*,#3818,.T.);
#5057=ORIENTED_EDGE('',*,*,#3824,.F.);
#5058=ORIENTED_EDGE('',*,*,#3825,.F.);
#5059=ORIENTED_EDGE('',*,*,#3826,.T.);
#5060=ORIENTED_EDGE('',*,*,#3827,.T.);
#5061=ORIENTED_EDGE('',*,*,#3822,.F.);
#5062=ORIENTED_EDGE('',*,*,#3828,.F.);
#5063=ORIENTED_EDGE('',*,*,#3829,.F.);
#5064=ORIENTED_EDGE('',*,*,#3830,.F.);
#5065=ORIENTED_EDGE('',*,*,#3825,.T.);
#5066=ORIENTED_EDGE('',*,*,#3831,.F.);
#5067=ORIENTED_EDGE('',*,*,#3832,.T.);
#5068=ORIENTED_EDGE('',*,*,#3467,.F.);
#5069=ORIENTED_EDGE('',*,*,#3833,.T.);
#5070=ORIENTED_EDGE('',*,*,#3834,.T.);
#5071=ORIENTED_EDGE('',*,*,#3835,.T.);
#5072=ORIENTED_EDGE('',*,*,#3836,.F.);
#5073=ORIENTED_EDGE('',*,*,#3837,.F.);
#5074=ORIENTED_EDGE('',*,*,#3838,.F.);
#5075=ORIENTED_EDGE('',*,*,#3839,.F.);
#5076=ORIENTED_EDGE('',*,*,#3835,.F.);
#5077=ORIENTED_EDGE('',*,*,#3840,.T.);
#5078=ORIENTED_EDGE('',*,*,#3841,.F.);
#5079=ORIENTED_EDGE('',*,*,#3832,.F.);
#5080=ORIENTED_EDGE('',*,*,#3842,.F.);
#5081=ORIENTED_EDGE('',*,*,#3838,.T.);
#5082=ORIENTED_EDGE('',*,*,#3843,.T.);
#5083=ORIENTED_EDGE('',*,*,#3844,.T.);
#5084=ORIENTED_EDGE('',*,*,#3845,.T.);
#5085=ORIENTED_EDGE('',*,*,#3829,.T.);
#5086=ORIENTED_EDGE('',*,*,#3841,.T.);
#5087=ORIENTED_EDGE('',*,*,#3837,.T.);
#5088=ORIENTED_EDGE('',*,*,#3846,.T.);
#5089=ORIENTED_EDGE('',*,*,#3847,.T.);
#5090=ORIENTED_EDGE('',*,*,#3848,.T.);
#5091=ORIENTED_EDGE('',*,*,#3849,.F.);
#5092=ORIENTED_EDGE('',*,*,#3513,.F.);
#5093=ORIENTED_EDGE('',*,*,#3850,.T.);
#5094=ORIENTED_EDGE('',*,*,#3851,.F.);
#5095=ORIENTED_EDGE('',*,*,#3850,.F.);
#5096=ORIENTED_EDGE('',*,*,#3506,.F.);
#5097=ORIENTED_EDGE('',*,*,#3852,.T.);
#5098=ORIENTED_EDGE('',*,*,#3853,.F.);
#5099=ORIENTED_EDGE('',*,*,#3852,.F.);
#5100=ORIENTED_EDGE('',*,*,#3509,.F.);
#5101=ORIENTED_EDGE('',*,*,#3854,.T.);
#5102=ORIENTED_EDGE('',*,*,#3855,.F.);
#5103=ORIENTED_EDGE('',*,*,#3854,.F.);
#5104=ORIENTED_EDGE('',*,*,#3511,.F.);
#5105=ORIENTED_EDGE('',*,*,#3856,.T.);
#5106=ORIENTED_EDGE('',*,*,#3857,.F.);
#5107=ORIENTED_EDGE('',*,*,#3858,.T.);
#5108=ORIENTED_EDGE('',*,*,#3859,.F.);
#5109=ORIENTED_EDGE('',*,*,#3849,.T.);
#5110=ORIENTED_EDGE('',*,*,#3860,.F.);
#5111=ORIENTED_EDGE('',*,*,#3861,.T.);
#5112=ORIENTED_EDGE('',*,*,#3862,.F.);
#5113=ORIENTED_EDGE('',*,*,#3480,.T.);
#5114=ORIENTED_EDGE('',*,*,#3514,.F.);
#5115=ORIENTED_EDGE('',*,*,#3859,.T.);
#5116=ORIENTED_EDGE('',*,*,#3863,.T.);
#5117=ORIENTED_EDGE('',*,*,#3864,.T.);
#5118=ORIENTED_EDGE('',*,*,#3476,.T.);
#5119=ORIENTED_EDGE('',*,*,#3862,.T.);
#5120=ORIENTED_EDGE('',*,*,#3865,.T.);
#5121=ORIENTED_EDGE('',*,*,#3866,.T.);
#5122=ORIENTED_EDGE('',*,*,#3867,.F.);
#5123=ORIENTED_EDGE('',*,*,#3863,.F.);
#5124=ORIENTED_EDGE('',*,*,#3868,.T.);
#5125=ORIENTED_EDGE('',*,*,#3869,.F.);
#5126=ORIENTED_EDGE('',*,*,#3868,.F.);
#5127=ORIENTED_EDGE('',*,*,#3866,.F.);
#5128=ORIENTED_EDGE('',*,*,#3870,.T.);
#5129=ORIENTED_EDGE('',*,*,#3843,.F.);
#5130=ORIENTED_EDGE('',*,*,#3871,.F.);
#5131=ORIENTED_EDGE('',*,*,#3872,.F.);
#5132=ORIENTED_EDGE('',*,*,#3870,.F.);
#5133=ORIENTED_EDGE('',*,*,#3865,.F.);
#5134=ORIENTED_EDGE('',*,*,#3873,.T.);
#5135=ORIENTED_EDGE('',*,*,#3874,.T.);
#5136=ORIENTED_EDGE('',*,*,#3875,.F.);
#5137=ORIENTED_EDGE('',*,*,#3871,.T.);
#5138=ORIENTED_EDGE('',*,*,#3861,.F.);
#5139=ORIENTED_EDGE('',*,*,#3876,.T.);
#5140=ORIENTED_EDGE('',*,*,#3877,.T.);
#5141=ORIENTED_EDGE('',*,*,#3844,.F.);
#5142=ORIENTED_EDGE('',*,*,#3872,.T.);
#5143=ORIENTED_EDGE('',*,*,#3875,.T.);
#5144=ORIENTED_EDGE('',*,*,#3878,.T.);
#5145=ORIENTED_EDGE('',*,*,#3826,.F.);
#5146=ORIENTED_EDGE('',*,*,#3830,.T.);
#5147=ORIENTED_EDGE('',*,*,#3845,.F.);
#5148=ORIENTED_EDGE('',*,*,#3877,.F.);
#5149=ORIENTED_EDGE('',*,*,#3827,.F.);
#5150=ORIENTED_EDGE('',*,*,#3879,.T.);
#5151=ORIENTED_EDGE('',*,*,#3880,.F.);
#5152=ORIENTED_EDGE('',*,*,#3879,.F.);
#5153=ORIENTED_EDGE('',*,*,#3878,.F.);
#5154=ORIENTED_EDGE('',*,*,#3881,.T.);
#5155=ORIENTED_EDGE('',*,*,#3882,.F.);
#5156=ORIENTED_EDGE('',*,*,#3883,.T.);
#5157=ORIENTED_EDGE('',*,*,#3884,.F.);
#5158=ORIENTED_EDGE('',*,*,#3881,.F.);
#5159=ORIENTED_EDGE('',*,*,#3876,.F.);
#5160=ORIENTED_EDGE('',*,*,#3858,.F.);
#5161=ORIENTED_EDGE('',*,*,#3883,.F.);
#5162=ORIENTED_EDGE('',*,*,#3874,.F.);
#5163=ORIENTED_EDGE('',*,*,#3873,.F.);
#5164=ORIENTED_EDGE('',*,*,#3885,.T.);
#5165=ORIENTED_EDGE('',*,*,#3886,.T.);
#5166=ORIENTED_EDGE('',*,*,#3846,.F.);
#5167=ORIENTED_EDGE('',*,*,#3840,.F.);
#5168=ORIENTED_EDGE('',*,*,#3834,.F.);
#5169=ORIENTED_EDGE('',*,*,#3887,.T.);
#5170=ORIENTED_EDGE('',*,*,#3888,.T.);
#5171=ORIENTED_EDGE('',*,*,#3869,.T.);
#5172=ORIENTED_EDGE('',*,*,#3848,.F.);
#5173=ORIENTED_EDGE('',*,*,#3847,.F.);
#5174=ORIENTED_EDGE('',*,*,#3886,.F.);
#5175=ORIENTED_EDGE('',*,*,#3889,.T.);
#5176=ORIENTED_EDGE('',*,*,#3890,.F.);
#5177=ORIENTED_EDGE('',*,*,#3867,.T.);
#5178=ORIENTED_EDGE('',*,*,#3888,.F.);
#5179=ORIENTED_EDGE('',*,*,#3891,.T.);
#5180=ORIENTED_EDGE('',*,*,#3892,.T.);
#5181=ORIENTED_EDGE('',*,*,#3474,.T.);
#5182=ORIENTED_EDGE('',*,*,#3864,.F.);
#5183=ORIENTED_EDGE('',*,*,#3890,.T.);
#5184=ORIENTED_EDGE('',*,*,#3893,.F.);
#5185=ORIENTED_EDGE('',*,*,#3891,.F.);
#5186=ORIENTED_EDGE('',*,*,#3894,.T.);
#5187=ORIENTED_EDGE('',*,*,#3895,.F.);
#5188=ORIENTED_EDGE('',*,*,#3894,.F.);
#5189=ORIENTED_EDGE('',*,*,#3889,.F.);
#5190=ORIENTED_EDGE('',*,*,#3896,.T.);
#5191=ORIENTED_EDGE('',*,*,#3897,.T.);
#5192=ORIENTED_EDGE('',*,*,#3833,.F.);
#5193=ORIENTED_EDGE('',*,*,#3898,.F.);
#5194=ORIENTED_EDGE('',*,*,#3899,.T.);
#5195=ORIENTED_EDGE('',*,*,#3900,.F.);
#5196=ORIENTED_EDGE('',*,*,#3896,.F.);
#5197=ORIENTED_EDGE('',*,*,#3887,.F.);
#5198=ORIENTED_EDGE('',*,*,#3897,.F.);
#5199=ORIENTED_EDGE('',*,*,#3901,.F.);
#5200=ORIENTED_EDGE('',*,*,#3899,.F.);
#5201=ORIENTED_EDGE('',*,*,#3885,.F.);
#5202=ORIENTED_EDGE('',*,*,#3902,.T.);
#5203=ORIENTED_EDGE('',*,*,#3903,.F.);
#5204=ORIENTED_EDGE('',*,*,#3707,.T.);
#5205=ORIENTED_EDGE('',*,*,#3904,.F.);
#5206=ORIENTED_EDGE('',*,*,#3905,.T.);
#5207=ORIENTED_EDGE('',*,*,#3906,.F.);
#5208=ORIENTED_EDGE('',*,*,#3705,.T.);
#5209=ORIENTED_EDGE('',*,*,#3903,.T.);
#5210=ORIENTED_EDGE('',*,*,#3907,.T.);
#5211=ORIENTED_EDGE('',*,*,#3908,.F.);
#5212=ORIENTED_EDGE('',*,*,#3804,.F.);
#5213=ORIENTED_EDGE('',*,*,#3909,.F.);
#5214=ORIENTED_EDGE('',*,*,#3910,.T.);
#5215=ORIENTED_EDGE('',*,*,#3911,.T.);
#5216=ORIENTED_EDGE('',*,*,#3767,.T.);
#5217=ORIENTED_EDGE('',*,*,#3618,.F.);
#5218=ORIENTED_EDGE('',*,*,#3617,.T.);
#5219=ORIENTED_EDGE('',*,*,#3772,.T.);
#5220=ORIENTED_EDGE('',*,*,#3912,.F.);
#5221=ORIENTED_EDGE('',*,*,#3913,.T.);
#5222=ORIENTED_EDGE('',*,*,#3914,.F.);
#5223=ORIENTED_EDGE('',*,*,#3915,.F.);
#5224=ORIENTED_EDGE('',*,*,#3916,.F.);
#5225=ORIENTED_EDGE('',*,*,#3917,.T.);
#5226=ORIENTED_EDGE('',*,*,#3918,.F.);
#5227=ORIENTED_EDGE('',*,*,#3919,.F.);
#5228=ORIENTED_EDGE('',*,*,#3920,.F.);
#5229=ORIENTED_EDGE('',*,*,#3921,.T.);
#5230=ORIENTED_EDGE('',*,*,#3920,.T.);
#5231=ORIENTED_EDGE('',*,*,#3922,.F.);
#5232=ORIENTED_EDGE('',*,*,#3923,.F.);
#5233=ORIENTED_EDGE('',*,*,#3924,.T.);
#5234=ORIENTED_EDGE('',*,*,#3923,.T.);
#5235=ORIENTED_EDGE('',*,*,#3925,.F.);
#5236=ORIENTED_EDGE('',*,*,#3926,.F.);
#5237=ORIENTED_EDGE('',*,*,#3927,.T.);
#5238=ORIENTED_EDGE('',*,*,#3926,.T.);
#5239=ORIENTED_EDGE('',*,*,#3928,.F.);
#5240=ORIENTED_EDGE('',*,*,#3929,.F.);
#5241=ORIENTED_EDGE('',*,*,#3930,.T.);
#5242=ORIENTED_EDGE('',*,*,#3929,.T.);
#5243=ORIENTED_EDGE('',*,*,#3931,.F.);
#5244=ORIENTED_EDGE('',*,*,#3932,.T.);
#5245=ORIENTED_EDGE('',*,*,#3933,.T.);
#5246=ORIENTED_EDGE('',*,*,#3932,.F.);
#5247=ORIENTED_EDGE('',*,*,#3934,.F.);
#5248=ORIENTED_EDGE('',*,*,#3935,.F.);
#5249=ORIENTED_EDGE('',*,*,#3936,.T.);
#5250=ORIENTED_EDGE('',*,*,#3935,.T.);
#5251=ORIENTED_EDGE('',*,*,#3937,.F.);
#5252=ORIENTED_EDGE('',*,*,#3938,.T.);
#5253=ORIENTED_EDGE('',*,*,#3939,.T.);
#5254=ORIENTED_EDGE('',*,*,#3938,.F.);
#5255=ORIENTED_EDGE('',*,*,#3940,.F.);
#5256=ORIENTED_EDGE('',*,*,#3941,.F.);
#5257=ORIENTED_EDGE('',*,*,#3942,.T.);
#5258=ORIENTED_EDGE('',*,*,#3941,.T.);
#5259=ORIENTED_EDGE('',*,*,#3943,.F.);
#5260=ORIENTED_EDGE('',*,*,#3944,.T.);
#5261=ORIENTED_EDGE('',*,*,#3945,.T.);
#5262=ORIENTED_EDGE('',*,*,#3944,.F.);
#5263=ORIENTED_EDGE('',*,*,#3946,.F.);
#5264=ORIENTED_EDGE('',*,*,#3947,.F.);
#5265=ORIENTED_EDGE('',*,*,#3948,.T.);
#5266=ORIENTED_EDGE('',*,*,#3947,.T.);
#5267=ORIENTED_EDGE('',*,*,#3949,.F.);
#5268=ORIENTED_EDGE('',*,*,#3950,.T.);
#5269=ORIENTED_EDGE('',*,*,#3951,.T.);
#5270=ORIENTED_EDGE('',*,*,#3950,.F.);
#5271=ORIENTED_EDGE('',*,*,#3952,.F.);
#5272=ORIENTED_EDGE('',*,*,#3953,.F.);
#5273=ORIENTED_EDGE('',*,*,#3954,.T.);
#5274=ORIENTED_EDGE('',*,*,#3953,.T.);
#5275=ORIENTED_EDGE('',*,*,#3955,.F.);
#5276=ORIENTED_EDGE('',*,*,#3956,.T.);
#5277=ORIENTED_EDGE('',*,*,#3957,.T.);
#5278=ORIENTED_EDGE('',*,*,#3956,.F.);
#5279=ORIENTED_EDGE('',*,*,#3958,.F.);
#5280=ORIENTED_EDGE('',*,*,#3959,.F.);
#5281=ORIENTED_EDGE('',*,*,#3960,.T.);
#5282=ORIENTED_EDGE('',*,*,#3959,.T.);
#5283=ORIENTED_EDGE('',*,*,#3961,.F.);
#5284=ORIENTED_EDGE('',*,*,#3962,.T.);
#5285=ORIENTED_EDGE('',*,*,#3963,.T.);
#5286=ORIENTED_EDGE('',*,*,#3962,.F.);
#5287=ORIENTED_EDGE('',*,*,#3964,.F.);
#5288=ORIENTED_EDGE('',*,*,#3965,.F.);
#5289=ORIENTED_EDGE('',*,*,#3966,.T.);
#5290=ORIENTED_EDGE('',*,*,#3965,.T.);
#5291=ORIENTED_EDGE('',*,*,#3967,.F.);
#5292=ORIENTED_EDGE('',*,*,#3968,.T.);
#5293=ORIENTED_EDGE('',*,*,#3969,.T.);
#5294=ORIENTED_EDGE('',*,*,#3968,.F.);
#5295=ORIENTED_EDGE('',*,*,#3970,.F.);
#5296=ORIENTED_EDGE('',*,*,#3971,.F.);
#5297=ORIENTED_EDGE('',*,*,#3972,.T.);
#5298=ORIENTED_EDGE('',*,*,#3971,.T.);
#5299=ORIENTED_EDGE('',*,*,#3973,.F.);
#5300=ORIENTED_EDGE('',*,*,#3974,.F.);
#5301=ORIENTED_EDGE('',*,*,#3975,.T.);
#5302=ORIENTED_EDGE('',*,*,#3974,.T.);
#5303=ORIENTED_EDGE('',*,*,#3976,.F.);
#5304=ORIENTED_EDGE('',*,*,#3977,.F.);
#5305=ORIENTED_EDGE('',*,*,#3978,.T.);
#5306=ORIENTED_EDGE('',*,*,#3977,.T.);
#5307=ORIENTED_EDGE('',*,*,#3979,.F.);
#5308=ORIENTED_EDGE('',*,*,#3980,.T.);
#5309=ORIENTED_EDGE('',*,*,#3981,.T.);
#5310=ORIENTED_EDGE('',*,*,#3982,.F.);
#5311=ORIENTED_EDGE('',*,*,#3983,.F.);
#5312=ORIENTED_EDGE('',*,*,#3984,.F.);
#5313=ORIENTED_EDGE('',*,*,#3985,.T.);
#5314=ORIENTED_EDGE('',*,*,#3984,.T.);
#5315=ORIENTED_EDGE('',*,*,#3986,.F.);
#5316=ORIENTED_EDGE('',*,*,#3987,.T.);
#5317=ORIENTED_EDGE('',*,*,#3988,.F.);
#5318=ORIENTED_EDGE('',*,*,#3989,.T.);
#5319=ORIENTED_EDGE('',*,*,#3990,.F.);
#5320=ORIENTED_EDGE('',*,*,#3471,.F.);
#5321=ORIENTED_EDGE('',*,*,#3989,.F.);
#5322=ORIENTED_EDGE('',*,*,#3991,.T.);
#5323=ORIENTED_EDGE('',*,*,#3992,.T.);
#5324=ORIENTED_EDGE('',*,*,#3993,.T.);
#5325=ORIENTED_EDGE('',*,*,#3994,.T.);
#5326=ORIENTED_EDGE('',*,*,#3995,.T.);
#5327=ORIENTED_EDGE('',*,*,#3992,.F.);
#5328=ORIENTED_EDGE('',*,*,#3996,.T.);
#5329=ORIENTED_EDGE('',*,*,#3994,.F.);
#5330=ORIENTED_EDGE('',*,*,#3997,.T.);
#5331=ORIENTED_EDGE('',*,*,#3998,.T.);
#5332=ORIENTED_EDGE('',*,*,#3999,.T.);
#5333=ORIENTED_EDGE('',*,*,#4000,.T.);
#5334=ORIENTED_EDGE('',*,*,#4001,.T.);
#5335=ORIENTED_EDGE('',*,*,#3998,.F.);
#5336=ORIENTED_EDGE('',*,*,#4002,.T.);
#5337=ORIENTED_EDGE('',*,*,#4000,.F.);
#5338=ORIENTED_EDGE('',*,*,#4003,.T.);
#5339=ORIENTED_EDGE('',*,*,#4004,.T.);
#5340=ORIENTED_EDGE('',*,*,#4005,.T.);
#5341=ORIENTED_EDGE('',*,*,#4006,.T.);
#5342=ORIENTED_EDGE('',*,*,#4007,.T.);
#5343=ORIENTED_EDGE('',*,*,#4004,.F.);
#5344=ORIENTED_EDGE('',*,*,#4008,.T.);
#5345=ORIENTED_EDGE('',*,*,#4006,.F.);
#5346=ORIENTED_EDGE('',*,*,#4009,.T.);
#5347=ORIENTED_EDGE('',*,*,#4010,.T.);
#5348=ORIENTED_EDGE('',*,*,#4011,.T.);
#5349=ORIENTED_EDGE('',*,*,#4012,.T.);
#5350=ORIENTED_EDGE('',*,*,#4013,.T.);
#5351=ORIENTED_EDGE('',*,*,#4010,.F.);
#5352=ORIENTED_EDGE('',*,*,#4014,.T.);
#5353=ORIENTED_EDGE('',*,*,#3990,.T.);
#5354=ORIENTED_EDGE('',*,*,#3993,.F.);
#5355=ORIENTED_EDGE('',*,*,#3995,.F.);
#5356=ORIENTED_EDGE('',*,*,#3999,.F.);
#5357=ORIENTED_EDGE('',*,*,#4001,.F.);
#5358=ORIENTED_EDGE('',*,*,#4005,.F.);
#5359=ORIENTED_EDGE('',*,*,#4007,.F.);
#5360=ORIENTED_EDGE('',*,*,#4011,.F.);
#5361=ORIENTED_EDGE('',*,*,#4013,.F.);
#5362=ORIENTED_EDGE('',*,*,#4015,.T.);
#5363=ORIENTED_EDGE('',*,*,#4016,.F.);
#5364=ORIENTED_EDGE('',*,*,#4017,.F.);
#5365=ORIENTED_EDGE('',*,*,#4018,.F.);
#5366=ORIENTED_EDGE('',*,*,#4019,.F.);
#5367=ORIENTED_EDGE('',*,*,#4020,.F.);
#5368=ORIENTED_EDGE('',*,*,#4021,.F.);
#5369=ORIENTED_EDGE('',*,*,#4022,.F.);
#5370=ORIENTED_EDGE('',*,*,#4023,.F.);
#5371=ORIENTED_EDGE('',*,*,#4024,.F.);
#5372=ORIENTED_EDGE('',*,*,#4025,.F.);
#5373=ORIENTED_EDGE('',*,*,#4026,.F.);
#5374=ORIENTED_EDGE('',*,*,#4027,.F.);
#5375=ORIENTED_EDGE('',*,*,#4028,.F.);
#5376=ORIENTED_EDGE('',*,*,#4029,.F.);
#5377=ORIENTED_EDGE('',*,*,#4030,.F.);
#5378=ORIENTED_EDGE('',*,*,#4031,.F.);
#5379=ORIENTED_EDGE('',*,*,#4032,.F.);
#5380=ORIENTED_EDGE('',*,*,#4033,.F.);
#5381=ORIENTED_EDGE('',*,*,#4034,.F.);
#5382=ORIENTED_EDGE('',*,*,#4035,.F.);
#5383=ORIENTED_EDGE('',*,*,#4036,.F.);
#5384=ORIENTED_EDGE('',*,*,#4037,.F.);
#5385=ORIENTED_EDGE('',*,*,#4038,.F.);
#5386=ORIENTED_EDGE('',*,*,#4039,.F.);
#5387=ORIENTED_EDGE('',*,*,#4040,.F.);
#5388=ORIENTED_EDGE('',*,*,#4041,.F.);
#5389=ORIENTED_EDGE('',*,*,#4042,.F.);
#5390=ORIENTED_EDGE('',*,*,#4043,.F.);
#5391=ORIENTED_EDGE('',*,*,#4044,.F.);
#5392=ORIENTED_EDGE('',*,*,#4045,.F.);
#5393=ORIENTED_EDGE('',*,*,#4046,.F.);
#5394=ORIENTED_EDGE('',*,*,#3904,.T.);
#5395=ORIENTED_EDGE('',*,*,#3709,.T.);
#5396=ORIENTED_EDGE('',*,*,#3711,.T.);
#5397=ORIENTED_EDGE('',*,*,#3713,.T.);
#5398=ORIENTED_EDGE('',*,*,#3715,.T.);
#5399=ORIENTED_EDGE('',*,*,#3717,.T.);
#5400=ORIENTED_EDGE('',*,*,#3719,.T.);
#5401=ORIENTED_EDGE('',*,*,#3721,.T.);
#5402=ORIENTED_EDGE('',*,*,#3723,.T.);
#5403=ORIENTED_EDGE('',*,*,#3725,.T.);
#5404=ORIENTED_EDGE('',*,*,#3727,.T.);
#5405=ORIENTED_EDGE('',*,*,#3729,.T.);
#5406=ORIENTED_EDGE('',*,*,#3731,.T.);
#5407=ORIENTED_EDGE('',*,*,#3733,.T.);
#5408=ORIENTED_EDGE('',*,*,#3735,.T.);
#5409=ORIENTED_EDGE('',*,*,#3737,.T.);
#5410=ORIENTED_EDGE('',*,*,#3739,.T.);
#5411=ORIENTED_EDGE('',*,*,#3741,.T.);
#5412=ORIENTED_EDGE('',*,*,#3743,.T.);
#5413=ORIENTED_EDGE('',*,*,#3745,.T.);
#5414=ORIENTED_EDGE('',*,*,#3747,.T.);
#5415=ORIENTED_EDGE('',*,*,#3749,.T.);
#5416=ORIENTED_EDGE('',*,*,#3751,.T.);
#5417=ORIENTED_EDGE('',*,*,#3753,.T.);
#5418=ORIENTED_EDGE('',*,*,#3755,.T.);
#5419=ORIENTED_EDGE('',*,*,#3757,.T.);
#5420=ORIENTED_EDGE('',*,*,#3759,.T.);
#5421=ORIENTED_EDGE('',*,*,#3761,.T.);
#5422=ORIENTED_EDGE('',*,*,#3763,.T.);
#5423=ORIENTED_EDGE('',*,*,#3765,.T.);
#5424=ORIENTED_EDGE('',*,*,#3766,.T.);
#5425=ORIENTED_EDGE('',*,*,#3505,.F.);
#5426=ORIENTED_EDGE('',*,*,#3495,.T.);
#5427=ORIENTED_EDGE('',*,*,#3490,.T.);
#5428=ORIENTED_EDGE('',*,*,#3489,.T.);
#5429=ORIENTED_EDGE('',*,*,#3484,.T.);
#5430=ORIENTED_EDGE('',*,*,#3483,.T.);
#5431=ORIENTED_EDGE('',*,*,#3478,.T.);
#5432=ORIENTED_EDGE('',*,*,#3477,.T.);
#5433=ORIENTED_EDGE('',*,*,#3472,.T.);
#5434=ORIENTED_EDGE('',*,*,#4012,.F.);
#5435=ORIENTED_EDGE('',*,*,#4047,.T.);
#5436=ORIENTED_EDGE('',*,*,#4048,.F.);
#5437=ORIENTED_EDGE('',*,*,#4049,.T.);
#5438=ORIENTED_EDGE('',*,*,#4048,.T.);
#5439=ORIENTED_EDGE('',*,*,#4050,.T.);
#5440=ORIENTED_EDGE('',*,*,#4051,.F.);
#5441=ORIENTED_EDGE('',*,*,#4052,.T.);
#5442=ORIENTED_EDGE('',*,*,#4053,.F.);
#5443=ORIENTED_EDGE('',*,*,#4015,.F.);
#5444=ORIENTED_EDGE('',*,*,#4049,.F.);
#5445=ORIENTED_EDGE('',*,*,#4054,.T.);
#5446=ORIENTED_EDGE('',*,*,#4055,.F.);
#5447=ORIENTED_EDGE('',*,*,#4056,.F.);
#5448=ORIENTED_EDGE('',*,*,#4050,.F.);
#5449=ORIENTED_EDGE('',*,*,#4047,.F.);
#5450=ORIENTED_EDGE('',*,*,#4014,.F.);
#5451=ORIENTED_EDGE('',*,*,#4057,.F.);
#5452=ORIENTED_EDGE('',*,*,#4058,.T.);
#5453=ORIENTED_EDGE('',*,*,#3512,.T.);
#5454=ORIENTED_EDGE('',*,*,#3494,.T.);
#5455=ORIENTED_EDGE('',*,*,#3498,.T.);
#5456=ORIENTED_EDGE('',*,*,#3501,.T.);
#5457=ORIENTED_EDGE('',*,*,#4059,.F.);
#5458=ORIENTED_EDGE('',*,*,#4060,.T.);
#5459=ORIENTED_EDGE('',*,*,#4003,.F.);
#5460=ORIENTED_EDGE('',*,*,#4061,.T.);
#5461=ORIENTED_EDGE('',*,*,#4062,.F.);
#5462=ORIENTED_EDGE('',*,*,#4063,.F.);
#5463=ORIENTED_EDGE('',*,*,#4008,.F.);
#5464=ORIENTED_EDGE('',*,*,#4060,.F.);
#5465=ORIENTED_EDGE('',*,*,#4064,.F.);
#5466=ORIENTED_EDGE('',*,*,#4057,.T.);
#5467=ORIENTED_EDGE('',*,*,#4009,.F.);
#5468=ORIENTED_EDGE('',*,*,#4063,.T.);
#5469=ORIENTED_EDGE('',*,*,#4065,.F.);
#5470=ORIENTED_EDGE('',*,*,#4061,.F.);
#5471=ORIENTED_EDGE('',*,*,#4002,.F.);
#5472=ORIENTED_EDGE('',*,*,#4066,.F.);
#5473=ORIENTED_EDGE('',*,*,#4067,.T.);
#5474=ORIENTED_EDGE('',*,*,#4068,.T.);
#5475=ORIENTED_EDGE('',*,*,#4069,.F.);
#5476=ORIENTED_EDGE('',*,*,#3914,.T.);
#5477=ORIENTED_EDGE('',*,*,#4070,.T.);
#5478=ORIENTED_EDGE('',*,*,#4071,.F.);
#5479=ORIENTED_EDGE('',*,*,#4072,.F.);
#5480=ORIENTED_EDGE('',*,*,#4068,.F.);
#5481=ORIENTED_EDGE('',*,*,#4073,.T.);
#5482=ORIENTED_EDGE('',*,*,#4074,.T.);
#5483=ORIENTED_EDGE('',*,*,#4075,.F.);
#5484=ORIENTED_EDGE('',*,*,#3918,.T.);
#5485=ORIENTED_EDGE('',*,*,#4076,.T.);
#5486=ORIENTED_EDGE('',*,*,#4077,.F.);
#5487=ORIENTED_EDGE('',*,*,#4078,.F.);
#5488=ORIENTED_EDGE('',*,*,#4074,.F.);
#5489=ORIENTED_EDGE('',*,*,#4079,.T.);
#5490=ORIENTED_EDGE('',*,*,#4080,.T.);
#5491=ORIENTED_EDGE('',*,*,#4081,.F.);
#5492=ORIENTED_EDGE('',*,*,#4071,.T.);
#5493=ORIENTED_EDGE('',*,*,#4082,.T.);
#5494=ORIENTED_EDGE('',*,*,#4083,.T.);
#5495=ORIENTED_EDGE('',*,*,#4084,.F.);
#5496=ORIENTED_EDGE('',*,*,#4085,.F.);
#5497=ORIENTED_EDGE('',*,*,#4086,.T.);
#5498=ORIENTED_EDGE('',*,*,#4087,.T.);
#5499=ORIENTED_EDGE('',*,*,#4088,.F.);
#5500=ORIENTED_EDGE('',*,*,#4077,.T.);
#5501=ORIENTED_EDGE('',*,*,#4089,.T.);
#5502=ORIENTED_EDGE('',*,*,#4090,.F.);
#5503=ORIENTED_EDGE('',*,*,#4091,.F.);
#5504=ORIENTED_EDGE('',*,*,#4087,.F.);
#5505=ORIENTED_EDGE('',*,*,#4092,.T.);
#5506=ORIENTED_EDGE('',*,*,#4093,.T.);
#5507=ORIENTED_EDGE('',*,*,#4094,.F.);
#5508=ORIENTED_EDGE('',*,*,#4090,.T.);
#5509=ORIENTED_EDGE('',*,*,#4095,.T.);
#5510=ORIENTED_EDGE('',*,*,#4096,.T.);
#5511=ORIENTED_EDGE('',*,*,#4097,.T.);
#5512=ORIENTED_EDGE('',*,*,#4098,.F.);
#5513=ORIENTED_EDGE('',*,*,#4099,.F.);
#5514=ORIENTED_EDGE('',*,*,#4093,.F.);
#5515=ORIENTED_EDGE('',*,*,#4100,.T.);
#5516=ORIENTED_EDGE('',*,*,#4101,.T.);
#5517=ORIENTED_EDGE('',*,*,#4102,.F.);
#5518=ORIENTED_EDGE('',*,*,#4098,.T.);
#5519=ORIENTED_EDGE('',*,*,#4103,.T.);
#5520=ORIENTED_EDGE('',*,*,#4104,.F.);
#5521=ORIENTED_EDGE('',*,*,#4105,.F.);
#5522=ORIENTED_EDGE('',*,*,#4101,.F.);
#5523=ORIENTED_EDGE('',*,*,#4106,.T.);
#5524=ORIENTED_EDGE('',*,*,#4107,.F.);
#5525=ORIENTED_EDGE('',*,*,#4108,.F.);
#5526=ORIENTED_EDGE('',*,*,#4109,.F.);
#5527=ORIENTED_EDGE('',*,*,#4110,.T.);
#5528=ORIENTED_EDGE('',*,*,#4111,.T.);
#5529=ORIENTED_EDGE('',*,*,#4112,.F.);
#5530=ORIENTED_EDGE('',*,*,#4107,.T.);
#5531=ORIENTED_EDGE('',*,*,#4113,.T.);
#5532=ORIENTED_EDGE('',*,*,#4114,.F.);
#5533=ORIENTED_EDGE('',*,*,#4115,.F.);
#5534=ORIENTED_EDGE('',*,*,#4111,.F.);
#5535=ORIENTED_EDGE('',*,*,#4116,.T.);
#5536=ORIENTED_EDGE('',*,*,#4117,.T.);
#5537=ORIENTED_EDGE('',*,*,#4118,.F.);
#5538=ORIENTED_EDGE('',*,*,#4114,.T.);
#5539=ORIENTED_EDGE('',*,*,#4119,.T.);
#5540=ORIENTED_EDGE('',*,*,#4120,.T.);
#5541=ORIENTED_EDGE('',*,*,#4121,.F.);
#5542=ORIENTED_EDGE('',*,*,#4117,.F.);
#5543=ORIENTED_EDGE('',*,*,#4122,.F.);
#5544=ORIENTED_EDGE('',*,*,#4123,.T.);
#5545=ORIENTED_EDGE('',*,*,#4124,.F.);
#5546=ORIENTED_EDGE('',*,*,#4125,.T.);
#5547=ORIENTED_EDGE('',*,*,#4126,.T.);
#5548=ORIENTED_EDGE('',*,*,#4127,.T.);
#5549=ORIENTED_EDGE('',*,*,#4128,.F.);
#5550=ORIENTED_EDGE('',*,*,#4120,.F.);
#5551=ORIENTED_EDGE('',*,*,#4129,.T.);
#5552=ORIENTED_EDGE('',*,*,#3980,.F.);
#5553=ORIENTED_EDGE('',*,*,#4130,.F.);
#5554=ORIENTED_EDGE('',*,*,#4131,.F.);
#5555=ORIENTED_EDGE('',*,*,#4132,.T.);
#5556=ORIENTED_EDGE('',*,*,#4131,.T.);
#5557=ORIENTED_EDGE('',*,*,#4133,.F.);
#5558=ORIENTED_EDGE('',*,*,#4134,.F.);
#5559=ORIENTED_EDGE('',*,*,#4135,.T.);
#5560=ORIENTED_EDGE('',*,*,#4136,.F.);
#5561=ORIENTED_EDGE('',*,*,#4137,.F.);
#5562=ORIENTED_EDGE('',*,*,#4125,.F.);
#5563=ORIENTED_EDGE('',*,*,#4138,.F.);
#5564=ORIENTED_EDGE('',*,*,#4127,.F.);
#5565=ORIENTED_EDGE('',*,*,#4139,.T.);
#5566=ORIENTED_EDGE('',*,*,#4140,.T.);
#5567=ORIENTED_EDGE('',*,*,#4141,.F.);
#5568=ORIENTED_EDGE('',*,*,#4083,.F.);
#5569=ORIENTED_EDGE('',*,*,#4142,.T.);
#5570=ORIENTED_EDGE('',*,*,#4109,.T.);
#5571=ORIENTED_EDGE('',*,*,#4143,.F.);
#5572=ORIENTED_EDGE('',*,*,#4104,.T.);
#5573=ORIENTED_EDGE('',*,*,#4144,.T.);
#5574=ORIENTED_EDGE('',*,*,#4145,.T.);
#5575=ORIENTED_EDGE('',*,*,#4144,.F.);
#5576=ORIENTED_EDGE('',*,*,#4103,.F.);
#5577=ORIENTED_EDGE('',*,*,#4100,.F.);
#5578=ORIENTED_EDGE('',*,*,#4097,.F.);
#5579=ORIENTED_EDGE('',*,*,#4146,.F.);
#5580=ORIENTED_EDGE('',*,*,#4147,.T.);
#5581=ORIENTED_EDGE('',*,*,#4145,.F.);
#5582=ORIENTED_EDGE('',*,*,#4146,.T.);
#5583=ORIENTED_EDGE('',*,*,#4096,.F.);
#5584=ORIENTED_EDGE('',*,*,#4148,.F.);
#5585=ORIENTED_EDGE('',*,*,#4148,.T.);
#5586=ORIENTED_EDGE('',*,*,#4149,.T.);
#5587=ORIENTED_EDGE('',*,*,#4150,.T.);
#5588=ORIENTED_EDGE('',*,*,#4149,.F.);
#5589=ORIENTED_EDGE('',*,*,#4151,.F.);
#5590=ORIENTED_EDGE('',*,*,#4151,.T.);
#5591=ORIENTED_EDGE('',*,*,#4152,.T.);
#5592=ORIENTED_EDGE('',*,*,#4153,.T.);
#5593=ORIENTED_EDGE('',*,*,#4152,.F.);
#5594=ORIENTED_EDGE('',*,*,#4154,.F.);
#5595=ORIENTED_EDGE('',*,*,#4154,.T.);
#5596=ORIENTED_EDGE('',*,*,#4155,.T.);
#5597=ORIENTED_EDGE('',*,*,#4156,.T.);
#5598=ORIENTED_EDGE('',*,*,#4155,.F.);
#5599=ORIENTED_EDGE('',*,*,#4157,.F.);
#5600=ORIENTED_EDGE('',*,*,#4157,.T.);
#5601=ORIENTED_EDGE('',*,*,#4158,.T.);
#5602=ORIENTED_EDGE('',*,*,#4159,.T.);
#5603=ORIENTED_EDGE('',*,*,#4158,.F.);
#5604=ORIENTED_EDGE('',*,*,#4160,.F.);
#5605=ORIENTED_EDGE('',*,*,#4161,.T.);
#5606=ORIENTED_EDGE('',*,*,#4162,.T.);
#5607=ORIENTED_EDGE('',*,*,#4160,.T.);
#5608=ORIENTED_EDGE('',*,*,#4162,.F.);
#5609=ORIENTED_EDGE('',*,*,#4163,.F.);
#5610=ORIENTED_EDGE('',*,*,#4164,.T.);
#5611=ORIENTED_EDGE('',*,*,#4165,.T.);
#5612=ORIENTED_EDGE('',*,*,#4163,.T.);
#5613=ORIENTED_EDGE('',*,*,#4165,.F.);
#5614=ORIENTED_EDGE('',*,*,#4166,.F.);
#5615=ORIENTED_EDGE('',*,*,#4055,.T.);
#5616=ORIENTED_EDGE('',*,*,#4167,.T.);
#5617=ORIENTED_EDGE('',*,*,#4168,.F.);
#5618=ORIENTED_EDGE('',*,*,#4169,.T.);
#5619=ORIENTED_EDGE('',*,*,#4170,.T.);
#5620=ORIENTED_EDGE('',*,*,#4171,.T.);
#5621=ORIENTED_EDGE('',*,*,#4172,.F.);
#5622=ORIENTED_EDGE('',*,*,#4171,.F.);
#5623=ORIENTED_EDGE('',*,*,#4173,.T.);
#5624=ORIENTED_EDGE('',*,*,#4174,.F.);
#5625=ORIENTED_EDGE('',*,*,#4175,.F.);
#5626=ORIENTED_EDGE('',*,*,#4174,.T.);
#5627=ORIENTED_EDGE('',*,*,#4176,.T.);
#5628=ORIENTED_EDGE('',*,*,#4177,.T.);
#5629=ORIENTED_EDGE('',*,*,#4178,.F.);
#5630=ORIENTED_EDGE('',*,*,#4177,.F.);
#5631=ORIENTED_EDGE('',*,*,#4179,.T.);
#5632=ORIENTED_EDGE('',*,*,#4180,.T.);
#5633=ORIENTED_EDGE('',*,*,#4181,.F.);
#5634=ORIENTED_EDGE('',*,*,#4180,.F.);
#5635=ORIENTED_EDGE('',*,*,#4182,.T.);
#5636=ORIENTED_EDGE('',*,*,#4183,.T.);
#5637=ORIENTED_EDGE('',*,*,#4184,.F.);
#5638=ORIENTED_EDGE('',*,*,#4183,.F.);
#5639=ORIENTED_EDGE('',*,*,#4185,.T.);
#5640=ORIENTED_EDGE('',*,*,#4186,.T.);
#5641=ORIENTED_EDGE('',*,*,#4187,.F.);
#5642=ORIENTED_EDGE('',*,*,#4186,.F.);
#5643=ORIENTED_EDGE('',*,*,#4188,.T.);
#5644=ORIENTED_EDGE('',*,*,#4189,.T.);
#5645=ORIENTED_EDGE('',*,*,#4190,.F.);
#5646=ORIENTED_EDGE('',*,*,#4189,.F.);
#5647=ORIENTED_EDGE('',*,*,#4191,.T.);
#5648=ORIENTED_EDGE('',*,*,#4192,.T.);
#5649=ORIENTED_EDGE('',*,*,#4193,.F.);
#5650=ORIENTED_EDGE('',*,*,#4192,.F.);
#5651=ORIENTED_EDGE('',*,*,#4194,.T.);
#5652=ORIENTED_EDGE('',*,*,#4195,.T.);
#5653=ORIENTED_EDGE('',*,*,#4196,.F.);
#5654=ORIENTED_EDGE('',*,*,#4195,.F.);
#5655=ORIENTED_EDGE('',*,*,#4197,.T.);
#5656=ORIENTED_EDGE('',*,*,#4198,.T.);
#5657=ORIENTED_EDGE('',*,*,#4199,.F.);
#5658=ORIENTED_EDGE('',*,*,#4198,.F.);
#5659=ORIENTED_EDGE('',*,*,#4200,.T.);
#5660=ORIENTED_EDGE('',*,*,#4201,.T.);
#5661=ORIENTED_EDGE('',*,*,#4202,.F.);
#5662=ORIENTED_EDGE('',*,*,#4201,.F.);
#5663=ORIENTED_EDGE('',*,*,#4203,.T.);
#5664=ORIENTED_EDGE('',*,*,#4204,.T.);
#5665=ORIENTED_EDGE('',*,*,#4205,.F.);
#5666=ORIENTED_EDGE('',*,*,#4204,.F.);
#5667=ORIENTED_EDGE('',*,*,#4206,.T.);
#5668=ORIENTED_EDGE('',*,*,#4207,.T.);
#5669=ORIENTED_EDGE('',*,*,#4208,.F.);
#5670=ORIENTED_EDGE('',*,*,#4207,.F.);
#5671=ORIENTED_EDGE('',*,*,#4209,.T.);
#5672=ORIENTED_EDGE('',*,*,#4210,.T.);
#5673=ORIENTED_EDGE('',*,*,#4211,.F.);
#5674=ORIENTED_EDGE('',*,*,#4210,.F.);
#5675=ORIENTED_EDGE('',*,*,#4212,.T.);
#5676=ORIENTED_EDGE('',*,*,#4213,.T.);
#5677=ORIENTED_EDGE('',*,*,#4214,.F.);
#5678=ORIENTED_EDGE('',*,*,#4213,.F.);
#5679=ORIENTED_EDGE('',*,*,#4215,.T.);
#5680=ORIENTED_EDGE('',*,*,#4216,.T.);
#5681=ORIENTED_EDGE('',*,*,#4217,.F.);
#5682=ORIENTED_EDGE('',*,*,#4216,.F.);
#5683=ORIENTED_EDGE('',*,*,#4218,.T.);
#5684=ORIENTED_EDGE('',*,*,#4219,.T.);
#5685=ORIENTED_EDGE('',*,*,#4220,.F.);
#5686=ORIENTED_EDGE('',*,*,#4219,.F.);
#5687=ORIENTED_EDGE('',*,*,#4221,.T.);
#5688=ORIENTED_EDGE('',*,*,#4222,.T.);
#5689=ORIENTED_EDGE('',*,*,#4223,.F.);
#5690=ORIENTED_EDGE('',*,*,#4222,.F.);
#5691=ORIENTED_EDGE('',*,*,#4224,.T.);
#5692=ORIENTED_EDGE('',*,*,#4225,.T.);
#5693=ORIENTED_EDGE('',*,*,#4226,.F.);
#5694=ORIENTED_EDGE('',*,*,#4225,.F.);
#5695=ORIENTED_EDGE('',*,*,#4227,.T.);
#5696=ORIENTED_EDGE('',*,*,#4228,.T.);
#5697=ORIENTED_EDGE('',*,*,#4229,.F.);
#5698=ORIENTED_EDGE('',*,*,#4228,.F.);
#5699=ORIENTED_EDGE('',*,*,#4230,.T.);
#5700=ORIENTED_EDGE('',*,*,#4231,.T.);
#5701=ORIENTED_EDGE('',*,*,#4232,.F.);
#5702=ORIENTED_EDGE('',*,*,#4231,.F.);
#5703=ORIENTED_EDGE('',*,*,#4233,.T.);
#5704=ORIENTED_EDGE('',*,*,#4234,.T.);
#5705=ORIENTED_EDGE('',*,*,#4235,.F.);
#5706=ORIENTED_EDGE('',*,*,#4234,.F.);
#5707=ORIENTED_EDGE('',*,*,#4236,.T.);
#5708=ORIENTED_EDGE('',*,*,#4237,.T.);
#5709=ORIENTED_EDGE('',*,*,#4238,.F.);
#5710=ORIENTED_EDGE('',*,*,#4237,.F.);
#5711=ORIENTED_EDGE('',*,*,#4239,.T.);
#5712=ORIENTED_EDGE('',*,*,#4240,.T.);
#5713=ORIENTED_EDGE('',*,*,#4241,.F.);
#5714=ORIENTED_EDGE('',*,*,#4240,.F.);
#5715=ORIENTED_EDGE('',*,*,#4242,.T.);
#5716=ORIENTED_EDGE('',*,*,#4243,.T.);
#5717=ORIENTED_EDGE('',*,*,#4244,.F.);
#5718=ORIENTED_EDGE('',*,*,#4243,.F.);
#5719=ORIENTED_EDGE('',*,*,#4245,.T.);
#5720=ORIENTED_EDGE('',*,*,#4246,.T.);
#5721=ORIENTED_EDGE('',*,*,#4247,.F.);
#5722=ORIENTED_EDGE('',*,*,#4246,.F.);
#5723=ORIENTED_EDGE('',*,*,#4248,.T.);
#5724=ORIENTED_EDGE('',*,*,#4249,.T.);
#5725=ORIENTED_EDGE('',*,*,#4250,.F.);
#5726=ORIENTED_EDGE('',*,*,#4249,.F.);
#5727=ORIENTED_EDGE('',*,*,#4251,.T.);
#5728=ORIENTED_EDGE('',*,*,#4252,.T.);
#5729=ORIENTED_EDGE('',*,*,#4253,.F.);
#5730=ORIENTED_EDGE('',*,*,#4252,.F.);
#5731=ORIENTED_EDGE('',*,*,#4254,.T.);
#5732=ORIENTED_EDGE('',*,*,#4255,.T.);
#5733=ORIENTED_EDGE('',*,*,#4256,.F.);
#5734=ORIENTED_EDGE('',*,*,#4255,.F.);
#5735=ORIENTED_EDGE('',*,*,#4257,.T.);
#5736=ORIENTED_EDGE('',*,*,#4258,.T.);
#5737=ORIENTED_EDGE('',*,*,#4259,.T.);
#5738=ORIENTED_EDGE('',*,*,#4045,.T.);
#5739=ORIENTED_EDGE('',*,*,#4260,.F.);
#5740=ORIENTED_EDGE('',*,*,#4256,.T.);
#5741=ORIENTED_EDGE('',*,*,#4260,.T.);
#5742=ORIENTED_EDGE('',*,*,#4044,.T.);
#5743=ORIENTED_EDGE('',*,*,#4261,.F.);
#5744=ORIENTED_EDGE('',*,*,#4253,.T.);
#5745=ORIENTED_EDGE('',*,*,#4261,.T.);
#5746=ORIENTED_EDGE('',*,*,#4043,.T.);
#5747=ORIENTED_EDGE('',*,*,#4262,.F.);
#5748=ORIENTED_EDGE('',*,*,#4250,.T.);
#5749=ORIENTED_EDGE('',*,*,#4262,.T.);
#5750=ORIENTED_EDGE('',*,*,#4042,.T.);
#5751=ORIENTED_EDGE('',*,*,#4263,.F.);
#5752=ORIENTED_EDGE('',*,*,#4247,.T.);
#5753=ORIENTED_EDGE('',*,*,#4263,.T.);
#5754=ORIENTED_EDGE('',*,*,#4041,.T.);
#5755=ORIENTED_EDGE('',*,*,#4264,.F.);
#5756=ORIENTED_EDGE('',*,*,#4244,.T.);
#5757=ORIENTED_EDGE('',*,*,#4264,.T.);
#5758=ORIENTED_EDGE('',*,*,#4040,.T.);
#5759=ORIENTED_EDGE('',*,*,#4265,.F.);
#5760=ORIENTED_EDGE('',*,*,#4241,.T.);
#5761=ORIENTED_EDGE('',*,*,#4265,.T.);
#5762=ORIENTED_EDGE('',*,*,#4039,.T.);
#5763=ORIENTED_EDGE('',*,*,#4266,.F.);
#5764=ORIENTED_EDGE('',*,*,#4238,.T.);
#5765=ORIENTED_EDGE('',*,*,#4266,.T.);
#5766=ORIENTED_EDGE('',*,*,#4038,.T.);
#5767=ORIENTED_EDGE('',*,*,#4267,.F.);
#5768=ORIENTED_EDGE('',*,*,#4235,.T.);
#5769=ORIENTED_EDGE('',*,*,#4267,.T.);
#5770=ORIENTED_EDGE('',*,*,#4037,.T.);
#5771=ORIENTED_EDGE('',*,*,#4268,.F.);
#5772=ORIENTED_EDGE('',*,*,#4232,.T.);
#5773=ORIENTED_EDGE('',*,*,#4268,.T.);
#5774=ORIENTED_EDGE('',*,*,#4036,.T.);
#5775=ORIENTED_EDGE('',*,*,#4269,.F.);
#5776=ORIENTED_EDGE('',*,*,#4229,.T.);
#5777=ORIENTED_EDGE('',*,*,#4269,.T.);
#5778=ORIENTED_EDGE('',*,*,#4035,.T.);
#5779=ORIENTED_EDGE('',*,*,#4270,.F.);
#5780=ORIENTED_EDGE('',*,*,#4226,.T.);
#5781=ORIENTED_EDGE('',*,*,#4270,.T.);
#5782=ORIENTED_EDGE('',*,*,#4034,.T.);
#5783=ORIENTED_EDGE('',*,*,#4271,.F.);
#5784=ORIENTED_EDGE('',*,*,#4223,.T.);
#5785=ORIENTED_EDGE('',*,*,#4271,.T.);
#5786=ORIENTED_EDGE('',*,*,#4033,.T.);
#5787=ORIENTED_EDGE('',*,*,#4272,.F.);
#5788=ORIENTED_EDGE('',*,*,#4220,.T.);
#5789=ORIENTED_EDGE('',*,*,#4272,.T.);
#5790=ORIENTED_EDGE('',*,*,#4032,.T.);
#5791=ORIENTED_EDGE('',*,*,#4273,.F.);
#5792=ORIENTED_EDGE('',*,*,#4217,.T.);
#5793=ORIENTED_EDGE('',*,*,#4273,.T.);
#5794=ORIENTED_EDGE('',*,*,#4031,.T.);
#5795=ORIENTED_EDGE('',*,*,#4274,.F.);
#5796=ORIENTED_EDGE('',*,*,#4214,.T.);
#5797=ORIENTED_EDGE('',*,*,#4274,.T.);
#5798=ORIENTED_EDGE('',*,*,#4030,.T.);
#5799=ORIENTED_EDGE('',*,*,#4275,.F.);
#5800=ORIENTED_EDGE('',*,*,#4211,.T.);
#5801=ORIENTED_EDGE('',*,*,#4275,.T.);
#5802=ORIENTED_EDGE('',*,*,#4029,.T.);
#5803=ORIENTED_EDGE('',*,*,#4276,.F.);
#5804=ORIENTED_EDGE('',*,*,#4208,.T.);
#5805=ORIENTED_EDGE('',*,*,#4276,.T.);
#5806=ORIENTED_EDGE('',*,*,#4028,.T.);
#5807=ORIENTED_EDGE('',*,*,#4277,.F.);
#5808=ORIENTED_EDGE('',*,*,#4205,.T.);
#5809=ORIENTED_EDGE('',*,*,#4277,.T.);
#5810=ORIENTED_EDGE('',*,*,#4027,.T.);
#5811=ORIENTED_EDGE('',*,*,#4278,.F.);
#5812=ORIENTED_EDGE('',*,*,#4202,.T.);
#5813=ORIENTED_EDGE('',*,*,#4278,.T.);
#5814=ORIENTED_EDGE('',*,*,#4026,.T.);
#5815=ORIENTED_EDGE('',*,*,#4279,.F.);
#5816=ORIENTED_EDGE('',*,*,#4199,.T.);
#5817=ORIENTED_EDGE('',*,*,#4279,.T.);
#5818=ORIENTED_EDGE('',*,*,#4025,.T.);
#5819=ORIENTED_EDGE('',*,*,#4280,.F.);
#5820=ORIENTED_EDGE('',*,*,#4196,.T.);
#5821=ORIENTED_EDGE('',*,*,#4280,.T.);
#5822=ORIENTED_EDGE('',*,*,#4024,.T.);
#5823=ORIENTED_EDGE('',*,*,#4281,.F.);
#5824=ORIENTED_EDGE('',*,*,#4193,.T.);
#5825=ORIENTED_EDGE('',*,*,#4281,.T.);
#5826=ORIENTED_EDGE('',*,*,#4023,.T.);
#5827=ORIENTED_EDGE('',*,*,#4282,.F.);
#5828=ORIENTED_EDGE('',*,*,#4190,.T.);
#5829=ORIENTED_EDGE('',*,*,#4282,.T.);
#5830=ORIENTED_EDGE('',*,*,#4022,.T.);
#5831=ORIENTED_EDGE('',*,*,#4283,.F.);
#5832=ORIENTED_EDGE('',*,*,#4187,.T.);
#5833=ORIENTED_EDGE('',*,*,#4283,.T.);
#5834=ORIENTED_EDGE('',*,*,#4021,.T.);
#5835=ORIENTED_EDGE('',*,*,#4284,.F.);
#5836=ORIENTED_EDGE('',*,*,#4184,.T.);
#5837=ORIENTED_EDGE('',*,*,#4284,.T.);
#5838=ORIENTED_EDGE('',*,*,#4020,.T.);
#5839=ORIENTED_EDGE('',*,*,#4285,.F.);
#5840=ORIENTED_EDGE('',*,*,#4181,.T.);
#5841=ORIENTED_EDGE('',*,*,#4285,.T.);
#5842=ORIENTED_EDGE('',*,*,#4019,.T.);
#5843=ORIENTED_EDGE('',*,*,#4286,.F.);
#5844=ORIENTED_EDGE('',*,*,#4178,.T.);
#5845=ORIENTED_EDGE('',*,*,#4286,.T.);
#5846=ORIENTED_EDGE('',*,*,#4018,.T.);
#5847=ORIENTED_EDGE('',*,*,#4287,.F.);
#5848=ORIENTED_EDGE('',*,*,#4175,.T.);
#5849=ORIENTED_EDGE('',*,*,#4288,.F.);
#5850=ORIENTED_EDGE('',*,*,#4172,.T.);
#5851=ORIENTED_EDGE('',*,*,#4287,.T.);
#5852=ORIENTED_EDGE('',*,*,#4017,.T.);
#5853=ORIENTED_EDGE('',*,*,#4288,.T.);
#5854=ORIENTED_EDGE('',*,*,#4016,.T.);
#5855=ORIENTED_EDGE('',*,*,#4053,.T.);
#5856=ORIENTED_EDGE('',*,*,#4166,.T.);
#5857=ORIENTED_EDGE('',*,*,#4289,.T.);
#5858=ORIENTED_EDGE('',*,*,#4167,.F.);
#5859=ORIENTED_EDGE('',*,*,#4054,.F.);
#5860=ORIENTED_EDGE('',*,*,#4052,.F.);
#5861=ORIENTED_EDGE('',*,*,#4290,.T.);
#5862=ORIENTED_EDGE('',*,*,#4291,.T.);
#5863=ORIENTED_EDGE('',*,*,#4292,.T.);
#5864=ORIENTED_EDGE('',*,*,#4293,.F.);
#5865=ORIENTED_EDGE('',*,*,#4294,.T.);
#5866=ORIENTED_EDGE('',*,*,#4295,.T.);
#5867=ORIENTED_EDGE('',*,*,#4294,.F.);
#5868=ORIENTED_EDGE('',*,*,#4296,.T.);
#5869=ORIENTED_EDGE('',*,*,#4297,.F.);
#5870=ORIENTED_EDGE('',*,*,#4298,.T.);
#5871=ORIENTED_EDGE('',*,*,#4297,.T.);
#5872=ORIENTED_EDGE('',*,*,#4299,.F.);
#5873=ORIENTED_EDGE('',*,*,#4136,.T.);
#5874=ORIENTED_EDGE('',*,*,#4300,.T.);
#5875=ORIENTED_EDGE('',*,*,#4134,.T.);
#5876=ORIENTED_EDGE('',*,*,#4301,.F.);
#5877=ORIENTED_EDGE('',*,*,#4123,.F.);
#5878=ORIENTED_EDGE('',*,*,#4302,.T.);
#5879=ORIENTED_EDGE('',*,*,#4303,.F.);
#5880=ORIENTED_EDGE('',*,*,#4304,.T.);
#5881=ORIENTED_EDGE('',*,*,#4303,.T.);
#5882=ORIENTED_EDGE('',*,*,#4305,.T.);
#5883=ORIENTED_EDGE('',*,*,#4306,.F.);
#5884=ORIENTED_EDGE('',*,*,#4307,.T.);
#5885=ORIENTED_EDGE('',*,*,#4306,.T.);
#5886=ORIENTED_EDGE('',*,*,#4308,.F.);
#5887=ORIENTED_EDGE('',*,*,#4309,.T.);
#5888=ORIENTED_EDGE('',*,*,#4310,.T.);
#5889=ORIENTED_EDGE('',*,*,#4309,.F.);
#5890=ORIENTED_EDGE('',*,*,#4311,.T.);
#5891=ORIENTED_EDGE('',*,*,#4312,.T.);
#5892=ORIENTED_EDGE('',*,*,#4313,.T.);
#5893=ORIENTED_EDGE('',*,*,#4312,.F.);
#5894=ORIENTED_EDGE('',*,*,#4314,.F.);
#5895=ORIENTED_EDGE('',*,*,#4315,.T.);
#5896=ORIENTED_EDGE('',*,*,#4316,.T.);
#5897=ORIENTED_EDGE('',*,*,#4315,.F.);
#5898=ORIENTED_EDGE('',*,*,#4317,.T.);
#5899=ORIENTED_EDGE('',*,*,#4318,.F.);
#5900=ORIENTED_EDGE('',*,*,#4319,.T.);
#5901=ORIENTED_EDGE('',*,*,#4318,.T.);
#5902=ORIENTED_EDGE('',*,*,#4320,.T.);
#5903=ORIENTED_EDGE('',*,*,#4321,.F.);
#5904=ORIENTED_EDGE('',*,*,#4322,.T.);
#5905=ORIENTED_EDGE('',*,*,#4321,.T.);
#5906=ORIENTED_EDGE('',*,*,#4323,.T.);
#5907=ORIENTED_EDGE('',*,*,#4324,.F.);
#5908=ORIENTED_EDGE('',*,*,#4325,.T.);
#5909=ORIENTED_EDGE('',*,*,#4324,.T.);
#5910=ORIENTED_EDGE('',*,*,#4326,.T.);
#5911=ORIENTED_EDGE('',*,*,#4327,.F.);
#5912=ORIENTED_EDGE('',*,*,#4328,.T.);
#5913=ORIENTED_EDGE('',*,*,#3916,.T.);
#5914=ORIENTED_EDGE('',*,*,#4329,.F.);
#5915=ORIENTED_EDGE('',*,*,#4330,.T.);
#5916=ORIENTED_EDGE('',*,*,#4331,.T.);
#5917=ORIENTED_EDGE('',*,*,#4330,.F.);
#5918=ORIENTED_EDGE('',*,*,#4332,.F.);
#5919=ORIENTED_EDGE('',*,*,#4333,.F.);
#5920=ORIENTED_EDGE('',*,*,#4334,.T.);
#5921=ORIENTED_EDGE('',*,*,#4333,.T.);
#5922=ORIENTED_EDGE('',*,*,#4335,.F.);
#5923=ORIENTED_EDGE('',*,*,#4336,.T.);
#5924=ORIENTED_EDGE('',*,*,#4337,.T.);
#5925=ORIENTED_EDGE('',*,*,#4336,.F.);
#5926=ORIENTED_EDGE('',*,*,#4338,.F.);
#5927=ORIENTED_EDGE('',*,*,#4080,.F.);
#5928=ORIENTED_EDGE('',*,*,#4339,.T.);
#5929=ORIENTED_EDGE('',*,*,#4085,.T.);
#5930=ORIENTED_EDGE('',*,*,#4340,.F.);
#5931=ORIENTED_EDGE('',*,*,#4341,.T.);
#5932=ORIENTED_EDGE('',*,*,#4342,.T.);
#5933=ORIENTED_EDGE('',*,*,#3987,.F.);
#5934=ORIENTED_EDGE('',*,*,#4343,.F.);
#5935=ORIENTED_EDGE('',*,*,#4140,.F.);
#5936=ORIENTED_EDGE('',*,*,#4344,.F.);
#5937=ORIENTED_EDGE('',*,*,#4345,.T.);
#5938=ORIENTED_EDGE('',*,*,#4341,.F.);
#5939=ORIENTED_EDGE('',*,*,#4346,.F.);
#5940=ORIENTED_EDGE('',*,*,#4347,.T.);
#5941=ORIENTED_EDGE('',*,*,#4348,.T.);
#5942=ORIENTED_EDGE('',*,*,#4344,.T.);
#5943=ORIENTED_EDGE('',*,*,#4349,.F.);
#5944=ORIENTED_EDGE('',*,*,#4350,.F.);
#5945=ORIENTED_EDGE('',*,*,#4351,.T.);
#5946=ORIENTED_EDGE('',*,*,#4352,.F.);
#5947=ORIENTED_EDGE('',*,*,#4353,.T.);
#5948=ORIENTED_EDGE('',*,*,#4347,.F.);
#5949=ORIENTED_EDGE('',*,*,#4354,.T.);
#5950=ORIENTED_EDGE('',*,*,#3982,.T.);
#5951=ORIENTED_EDGE('',*,*,#4355,.T.);
#5952=ORIENTED_EDGE('',*,*,#4356,.F.);
#5953=ORIENTED_EDGE('',*,*,#4357,.F.);
#5954=ORIENTED_EDGE('',*,*,#4358,.F.);
#5955=ORIENTED_EDGE('',*,*,#4359,.T.);
#5956=ORIENTED_EDGE('',*,*,#4360,.F.);
#5957=ORIENTED_EDGE('',*,*,#4356,.T.);
#5958=ORIENTED_EDGE('',*,*,#4361,.T.);
#5959=ORIENTED_EDGE('',*,*,#4362,.T.);
#5960=ORIENTED_EDGE('',*,*,#4363,.T.);
#5961=ORIENTED_EDGE('',*,*,#4362,.F.);
#5962=ORIENTED_EDGE('',*,*,#4364,.T.);
#5963=ORIENTED_EDGE('',*,*,#4352,.T.);
#5964=ORIENTED_EDGE('',*,*,#4365,.T.);
#5965=ORIENTED_EDGE('',*,*,#4366,.T.);
#5966=ORIENTED_EDGE('',*,*,#3988,.T.);
#5967=ORIENTED_EDGE('',*,*,#3892,.F.);
#5968=ORIENTED_EDGE('',*,*,#4367,.F.);
#5969=ORIENTED_EDGE('',*,*,#4368,.F.);
#5970=ORIENTED_EDGE('',*,*,#4369,.F.);
#5971=ORIENTED_EDGE('',*,*,#4370,.F.);
#5972=ORIENTED_EDGE('',*,*,#4359,.F.);
#5973=ORIENTED_EDGE('',*,*,#4363,.F.);
#5974=ORIENTED_EDGE('',*,*,#4351,.F.);
#5975=ORIENTED_EDGE('',*,*,#4371,.F.);
#5976=ORIENTED_EDGE('',*,*,#4372,.F.);
#5977=ORIENTED_EDGE('',*,*,#4373,.T.);
#5978=ORIENTED_EDGE('',*,*,#4374,.F.);
#5979=ORIENTED_EDGE('',*,*,#4375,.F.);
#5980=ORIENTED_EDGE('',*,*,#4376,.F.);
#5981=ORIENTED_EDGE('',*,*,#4377,.F.);
#5982=ORIENTED_EDGE('',*,*,#4378,.F.);
#5983=ORIENTED_EDGE('',*,*,#4379,.F.);
#5984=ORIENTED_EDGE('',*,*,#4380,.F.);
#5985=ORIENTED_EDGE('',*,*,#4381,.F.);
#5986=ORIENTED_EDGE('',*,*,#4346,.T.);
#5987=ORIENTED_EDGE('',*,*,#4340,.T.);
#5988=ORIENTED_EDGE('',*,*,#4084,.T.);
#5989=ORIENTED_EDGE('',*,*,#4141,.T.);
#5990=ORIENTED_EDGE('',*,*,#4343,.T.);
#5991=ORIENTED_EDGE('',*,*,#3986,.T.);
#5992=ORIENTED_EDGE('',*,*,#3983,.T.);
#5993=ORIENTED_EDGE('',*,*,#4382,.F.);
#5994=ORIENTED_EDGE('',*,*,#4383,.F.);
#5995=ORIENTED_EDGE('',*,*,#4384,.F.);
#5996=ORIENTED_EDGE('',*,*,#4385,.F.);
#5997=ORIENTED_EDGE('',*,*,#4386,.T.);
#5998=ORIENTED_EDGE('',*,*,#3895,.T.);
#5999=ORIENTED_EDGE('',*,*,#3900,.T.);
#6000=ORIENTED_EDGE('',*,*,#3901,.T.);
#6001=ORIENTED_EDGE('',*,*,#3898,.T.);
#6002=ORIENTED_EDGE('',*,*,#3466,.F.);
#6003=ORIENTED_EDGE('',*,*,#3470,.F.);
#6004=ORIENTED_EDGE('',*,*,#3821,.F.);
#6005=ORIENTED_EDGE('',*,*,#3588,.F.);
#6006=ORIENTED_EDGE('',*,*,#3532,.F.);
#6007=ORIENTED_EDGE('',*,*,#3819,.F.);
#6008=ORIENTED_EDGE('',*,*,#3823,.F.);
#6009=ORIENTED_EDGE('',*,*,#3880,.T.);
#6010=ORIENTED_EDGE('',*,*,#3882,.T.);
#6011=ORIENTED_EDGE('',*,*,#3884,.T.);
#6012=ORIENTED_EDGE('',*,*,#3860,.T.);
#6013=ORIENTED_EDGE('',*,*,#3851,.T.);
#6014=ORIENTED_EDGE('',*,*,#3853,.T.);
#6015=ORIENTED_EDGE('',*,*,#3855,.T.);
#6016=ORIENTED_EDGE('',*,*,#3857,.T.);
#6017=ORIENTED_EDGE('',*,*,#3814,.F.);
#6018=ORIENTED_EDGE('',*,*,#3816,.F.);
#6019=ORIENTED_EDGE('',*,*,#3528,.F.);
#6020=ORIENTED_EDGE('',*,*,#3519,.F.);
#6021=ORIENTED_EDGE('',*,*,#3516,.F.);
#6022=ORIENTED_EDGE('',*,*,#3398,.F.);
#6023=ORIENTED_EDGE('',*,*,#3808,.F.);
#6024=ORIENTED_EDGE('',*,*,#3811,.F.);
#6025=ORIENTED_EDGE('',*,*,#3463,.F.);
#6026=ORIENTED_EDGE('',*,*,#3579,.F.);
#6027=ORIENTED_EDGE('',*,*,#3582,.F.);
#6028=ORIENTED_EDGE('',*,*,#3781,.F.);
#6029=ORIENTED_EDGE('',*,*,#3572,.F.);
#6030=ORIENTED_EDGE('',*,*,#3584,.F.);
#6031=ORIENTED_EDGE('',*,*,#3575,.F.);
#6032=ORIENTED_EDGE('',*,*,#3568,.F.);
#6033=ORIENTED_EDGE('',*,*,#3565,.F.);
#6034=ORIENTED_EDGE('',*,*,#3562,.F.);
#6035=ORIENTED_EDGE('',*,*,#3559,.F.);
#6036=ORIENTED_EDGE('',*,*,#3556,.F.);
#6037=ORIENTED_EDGE('',*,*,#3593,.F.);
#6038=ORIENTED_EDGE('',*,*,#3552,.F.);
#6039=ORIENTED_EDGE('',*,*,#3549,.F.);
#6040=ORIENTED_EDGE('',*,*,#3544,.F.);
#6041=ORIENTED_EDGE('',*,*,#3541,.F.);
#6042=ORIENTED_EDGE('',*,*,#3538,.F.);
#6043=ORIENTED_EDGE('',*,*,#3535,.F.);
#6044=ORIENTED_EDGE('',*,*,#3525,.F.);
#6045=ORIENTED_EDGE('',*,*,#3522,.F.);
#6046=ORIENTED_EDGE('',*,*,#3402,.F.);
#6047=ORIENTED_EDGE('',*,*,#3406,.F.);
#6048=ORIENTED_EDGE('',*,*,#3409,.F.);
#6049=ORIENTED_EDGE('',*,*,#3412,.F.);
#6050=ORIENTED_EDGE('',*,*,#3415,.F.);
#6051=ORIENTED_EDGE('',*,*,#3418,.F.);
#6052=ORIENTED_EDGE('',*,*,#3421,.F.);
#6053=ORIENTED_EDGE('',*,*,#3424,.F.);
#6054=ORIENTED_EDGE('',*,*,#3427,.F.);
#6055=ORIENTED_EDGE('',*,*,#3430,.F.);
#6056=ORIENTED_EDGE('',*,*,#3433,.F.);
#6057=ORIENTED_EDGE('',*,*,#3436,.F.);
#6058=ORIENTED_EDGE('',*,*,#3439,.F.);
#6059=ORIENTED_EDGE('',*,*,#3442,.F.);
#6060=ORIENTED_EDGE('',*,*,#3445,.F.);
#6061=ORIENTED_EDGE('',*,*,#3448,.F.);
#6062=ORIENTED_EDGE('',*,*,#3451,.F.);
#6063=ORIENTED_EDGE('',*,*,#3454,.F.);
#6064=ORIENTED_EDGE('',*,*,#3457,.F.);
#6065=ORIENTED_EDGE('',*,*,#3460,.F.);
#6066=ORIENTED_EDGE('',*,*,#3979,.T.);
#6067=ORIENTED_EDGE('',*,*,#3976,.T.);
#6068=ORIENTED_EDGE('',*,*,#3973,.T.);
#6069=ORIENTED_EDGE('',*,*,#3970,.T.);
#6070=ORIENTED_EDGE('',*,*,#3967,.T.);
#6071=ORIENTED_EDGE('',*,*,#3964,.T.);
#6072=ORIENTED_EDGE('',*,*,#3961,.T.);
#6073=ORIENTED_EDGE('',*,*,#3958,.T.);
#6074=ORIENTED_EDGE('',*,*,#3955,.T.);
#6075=ORIENTED_EDGE('',*,*,#3952,.T.);
#6076=ORIENTED_EDGE('',*,*,#3949,.T.);
#6077=ORIENTED_EDGE('',*,*,#3946,.T.);
#6078=ORIENTED_EDGE('',*,*,#3943,.T.);
#6079=ORIENTED_EDGE('',*,*,#3940,.T.);
#6080=ORIENTED_EDGE('',*,*,#3937,.T.);
#6081=ORIENTED_EDGE('',*,*,#3934,.T.);
#6082=ORIENTED_EDGE('',*,*,#3931,.T.);
#6083=ORIENTED_EDGE('',*,*,#3928,.T.);
#6084=ORIENTED_EDGE('',*,*,#3925,.T.);
#6085=ORIENTED_EDGE('',*,*,#3922,.T.);
#6086=ORIENTED_EDGE('',*,*,#3919,.T.);
#6087=ORIENTED_EDGE('',*,*,#4075,.T.);
#6088=ORIENTED_EDGE('',*,*,#4078,.T.);
#6089=ORIENTED_EDGE('',*,*,#4088,.T.);
#6090=ORIENTED_EDGE('',*,*,#4091,.T.);
#6091=ORIENTED_EDGE('',*,*,#4094,.T.);
#6092=ORIENTED_EDGE('',*,*,#4099,.T.);
#6093=ORIENTED_EDGE('',*,*,#4102,.T.);
#6094=ORIENTED_EDGE('',*,*,#4105,.T.);
#6095=ORIENTED_EDGE('',*,*,#4143,.T.);
#6096=ORIENTED_EDGE('',*,*,#4108,.T.);
#6097=ORIENTED_EDGE('',*,*,#4112,.T.);
#6098=ORIENTED_EDGE('',*,*,#4115,.T.);
#6099=ORIENTED_EDGE('',*,*,#4118,.T.);
#6100=ORIENTED_EDGE('',*,*,#4121,.T.);
#6101=ORIENTED_EDGE('',*,*,#4128,.T.);
#6102=ORIENTED_EDGE('',*,*,#4138,.T.);
#6103=ORIENTED_EDGE('',*,*,#4124,.T.);
#6104=ORIENTED_EDGE('',*,*,#4301,.T.);
#6105=ORIENTED_EDGE('',*,*,#4133,.T.);
#6106=ORIENTED_EDGE('',*,*,#4130,.T.);
#6107=ORIENTED_EDGE('',*,*,#4335,.T.);
#6108=ORIENTED_EDGE('',*,*,#4332,.T.);
#6109=ORIENTED_EDGE('',*,*,#4329,.T.);
#6110=ORIENTED_EDGE('',*,*,#3915,.T.);
#6111=ORIENTED_EDGE('',*,*,#4069,.T.);
#6112=ORIENTED_EDGE('',*,*,#4072,.T.);
#6113=ORIENTED_EDGE('',*,*,#4081,.T.);
#6114=ORIENTED_EDGE('',*,*,#4338,.T.);
#6115=ORIENTED_EDGE('',*,*,#4387,.T.);
#6116=ORIENTED_EDGE('',*,*,#4377,.T.);
#6117=ORIENTED_EDGE('',*,*,#4388,.F.);
#6118=ORIENTED_EDGE('',*,*,#4065,.T.);
#6119=ORIENTED_EDGE('',*,*,#4388,.T.);
#6120=ORIENTED_EDGE('',*,*,#4376,.T.);
#6121=ORIENTED_EDGE('',*,*,#4389,.F.);
#6122=ORIENTED_EDGE('',*,*,#4059,.T.);
#6123=ORIENTED_EDGE('',*,*,#4389,.T.);
#6124=ORIENTED_EDGE('',*,*,#4375,.T.);
#6125=ORIENTED_EDGE('',*,*,#4390,.F.);
#6126=ORIENTED_EDGE('',*,*,#4062,.T.);
#6127=ORIENTED_EDGE('',*,*,#4390,.T.);
#6128=ORIENTED_EDGE('',*,*,#4374,.T.);
#6129=ORIENTED_EDGE('',*,*,#4391,.F.);
#6130=ORIENTED_EDGE('',*,*,#4064,.T.);
#6131=ORIENTED_EDGE('',*,*,#4058,.F.);
#6132=ORIENTED_EDGE('',*,*,#4391,.T.);
#6133=ORIENTED_EDGE('',*,*,#4373,.F.);
#6134=ORIENTED_EDGE('',*,*,#3856,.F.);
#6135=ORIENTED_EDGE('',*,*,#4392,.F.);
#6136=ORIENTED_EDGE('',*,*,#4378,.T.);
#6137=ORIENTED_EDGE('',*,*,#4387,.F.);
#6138=ORIENTED_EDGE('',*,*,#4393,.T.);
#6139=ORIENTED_EDGE('',*,*,#4394,.F.);
#6140=ORIENTED_EDGE('',*,*,#4393,.F.);
#6141=ORIENTED_EDGE('',*,*,#4066,.T.);
#6142=ORIENTED_EDGE('',*,*,#3997,.F.);
#6143=ORIENTED_EDGE('',*,*,#4395,.T.);
#6144=ORIENTED_EDGE('',*,*,#4396,.F.);
#6145=ORIENTED_EDGE('',*,*,#4397,.F.);
#6146=ORIENTED_EDGE('',*,*,#4398,.F.);
#6147=ORIENTED_EDGE('',*,*,#4395,.F.);
#6148=ORIENTED_EDGE('',*,*,#3996,.F.);
#6149=ORIENTED_EDGE('',*,*,#4399,.F.);
#6150=ORIENTED_EDGE('',*,*,#4400,.T.);
#6151=ORIENTED_EDGE('',*,*,#4401,.T.);
#6152=ORIENTED_EDGE('',*,*,#4402,.F.);
#6153=ORIENTED_EDGE('',*,*,#4396,.T.);
#6154=ORIENTED_EDGE('',*,*,#4402,.T.);
#6155=ORIENTED_EDGE('',*,*,#4367,.T.);
#6156=ORIENTED_EDGE('',*,*,#4403,.F.);
#6157=ORIENTED_EDGE('',*,*,#4397,.T.);
#6158=ORIENTED_EDGE('',*,*,#4404,.T.);
#6159=ORIENTED_EDGE('',*,*,#4398,.T.);
#6160=ORIENTED_EDGE('',*,*,#4403,.T.);
#6161=ORIENTED_EDGE('',*,*,#4405,.T.);
#6162=ORIENTED_EDGE('',*,*,#4406,.F.);
#6163=ORIENTED_EDGE('',*,*,#4394,.T.);
#6164=ORIENTED_EDGE('',*,*,#4404,.F.);
#6165=ORIENTED_EDGE('',*,*,#4407,.T.);
#6166=ORIENTED_EDGE('',*,*,#4408,.F.);
#6167=ORIENTED_EDGE('',*,*,#4409,.F.);
#6168=ORIENTED_EDGE('',*,*,#4407,.F.);
#6169=ORIENTED_EDGE('',*,*,#4405,.F.);
#6170=ORIENTED_EDGE('',*,*,#4372,.T.);
#6171=ORIENTED_EDGE('',*,*,#4410,.F.);
#6172=ORIENTED_EDGE('',*,*,#4411,.F.);
#6173=ORIENTED_EDGE('',*,*,#4410,.T.);
#6174=ORIENTED_EDGE('',*,*,#4371,.T.);
#6175=ORIENTED_EDGE('',*,*,#4354,.F.);
#6176=ORIENTED_EDGE('',*,*,#4350,.T.);
#6177=ORIENTED_EDGE('',*,*,#4349,.T.);
#6178=ORIENTED_EDGE('',*,*,#4381,.T.);
#6179=ORIENTED_EDGE('',*,*,#4412,.F.);
#6180=ORIENTED_EDGE('',*,*,#4412,.T.);
#6181=ORIENTED_EDGE('',*,*,#4380,.T.);
#6182=ORIENTED_EDGE('',*,*,#4413,.F.);
#6183=ORIENTED_EDGE('',*,*,#4411,.T.);
#6184=ORIENTED_EDGE('',*,*,#4414,.F.);
#6185=ORIENTED_EDGE('',*,*,#4409,.T.);
#6186=ORIENTED_EDGE('',*,*,#4413,.T.);
#6187=ORIENTED_EDGE('',*,*,#4379,.T.);
#6188=ORIENTED_EDGE('',*,*,#4392,.T.);
#6189=ORIENTED_EDGE('',*,*,#4406,.T.);
#6190=ORIENTED_EDGE('',*,*,#4408,.T.);
#6191=ORIENTED_EDGE('',*,*,#4414,.T.);
#6192=ORIENTED_EDGE('',*,*,#4415,.F.);
#6193=ORIENTED_EDGE('',*,*,#4357,.T.);
#6194=ORIENTED_EDGE('',*,*,#4360,.T.);
#6195=ORIENTED_EDGE('',*,*,#4370,.T.);
#6196=ORIENTED_EDGE('',*,*,#4416,.F.);
#6197=ORIENTED_EDGE('',*,*,#4417,.F.);
#6198=ORIENTED_EDGE('',*,*,#4416,.T.);
#6199=ORIENTED_EDGE('',*,*,#4369,.T.);
#6200=ORIENTED_EDGE('',*,*,#4368,.T.);
#6201=ORIENTED_EDGE('',*,*,#4401,.F.);
#6202=ORIENTED_EDGE('',*,*,#4418,.F.);
#6203=ORIENTED_EDGE('',*,*,#4419,.F.);
#6204=ORIENTED_EDGE('',*,*,#4418,.T.);
#6205=ORIENTED_EDGE('',*,*,#4400,.F.);
#6206=ORIENTED_EDGE('',*,*,#4420,.T.);
#6207=ORIENTED_EDGE('',*,*,#4421,.F.);
#6208=ORIENTED_EDGE('',*,*,#4420,.F.);
#6209=ORIENTED_EDGE('',*,*,#4399,.T.);
#6210=ORIENTED_EDGE('',*,*,#3991,.F.);
#6211=ORIENTED_EDGE('',*,*,#4366,.F.);
#6212=ORIENTED_EDGE('',*,*,#4386,.F.);
#6213=ORIENTED_EDGE('',*,*,#4422,.F.);
#6214=ORIENTED_EDGE('',*,*,#4365,.F.);
#6215=ORIENTED_EDGE('',*,*,#3893,.T.);
#6216=ORIENTED_EDGE('',*,*,#4422,.T.);
#6217=ORIENTED_EDGE('',*,*,#4385,.T.);
#6218=ORIENTED_EDGE('',*,*,#4423,.F.);
#6219=ORIENTED_EDGE('',*,*,#4421,.T.);
#6220=ORIENTED_EDGE('',*,*,#4423,.T.);
#6221=ORIENTED_EDGE('',*,*,#4424,.F.);
#6222=ORIENTED_EDGE('',*,*,#4419,.T.);
#6223=ORIENTED_EDGE('',*,*,#4425,.F.);
#6224=ORIENTED_EDGE('',*,*,#4382,.T.);
#6225=ORIENTED_EDGE('',*,*,#4358,.T.);
#6226=ORIENTED_EDGE('',*,*,#4426,.F.);
#6227=ORIENTED_EDGE('',*,*,#4417,.T.);
#6228=ORIENTED_EDGE('',*,*,#4424,.T.);
#6229=ORIENTED_EDGE('',*,*,#4384,.T.);
#6230=ORIENTED_EDGE('',*,*,#4425,.T.);
#6231=ORIENTED_EDGE('',*,*,#4415,.T.);
#6232=ORIENTED_EDGE('',*,*,#4426,.T.);
#6233=ORIENTED_EDGE('',*,*,#4383,.T.);
#6234=ORIENTED_EDGE('',*,*,#3902,.F.);
#6235=ORIENTED_EDGE('',*,*,#4046,.T.);
#6236=ORIENTED_EDGE('',*,*,#4259,.F.);
#6237=ORIENTED_EDGE('',*,*,#4427,.T.);
#6238=ORIENTED_EDGE('',*,*,#3905,.F.);
#6239=ORIENTED_EDGE('',*,*,#4427,.F.);
#6240=ORIENTED_EDGE('',*,*,#4258,.F.);
#6241=ORIENTED_EDGE('',*,*,#4428,.T.);
#6242=ORIENTED_EDGE('',*,*,#4428,.F.);
#6243=ORIENTED_EDGE('',*,*,#4257,.F.);
#6244=ORIENTED_EDGE('',*,*,#4254,.F.);
#6245=ORIENTED_EDGE('',*,*,#4251,.F.);
#6246=ORIENTED_EDGE('',*,*,#4248,.F.);
#6247=ORIENTED_EDGE('',*,*,#4245,.F.);
#6248=ORIENTED_EDGE('',*,*,#4242,.F.);
#6249=ORIENTED_EDGE('',*,*,#4239,.F.);
#6250=ORIENTED_EDGE('',*,*,#4236,.F.);
#6251=ORIENTED_EDGE('',*,*,#4233,.F.);
#6252=ORIENTED_EDGE('',*,*,#4230,.F.);
#6253=ORIENTED_EDGE('',*,*,#4227,.F.);
#6254=ORIENTED_EDGE('',*,*,#4224,.F.);
#6255=ORIENTED_EDGE('',*,*,#4221,.F.);
#6256=ORIENTED_EDGE('',*,*,#4218,.F.);
#6257=ORIENTED_EDGE('',*,*,#4215,.F.);
#6258=ORIENTED_EDGE('',*,*,#4212,.F.);
#6259=ORIENTED_EDGE('',*,*,#4209,.F.);
#6260=ORIENTED_EDGE('',*,*,#4206,.F.);
#6261=ORIENTED_EDGE('',*,*,#4203,.F.);
#6262=ORIENTED_EDGE('',*,*,#4200,.F.);
#6263=ORIENTED_EDGE('',*,*,#4197,.F.);
#6264=ORIENTED_EDGE('',*,*,#4194,.F.);
#6265=ORIENTED_EDGE('',*,*,#4191,.F.);
#6266=ORIENTED_EDGE('',*,*,#4188,.F.);
#6267=ORIENTED_EDGE('',*,*,#4185,.F.);
#6268=ORIENTED_EDGE('',*,*,#4182,.F.);
#6269=ORIENTED_EDGE('',*,*,#4179,.F.);
#6270=ORIENTED_EDGE('',*,*,#4176,.F.);
#6271=ORIENTED_EDGE('',*,*,#4173,.F.);
#6272=ORIENTED_EDGE('',*,*,#4170,.F.);
#6273=ORIENTED_EDGE('',*,*,#4291,.F.);
#6274=ORIENTED_EDGE('',*,*,#4295,.F.);
#6275=ORIENTED_EDGE('',*,*,#4298,.F.);
#6276=ORIENTED_EDGE('',*,*,#4135,.F.);
#6277=ORIENTED_EDGE('',*,*,#4126,.F.);
#6278=ORIENTED_EDGE('',*,*,#4119,.F.);
#6279=ORIENTED_EDGE('',*,*,#4116,.F.);
#6280=ORIENTED_EDGE('',*,*,#4113,.F.);
#6281=ORIENTED_EDGE('',*,*,#4110,.F.);
#6282=ORIENTED_EDGE('',*,*,#4106,.F.);
#6283=ORIENTED_EDGE('',*,*,#4142,.F.);
#6284=ORIENTED_EDGE('',*,*,#4147,.F.);
#6285=ORIENTED_EDGE('',*,*,#4095,.F.);
#6286=ORIENTED_EDGE('',*,*,#4092,.F.);
#6287=ORIENTED_EDGE('',*,*,#4089,.F.);
#6288=ORIENTED_EDGE('',*,*,#4086,.F.);
#6289=ORIENTED_EDGE('',*,*,#4076,.F.);
#6290=ORIENTED_EDGE('',*,*,#4073,.F.);
#6291=ORIENTED_EDGE('',*,*,#3917,.F.);
#6292=ORIENTED_EDGE('',*,*,#3921,.F.);
#6293=ORIENTED_EDGE('',*,*,#3924,.F.);
#6294=ORIENTED_EDGE('',*,*,#3927,.F.);
#6295=ORIENTED_EDGE('',*,*,#3930,.F.);
#6296=ORIENTED_EDGE('',*,*,#3933,.F.);
#6297=ORIENTED_EDGE('',*,*,#3936,.F.);
#6298=ORIENTED_EDGE('',*,*,#3939,.F.);
#6299=ORIENTED_EDGE('',*,*,#3942,.F.);
#6300=ORIENTED_EDGE('',*,*,#3945,.F.);
#6301=ORIENTED_EDGE('',*,*,#3948,.F.);
#6302=ORIENTED_EDGE('',*,*,#3951,.F.);
#6303=ORIENTED_EDGE('',*,*,#3954,.F.);
#6304=ORIENTED_EDGE('',*,*,#3957,.F.);
#6305=ORIENTED_EDGE('',*,*,#3960,.F.);
#6306=ORIENTED_EDGE('',*,*,#3963,.F.);
#6307=ORIENTED_EDGE('',*,*,#3966,.F.);
#6308=ORIENTED_EDGE('',*,*,#3969,.F.);
#6309=ORIENTED_EDGE('',*,*,#3972,.F.);
#6310=ORIENTED_EDGE('',*,*,#3975,.F.);
#6311=ORIENTED_EDGE('',*,*,#3978,.F.);
#6312=ORIENTED_EDGE('',*,*,#4129,.F.);
#6313=ORIENTED_EDGE('',*,*,#4132,.F.);
#6314=ORIENTED_EDGE('',*,*,#4300,.F.);
#6315=ORIENTED_EDGE('',*,*,#4304,.F.);
#6316=ORIENTED_EDGE('',*,*,#4307,.F.);
#6317=ORIENTED_EDGE('',*,*,#4310,.F.);
#6318=ORIENTED_EDGE('',*,*,#4313,.F.);
#6319=ORIENTED_EDGE('',*,*,#4316,.F.);
#6320=ORIENTED_EDGE('',*,*,#4319,.F.);
#6321=ORIENTED_EDGE('',*,*,#4322,.F.);
#6322=ORIENTED_EDGE('',*,*,#4325,.F.);
#6323=ORIENTED_EDGE('',*,*,#4429,.F.);
#6324=ORIENTED_EDGE('',*,*,#3909,.T.);
#6325=ORIENTED_EDGE('',*,*,#3803,.T.);
#6326=ORIENTED_EDGE('',*,*,#3800,.T.);
#6327=ORIENTED_EDGE('',*,*,#3797,.T.);
#6328=ORIENTED_EDGE('',*,*,#3794,.T.);
#6329=ORIENTED_EDGE('',*,*,#3791,.T.);
#6330=ORIENTED_EDGE('',*,*,#3788,.T.);
#6331=ORIENTED_EDGE('',*,*,#3785,.T.);
#6332=ORIENTED_EDGE('',*,*,#3782,.T.);
#6333=ORIENTED_EDGE('',*,*,#3778,.T.);
#6334=ORIENTED_EDGE('',*,*,#3580,.T.);
#6335=ORIENTED_EDGE('',*,*,#3577,.T.);
#6336=ORIENTED_EDGE('',*,*,#3461,.T.);
#6337=ORIENTED_EDGE('',*,*,#3458,.T.);
#6338=ORIENTED_EDGE('',*,*,#3455,.T.);
#6339=ORIENTED_EDGE('',*,*,#3452,.T.);
#6340=ORIENTED_EDGE('',*,*,#3449,.T.);
#6341=ORIENTED_EDGE('',*,*,#3446,.T.);
#6342=ORIENTED_EDGE('',*,*,#3443,.T.);
#6343=ORIENTED_EDGE('',*,*,#3440,.T.);
#6344=ORIENTED_EDGE('',*,*,#3437,.T.);
#6345=ORIENTED_EDGE('',*,*,#3434,.T.);
#6346=ORIENTED_EDGE('',*,*,#3431,.T.);
#6347=ORIENTED_EDGE('',*,*,#3428,.T.);
#6348=ORIENTED_EDGE('',*,*,#3425,.T.);
#6349=ORIENTED_EDGE('',*,*,#3422,.T.);
#6350=ORIENTED_EDGE('',*,*,#3419,.T.);
#6351=ORIENTED_EDGE('',*,*,#3416,.T.);
#6352=ORIENTED_EDGE('',*,*,#3413,.T.);
#6353=ORIENTED_EDGE('',*,*,#3410,.T.);
#6354=ORIENTED_EDGE('',*,*,#3407,.T.);
#6355=ORIENTED_EDGE('',*,*,#3404,.T.);
#6356=ORIENTED_EDGE('',*,*,#3400,.T.);
#6357=ORIENTED_EDGE('',*,*,#3521,.T.);
#6358=ORIENTED_EDGE('',*,*,#3524,.T.);
#6359=ORIENTED_EDGE('',*,*,#3534,.T.);
#6360=ORIENTED_EDGE('',*,*,#3537,.T.);
#6361=ORIENTED_EDGE('',*,*,#3540,.T.);
#6362=ORIENTED_EDGE('',*,*,#3543,.T.);
#6363=ORIENTED_EDGE('',*,*,#3595,.T.);
#6364=ORIENTED_EDGE('',*,*,#3590,.T.);
#6365=ORIENTED_EDGE('',*,*,#3554,.T.);
#6366=ORIENTED_EDGE('',*,*,#3558,.T.);
#6367=ORIENTED_EDGE('',*,*,#3561,.T.);
#6368=ORIENTED_EDGE('',*,*,#3564,.T.);
#6369=ORIENTED_EDGE('',*,*,#3567,.T.);
#6370=ORIENTED_EDGE('',*,*,#3574,.T.);
#6371=ORIENTED_EDGE('',*,*,#3583,.T.);
#6372=ORIENTED_EDGE('',*,*,#3776,.T.);
#6373=ORIENTED_EDGE('',*,*,#3773,.T.);
#6374=ORIENTED_EDGE('',*,*,#3769,.T.);
#6375=ORIENTED_EDGE('',*,*,#3616,.T.);
#6376=ORIENTED_EDGE('',*,*,#3622,.T.);
#6377=ORIENTED_EDGE('',*,*,#3625,.T.);
#6378=ORIENTED_EDGE('',*,*,#3628,.T.);
#6379=ORIENTED_EDGE('',*,*,#3631,.T.);
#6380=ORIENTED_EDGE('',*,*,#3634,.T.);
#6381=ORIENTED_EDGE('',*,*,#3637,.T.);
#6382=ORIENTED_EDGE('',*,*,#3640,.T.);
#6383=ORIENTED_EDGE('',*,*,#3643,.T.);
#6384=ORIENTED_EDGE('',*,*,#3646,.T.);
#6385=ORIENTED_EDGE('',*,*,#3649,.T.);
#6386=ORIENTED_EDGE('',*,*,#3652,.T.);
#6387=ORIENTED_EDGE('',*,*,#3655,.T.);
#6388=ORIENTED_EDGE('',*,*,#3658,.T.);
#6389=ORIENTED_EDGE('',*,*,#3661,.T.);
#6390=ORIENTED_EDGE('',*,*,#3664,.T.);
#6391=ORIENTED_EDGE('',*,*,#3667,.T.);
#6392=ORIENTED_EDGE('',*,*,#3670,.T.);
#6393=ORIENTED_EDGE('',*,*,#3673,.T.);
#6394=ORIENTED_EDGE('',*,*,#3676,.T.);
#6395=ORIENTED_EDGE('',*,*,#3679,.T.);
#6396=ORIENTED_EDGE('',*,*,#3682,.T.);
#6397=ORIENTED_EDGE('',*,*,#3685,.T.);
#6398=ORIENTED_EDGE('',*,*,#3688,.T.);
#6399=ORIENTED_EDGE('',*,*,#3691,.T.);
#6400=ORIENTED_EDGE('',*,*,#3694,.T.);
#6401=ORIENTED_EDGE('',*,*,#3697,.T.);
#6402=ORIENTED_EDGE('',*,*,#3700,.T.);
#6403=ORIENTED_EDGE('',*,*,#3703,.T.);
#6404=ORIENTED_EDGE('',*,*,#3706,.T.);
#6405=ORIENTED_EDGE('',*,*,#3906,.T.);
#6406=ORIENTED_EDGE('',*,*,#3612,.T.);
#6407=ORIENTED_EDGE('',*,*,#3609,.T.);
#6408=ORIENTED_EDGE('',*,*,#3607,.T.);
#6409=ORIENTED_EDGE('',*,*,#3604,.T.);
#6410=ORIENTED_EDGE('',*,*,#3601,.T.);
#6411=ORIENTED_EDGE('',*,*,#3598,.T.);
#6412=ORIENTED_EDGE('',*,*,#3515,.T.);
#6413=ORIENTED_EDGE('',*,*,#3518,.T.);
#6414=ORIENTED_EDGE('',*,*,#3527,.T.);
#6415=ORIENTED_EDGE('',*,*,#3815,.T.);
#6416=ORIENTED_EDGE('',*,*,#3812,.T.);
#6417=ORIENTED_EDGE('',*,*,#3809,.T.);
#6418=ORIENTED_EDGE('',*,*,#3806,.T.);
#6419=ORIENTED_EDGE('',*,*,#3396,.T.);
#6420=ORIENTED_EDGE('',*,*,#3820,.T.);
#6421=ORIENTED_EDGE('',*,*,#3468,.T.);
#6422=ORIENTED_EDGE('',*,*,#3464,.T.);
#6423=ORIENTED_EDGE('',*,*,#3836,.T.);
#6424=ORIENTED_EDGE('',*,*,#3839,.T.);
#6425=ORIENTED_EDGE('',*,*,#3842,.T.);
#6426=ORIENTED_EDGE('',*,*,#3831,.T.);
#6427=ORIENTED_EDGE('',*,*,#3828,.T.);
#6428=ORIENTED_EDGE('',*,*,#3824,.T.);
#6429=ORIENTED_EDGE('',*,*,#3817,.T.);
#6430=ORIENTED_EDGE('',*,*,#3530,.T.);
#6431=ORIENTED_EDGE('',*,*,#3587,.T.);
#6432=ORIENTED_EDGE('',*,*,#4342,.F.);
#6433=ORIENTED_EDGE('',*,*,#4139,.F.);
#6434=ORIENTED_EDGE('',*,*,#4082,.F.);
#6435=ORIENTED_EDGE('',*,*,#4339,.F.);
#6436=ORIENTED_EDGE('',*,*,#4345,.F.);
#6437=ORIENTED_EDGE('',*,*,#4348,.F.);
#6438=ORIENTED_EDGE('',*,*,#4353,.F.);
#6439=ORIENTED_EDGE('',*,*,#4364,.F.);
#6440=ORIENTED_EDGE('',*,*,#4361,.F.);
#6441=ORIENTED_EDGE('',*,*,#4355,.F.);
#6442=ORIENTED_EDGE('',*,*,#3981,.F.);
#6443=ORIENTED_EDGE('',*,*,#3985,.F.);
#6444=ORIENTED_EDGE('',*,*,#4067,.F.);
#6445=ORIENTED_EDGE('',*,*,#3913,.F.);
#6446=ORIENTED_EDGE('',*,*,#4328,.F.);
#6447=ORIENTED_EDGE('',*,*,#4331,.F.);
#6448=ORIENTED_EDGE('',*,*,#4334,.F.);
#6449=ORIENTED_EDGE('',*,*,#4337,.F.);
#6450=ORIENTED_EDGE('',*,*,#4079,.F.);
#6451=ORIENTED_EDGE('',*,*,#4070,.F.);
#6452=ORIENTED_EDGE('',*,*,#4150,.F.);
#6453=ORIENTED_EDGE('',*,*,#4153,.F.);
#6454=ORIENTED_EDGE('',*,*,#4156,.F.);
#6455=ORIENTED_EDGE('',*,*,#4159,.F.);
#6456=ORIENTED_EDGE('',*,*,#4161,.F.);
#6457=ORIENTED_EDGE('',*,*,#4164,.F.);
#6458=ORIENTED_EDGE('',*,*,#3907,.F.);
#6459=ORIENTED_EDGE('',*,*,#4429,.T.);
#6460=ORIENTED_EDGE('',*,*,#4327,.T.);
#6461=ORIENTED_EDGE('',*,*,#4430,.T.);
#6462=ORIENTED_EDGE('',*,*,#4430,.F.);
#6463=ORIENTED_EDGE('',*,*,#4326,.F.);
#6464=ORIENTED_EDGE('',*,*,#4323,.F.);
#6465=ORIENTED_EDGE('',*,*,#4320,.F.);
#6466=ORIENTED_EDGE('',*,*,#4317,.F.);
#6467=ORIENTED_EDGE('',*,*,#4314,.T.);
#6468=ORIENTED_EDGE('',*,*,#4311,.F.);
#6469=ORIENTED_EDGE('',*,*,#4308,.T.);
#6470=ORIENTED_EDGE('',*,*,#4305,.F.);
#6471=ORIENTED_EDGE('',*,*,#4302,.F.);
#6472=ORIENTED_EDGE('',*,*,#4122,.T.);
#6473=ORIENTED_EDGE('',*,*,#4137,.T.);
#6474=ORIENTED_EDGE('',*,*,#4299,.T.);
#6475=ORIENTED_EDGE('',*,*,#4296,.F.);
#6476=ORIENTED_EDGE('',*,*,#4293,.T.);
#6477=ORIENTED_EDGE('',*,*,#4431,.F.);
#6478=ORIENTED_EDGE('',*,*,#3912,.T.);
#6479=ORIENTED_EDGE('',*,*,#3771,.F.);
#6480=ORIENTED_EDGE('',*,*,#3775,.T.);
#6481=ORIENTED_EDGE('',*,*,#3777,.F.);
#6482=ORIENTED_EDGE('',*,*,#3585,.F.);
#6483=ORIENTED_EDGE('',*,*,#3570,.F.);
#6484=ORIENTED_EDGE('',*,*,#3780,.T.);
#6485=ORIENTED_EDGE('',*,*,#3784,.T.);
#6486=ORIENTED_EDGE('',*,*,#3787,.F.);
#6487=ORIENTED_EDGE('',*,*,#3790,.T.);
#6488=ORIENTED_EDGE('',*,*,#3793,.F.);
#6489=ORIENTED_EDGE('',*,*,#3796,.T.);
#6490=ORIENTED_EDGE('',*,*,#3799,.T.);
#6491=ORIENTED_EDGE('',*,*,#3802,.T.);
#6492=ORIENTED_EDGE('',*,*,#3805,.T.);
#6493=ORIENTED_EDGE('',*,*,#3908,.T.);
#6494=ORIENTED_EDGE('',*,*,#3910,.F.);
#6495=ORIENTED_EDGE('',*,*,#4431,.T.);
#6496=ORIENTED_EDGE('',*,*,#4292,.F.);
#6497=ORIENTED_EDGE('',*,*,#4169,.F.);
#6498=ORIENTED_EDGE('',*,*,#4168,.T.);
#6499=ORIENTED_EDGE('',*,*,#4289,.F.);
#6500=ORIENTED_EDGE('',*,*,#4432,.F.);
#6501=ORIENTED_EDGE('',*,*,#4432,.T.);
#6502=ORIENTED_EDGE('',*,*,#4290,.F.);
#6503=ORIENTED_EDGE('',*,*,#4433,.T.);
#6504=ORIENTED_EDGE('',*,*,#3768,.T.);
#6505=ORIENTED_EDGE('',*,*,#3911,.F.);
#6506=ORIENTED_EDGE('',*,*,#4433,.F.);
#6507=ORIENTED_EDGE('',*,*,#4051,.T.);
#6508=ORIENTED_EDGE('',*,*,#4056,.T.);
#6509=ORIENTED_EDGE('',*,*,#3500,.F.);
#6510=PLANE('',#7088);
#6511=PLANE('',#7089);
#6512=PLANE('',#7090);
#6513=PLANE('',#7091);
#6514=PLANE('',#7092);
#6515=PLANE('',#7096);
#6516=PLANE('',#7100);
#6517=PLANE('',#7104);
#6518=PLANE('',#7108);
#6519=PLANE('',#7112);
#6520=PLANE('',#7116);
#6521=PLANE('',#7120);
#6522=PLANE('',#7121);
#6523=PLANE('',#7122);
#6524=PLANE('',#7126);
#6525=PLANE('',#7133);
#6526=PLANE('',#7137);
#6527=PLANE('',#7141);
#6528=PLANE('',#7145);
#6529=PLANE('',#7146);
#6530=PLANE('',#7150);
#6531=PLANE('',#7153);
#6532=PLANE('',#7156);
#6533=PLANE('',#7160);
#6534=PLANE('',#7164);
#6535=PLANE('',#7168);
#6536=PLANE('',#7172);
#6537=PLANE('',#7176);
#6538=PLANE('',#7180);
#6539=PLANE('',#7181);
#6540=PLANE('',#7185);
#6541=PLANE('',#7189);
#6542=PLANE('',#7193);
#6543=PLANE('',#7194);
#6544=PLANE('',#7195);
#6545=PLANE('',#7196);
#6546=PLANE('',#7197);
#6547=PLANE('',#7202);
#6548=PLANE('',#7206);
#6549=PLANE('',#7210);
#6550=PLANE('',#7214);
#6551=PLANE('',#7218);
#6552=PLANE('',#7222);
#6553=PLANE('',#7226);
#6554=PLANE('',#7230);
#6555=PLANE('',#7232);
#6556=PLANE('',#7245);
#6557=PLANE('',#7255);
#6558=PLANE('',#7268);
#6559=PLANE('',#7275);
#6560=PLANE('',#7291);
#6561=PLANE('',#7295);
#6562=PLANE('',#7311);
#6563=PLANE('',#7314);
#6564=PLANE('',#7325);
#6565=PLANE('',#7330);
#6566=PLANE('',#7339);
#6567=PLANE('',#7346);
#6568=PLANE('',#7355);
#6569=PLANE('',#7356);
#6570=PLANE('',#7362);
#6571=PLANE('',#7366);
#6572=PLANE('',#7373);
#6573=PLANE('',#7377);
#6574=PLANE('',#7378);
#6575=PLANE('',#7382);
#6576=PLANE('',#7386);
#6577=PLANE('',#7390);
#6578=PLANE('',#7394);
#6579=PLANE('',#7395);
#6580=PLANE('',#7398);
#6581=PLANE('',#7402);
#6582=PLANE('',#7404);
#6583=PLANE('',#7405);
#6584=PLANE('',#7417);
#6585=PLANE('',#7445);
#6586=PLANE('',#7446);
#6587=PLANE('',#7447);
#6588=PLANE('',#7448);
#6589=PLANE('',#7449);
#6590=PLANE('',#7450);
#6591=PLANE('',#7451);
#6592=PLANE('',#7452);
#6593=PLANE('',#7453);
#6594=PLANE('',#7457);
#6595=PLANE('',#7461);
#6596=PLANE('',#7465);
#6597=PLANE('',#7469);
#6598=PLANE('',#7473);
#6599=PLANE('',#7477);
#6600=PLANE('',#7481);
#6601=PLANE('',#7482);
#6602=PLANE('',#7483);
#6603=PLANE('',#7487);
#6604=PLANE('',#7491);
#6605=PLANE('',#7495);
#6606=PLANE('',#7499);
#6607=PLANE('',#7503);
#6608=PLANE('',#7507);
#6609=PLANE('',#7508);
#6610=PLANE('',#7531);
#6611=PLANE('',#7535);
#6612=PLANE('',#7536);
#6613=PLANE('',#7539);
#6614=PLANE('',#7542);
#6615=PLANE('',#7546);
#6616=PLANE('',#7550);
#6617=PLANE('',#7554);
#6618=PLANE('',#7558);
#6619=PLANE('',#7562);
#6620=PLANE('',#7566);
#6621=PLANE('',#7567);
#6622=PLANE('',#7571);
#6623=PLANE('',#7575);
#6624=PLANE('',#7579);
#6625=PLANE('',#7580);
#6626=PLANE('',#7581);
#6627=PLANE('',#7582);
#6628=PLANE('',#7583);
#6629=PLANE('',#7588);
#6630=PLANE('',#7592);
#6631=PLANE('',#7596);
#6632=PLANE('',#7600);
#6633=PLANE('',#7604);
#6634=PLANE('',#7608);
#6635=PLANE('',#7612);
#6636=PLANE('',#7616);
#6637=PLANE('',#7618);
#6638=PLANE('',#7631);
#6639=PLANE('',#7641);
#6640=PLANE('',#7654);
#6641=PLANE('',#7661);
#6642=PLANE('',#7677);
#6643=PLANE('',#7681);
#6644=PLANE('',#7694);
#6645=PLANE('',#7696);
#6646=PLANE('',#7702);
#6647=PLANE('',#7705);
#6648=PLANE('',#7710);
#6649=PLANE('',#7714);
#6650=PLANE('',#7719);
#6651=PLANE('',#7720);
#6652=PLANE('',#7726);
#6653=PLANE('',#7730);
#6654=PLANE('',#7737);
#6655=PLANE('',#7741);
#6656=PLANE('',#7742);
#6657=PLANE('',#7746);
#6658=PLANE('',#7750);
#6659=PLANE('',#7754);
#6660=PLANE('',#7758);
#6661=PLANE('',#7759);
#6662=PLANE('',#7762);
#6663=PLANE('',#7766);
#6664=PLANE('',#7768);
#6665=PLANE('',#7769);
#6666=PLANE('',#7770);
#6667=PLANE('',#7771);
#6668=PLANE('',#7785);
#6669=PLANE('',#7813);
#6670=PLANE('',#7814);
#6671=PLANE('',#7815);
#6672=PLANE('',#7816);
#6673=PLANE('',#7817);
#6674=PLANE('',#7818);
#6675=PLANE('',#7819);
#6676=PLANE('',#7820);
#6677=ADVANCED_FACE('',(#675),#6510,.F.);
#6678=ADVANCED_FACE('',(#676),#6511,.F.);
#6679=ADVANCED_FACE('',(#677),#6512,.F.);
#6680=ADVANCED_FACE('',(#678),#6513,.F.);
#6681=ADVANCED_FACE('',(#679),#6514,.F.);
#6682=ADVANCED_FACE('',(#680),#531,.F.);
#6683=ADVANCED_FACE('',(#681),#6515,.F.);
#6684=ADVANCED_FACE('',(#682),#532,.F.);
#6685=ADVANCED_FACE('',(#683),#6516,.F.);
#6686=ADVANCED_FACE('',(#684),#533,.T.);
#6687=ADVANCED_FACE('',(#685),#6517,.F.);
#6688=ADVANCED_FACE('',(#686),#534,.F.);
#6689=ADVANCED_FACE('',(#687),#6518,.F.);
#6690=ADVANCED_FACE('',(#688),#535,.T.);
#6691=ADVANCED_FACE('',(#689),#6519,.F.);
#6692=ADVANCED_FACE('',(#690),#536,.T.);
#6693=ADVANCED_FACE('',(#691),#6520,.F.);
#6694=ADVANCED_FACE('',(#692),#537,.F.);
#6695=ADVANCED_FACE('',(#693),#6521,.F.);
#6696=ADVANCED_FACE('',(#694),#6522,.F.);
#6697=ADVANCED_FACE('',(#695),#6523,.F.);
#6698=ADVANCED_FACE('',(#696),#538,.F.);
#6699=ADVANCED_FACE('',(#697),#6524,.F.);
#6700=ADVANCED_FACE('',(#698),#539,.F.);
#6701=ADVANCED_FACE('',(#699),#113,.T.);
#6702=ADVANCED_FACE('',(#700),#6525,.F.);
#6703=ADVANCED_FACE('',(#701),#114,.F.);
#6704=ADVANCED_FACE('',(#702),#6526,.F.);
#6705=ADVANCED_FACE('',(#703),#115,.T.);
#6706=ADVANCED_FACE('',(#704),#6527,.F.);
#6707=ADVANCED_FACE('',(#705),#116,.T.);
#6708=ADVANCED_FACE('',(#706),#6528,.F.);
#6709=ADVANCED_FACE('',(#707),#6529,.F.);
#6710=ADVANCED_FACE('',(#708),#117,.F.);
#6711=ADVANCED_FACE('',(#709),#6530,.T.);
#6712=ADVANCED_FACE('',(#710),#540,.T.);
#6713=ADVANCED_FACE('',(#711),#6531,.F.);
#6714=ADVANCED_FACE('',(#712),#541,.T.);
#6715=ADVANCED_FACE('',(#713),#6532,.F.);
#6716=ADVANCED_FACE('',(#714),#542,.F.);
#6717=ADVANCED_FACE('',(#715),#6533,.F.);
#6718=ADVANCED_FACE('',(#716),#543,.F.);
#6719=ADVANCED_FACE('',(#717),#6534,.F.);
#6720=ADVANCED_FACE('',(#718),#544,.F.);
#6721=ADVANCED_FACE('',(#719),#6535,.F.);
#6722=ADVANCED_FACE('',(#720),#545,.T.);
#6723=ADVANCED_FACE('',(#721),#6536,.F.);
#6724=ADVANCED_FACE('',(#722),#546,.F.);
#6725=ADVANCED_FACE('',(#723),#6537,.F.);
#6726=ADVANCED_FACE('',(#724),#547,.T.);
#6727=ADVANCED_FACE('',(#725),#6538,.F.);
#6728=ADVANCED_FACE('',(#726),#6539,.F.);
#6729=ADVANCED_FACE('',(#727),#548,.F.);
#6730=ADVANCED_FACE('',(#728),#6540,.F.);
#6731=ADVANCED_FACE('',(#729),#549,.T.);
#6732=ADVANCED_FACE('',(#730),#6541,.F.);
#6733=ADVANCED_FACE('',(#731),#550,.F.);
#6734=ADVANCED_FACE('',(#732),#6542,.F.);
#6735=ADVANCED_FACE('',(#733),#6543,.F.);
#6736=ADVANCED_FACE('',(#734),#6544,.F.);
#6737=ADVANCED_FACE('',(#735),#6545,.F.);
#6738=ADVANCED_FACE('',(#736),#6546,.F.);
#6739=ADVANCED_FACE('',(#737),#551,.F.);
#6740=ADVANCED_FACE('',(#738),#6547,.T.);
#6741=ADVANCED_FACE('',(#739),#552,.F.);
#6742=ADVANCED_FACE('',(#740),#6548,.T.);
#6743=ADVANCED_FACE('',(#741),#553,.F.);
#6744=ADVANCED_FACE('',(#742),#6549,.T.);
#6745=ADVANCED_FACE('',(#743),#554,.F.);
#6746=ADVANCED_FACE('',(#744),#6550,.T.);
#6747=ADVANCED_FACE('',(#745),#555,.F.);
#6748=ADVANCED_FACE('',(#746),#6551,.T.);
#6749=ADVANCED_FACE('',(#747),#556,.F.);
#6750=ADVANCED_FACE('',(#748),#6552,.T.);
#6751=ADVANCED_FACE('',(#749),#557,.F.);
#6752=ADVANCED_FACE('',(#750),#6553,.T.);
#6753=ADVANCED_FACE('',(#751),#558,.F.);
#6754=ADVANCED_FACE('',(#752),#6554,.F.);
#6755=ADVANCED_FACE('',(#753),#6555,.F.);
#6756=ADVANCED_FACE('',(#754),#559,.F.);
#6757=ADVANCED_FACE('',(#755),#560,.T.);
#6758=ADVANCED_FACE('',(#756),#561,.F.);
#6759=ADVANCED_FACE('',(#757),#562,.T.);
#6760=ADVANCED_FACE('',(#758),#6556,.F.);
#6761=ADVANCED_FACE('',(#759),#563,.T.);
#6762=ADVANCED_FACE('',(#760),#564,.F.);
#6763=ADVANCED_FACE('',(#761),#565,.T.);
#6764=ADVANCED_FACE('',(#762),#6557,.F.);
#6765=ADVANCED_FACE('',(#763),#566,.T.);
#6766=ADVANCED_FACE('',(#764),#567,.F.);
#6767=ADVANCED_FACE('',(#765),#568,.T.);
#6768=ADVANCED_FACE('',(#766),#569,.F.);
#6769=ADVANCED_FACE('',(#767),#6558,.F.);
#6770=ADVANCED_FACE('',(#768),#570,.F.);
#6771=ADVANCED_FACE('',(#769),#571,.T.);
#6772=ADVANCED_FACE('',(#770),#6559,.F.);
#6773=ADVANCED_FACE('',(#771),#572,.T.);
#6774=ADVANCED_FACE('',(#772),#573,.F.);
#6775=ADVANCED_FACE('',(#773),#574,.T.);
#6776=ADVANCED_FACE('',(#774),#575,.F.);
#6777=ADVANCED_FACE('',(#775),#576,.T.);
#6778=ADVANCED_FACE('',(#776),#6560,.F.);
#6779=ADVANCED_FACE('',(#777),#577,.T.);
#6780=ADVANCED_FACE('',(#778),#6561,.F.);
#6781=ADVANCED_FACE('',(#779),#578,.T.);
#6782=ADVANCED_FACE('',(#780),#579,.F.);
#6783=ADVANCED_FACE('',(#781),#580,.T.);
#6784=ADVANCED_FACE('',(#782),#118,.T.);
#6785=ADVANCED_FACE('',(#783),#119,.F.);
#6786=ADVANCED_FACE('',(#784),#120,.T.);
#6787=ADVANCED_FACE('',(#785),#6562,.F.);
#6788=ADVANCED_FACE('',(#786),#121,.T.);
#6789=ADVANCED_FACE('',(#787),#6563,.F.);
#6790=ADVANCED_FACE('',(#788),#122,.T.);
#6791=ADVANCED_FACE('',(#789),#123,.F.);
#6792=ADVANCED_FACE('',(#790),#124,.T.);
#6793=ADVANCED_FACE('',(#791),#125,.F.);
#6794=ADVANCED_FACE('',(#792),#126,.T.);
#6795=ADVANCED_FACE('',(#793),#6564,.F.);
#6796=ADVANCED_FACE('',(#794),#127,.T.);
#6797=ADVANCED_FACE('',(#795),#128,.F.);
#6798=ADVANCED_FACE('',(#796),#6565,.F.);
#6799=ADVANCED_FACE('',(#797),#129,.F.);
#6800=ADVANCED_FACE('',(#798),#130,.T.);
#6801=ADVANCED_FACE('',(#799),#131,.F.);
#6802=ADVANCED_FACE('',(#800),#132,.T.);
#6803=ADVANCED_FACE('',(#801),#6566,.F.);
#6804=ADVANCED_FACE('',(#802),#133,.T.);
#6805=ADVANCED_FACE('',(#803),#134,.F.);
#6806=ADVANCED_FACE('',(#804),#135,.T.);
#6807=ADVANCED_FACE('',(#805),#6567,.F.);
#6808=ADVANCED_FACE('',(#806),#136,.T.);
#6809=ADVANCED_FACE('',(#807),#137,.F.);
#6810=ADVANCED_FACE('',(#808),#138,.T.);
#6811=ADVANCED_FACE('',(#809),#139,.F.);
#6812=ADVANCED_FACE('',(#810),#6568,.F.);
#6813=ADVANCED_FACE('',(#811),#6569,.F.);
#6814=ADVANCED_FACE('',(#812),#581,.F.);
#6815=ADVANCED_FACE('',(#813),#582,.F.);
#6816=ADVANCED_FACE('',(#814),#6570,.T.);
#6817=ADVANCED_FACE('',(#815),#583,.T.);
#6818=ADVANCED_FACE('',(#816),#6571,.F.);
#6819=ADVANCED_FACE('',(#817),#584,.T.);
#6820=ADVANCED_FACE('',(#818),#585,.F.);
#6821=ADVANCED_FACE('',(#819),#6572,.T.);
#6822=ADVANCED_FACE('',(#820),#586,.F.);
#6823=ADVANCED_FACE('',(#821),#6573,.T.);
#6824=ADVANCED_FACE('',(#822),#6574,.T.);
#6825=ADVANCED_FACE('',(#823),#587,.F.);
#6826=ADVANCED_FACE('',(#824),#6575,.T.);
#6827=ADVANCED_FACE('',(#825),#588,.F.);
#6828=ADVANCED_FACE('',(#826),#6576,.F.);
#6829=ADVANCED_FACE('',(#827),#589,.F.);
#6830=ADVANCED_FACE('',(#828),#6577,.F.);
#6831=ADVANCED_FACE('',(#829),#590,.F.);
#6832=ADVANCED_FACE('',(#830),#6578,.F.);
#6833=ADVANCED_FACE('',(#831),#6579,.F.);
#6834=ADVANCED_FACE('',(#832),#591,.F.);
#6835=ADVANCED_FACE('',(#833),#6580,.F.);
#6836=ADVANCED_FACE('',(#834),#592,.F.);
#6837=ADVANCED_FACE('',(#835),#6581,.F.);
#6838=ADVANCED_FACE('',(#836),#6582,.F.);
#6839=ADVANCED_FACE('',(#837),#6583,.T.);
#6840=ADVANCED_FACE('',(#838),#593,.T.);
#6841=ADVANCED_FACE('',(#839),#39,.T.);
#6842=ADVANCED_FACE('',(#840),#594,.T.);
#6843=ADVANCED_FACE('',(#841),#40,.T.);
#6844=ADVANCED_FACE('',(#842),#41,.T.);
#6845=ADVANCED_FACE('',(#843),#595,.F.);
#6846=ADVANCED_FACE('',(#844),#6584,.F.);
#6847=ADVANCED_FACE('',(#845),#42,.T.);
#6848=ADVANCED_FACE('',(#846),#596,.T.);
#6849=ADVANCED_FACE('',(#847),#43,.T.);
#6850=ADVANCED_FACE('',(#848),#44,.T.);
#6851=ADVANCED_FACE('',(#849),#45,.F.);
#6852=ADVANCED_FACE('',(#850),#597,.F.);
#6853=ADVANCED_FACE('',(#851),#46,.T.);
#6854=ADVANCED_FACE('',(#852),#598,.T.);
#6855=ADVANCED_FACE('',(#853),#47,.T.);
#6856=ADVANCED_FACE('',(#854),#35,.T.);
#6857=ADVANCED_FACE('',(#855),#599,.F.);
#6858=ADVANCED_FACE('',(#856),#48,.F.);
#6859=ADVANCED_FACE('',(#857),#49,.T.);
#6860=ADVANCED_FACE('',(#858),#600,.T.);
#6861=ADVANCED_FACE('',(#859),#50,.T.);
#6862=ADVANCED_FACE('',(#860),#36,.T.);
#6863=ADVANCED_FACE('',(#861),#51,.T.);
#6864=ADVANCED_FACE('',(#862),#52,.T.);
#6865=ADVANCED_FACE('',(#863),#601,.T.);
#6866=ADVANCED_FACE('',(#864),#6585,.F.);
#6867=ADVANCED_FACE('',(#865),#6586,.F.);
#6868=ADVANCED_FACE('',(#866),#6587,.T.);
#6869=ADVANCED_FACE('',(#867),#6588,.T.);
#6870=ADVANCED_FACE('',(#868),#6589,.T.);
#6871=ADVANCED_FACE('',(#869),#6590,.T.);
#6872=ADVANCED_FACE('',(#870),#6591,.T.);
#6873=ADVANCED_FACE('',(#871),#6592,.T.);
#6874=ADVANCED_FACE('',(#872),#6593,.T.);
#6875=ADVANCED_FACE('',(#873),#602,.F.);
#6876=ADVANCED_FACE('',(#874),#6594,.T.);
#6877=ADVANCED_FACE('',(#875),#603,.F.);
#6878=ADVANCED_FACE('',(#876),#6595,.T.);
#6879=ADVANCED_FACE('',(#877),#604,.T.);
#6880=ADVANCED_FACE('',(#878),#6596,.T.);
#6881=ADVANCED_FACE('',(#879),#605,.F.);
#6882=ADVANCED_FACE('',(#880),#6597,.T.);
#6883=ADVANCED_FACE('',(#881),#606,.T.);
#6884=ADVANCED_FACE('',(#882),#6598,.T.);
#6885=ADVANCED_FACE('',(#883),#607,.T.);
#6886=ADVANCED_FACE('',(#884),#6599,.T.);
#6887=ADVANCED_FACE('',(#885),#608,.F.);
#6888=ADVANCED_FACE('',(#886),#6600,.T.);
#6889=ADVANCED_FACE('',(#887),#6601,.T.);
#6890=ADVANCED_FACE('',(#888),#6602,.T.);
#6891=ADVANCED_FACE('',(#889),#609,.F.);
#6892=ADVANCED_FACE('',(#890),#6603,.T.);
#6893=ADVANCED_FACE('',(#891),#610,.F.);
#6894=ADVANCED_FACE('',(#892),#6604,.T.);
#6895=ADVANCED_FACE('',(#893),#140,.T.);
#6896=ADVANCED_FACE('',(#894),#6605,.T.);
#6897=ADVANCED_FACE('',(#895),#141,.F.);
#6898=ADVANCED_FACE('',(#896),#6606,.T.);
#6899=ADVANCED_FACE('',(#897),#142,.T.);
#6900=ADVANCED_FACE('',(#898),#6607,.T.);
#6901=ADVANCED_FACE('',(#899),#143,.T.);
#6902=ADVANCED_FACE('',(#900),#6608,.T.);
#6903=ADVANCED_FACE('',(#901),#6609,.T.);
#6904=ADVANCED_FACE('',(#902),#6610,.T.);
#6905=ADVANCED_FACE('',(#903),#144,.F.);
#6906=ADVANCED_FACE('',(#904),#6611,.F.);
#6907=ADVANCED_FACE('',(#905),#6612,.T.);
#6908=ADVANCED_FACE('',(#906),#611,.T.);
#6909=ADVANCED_FACE('',(#907),#6613,.T.);
#6910=ADVANCED_FACE('',(#908),#612,.T.);
#6911=ADVANCED_FACE('',(#909),#6614,.T.);
#6912=ADVANCED_FACE('',(#910),#613,.F.);
#6913=ADVANCED_FACE('',(#911),#6615,.T.);
#6914=ADVANCED_FACE('',(#912),#614,.F.);
#6915=ADVANCED_FACE('',(#913),#6616,.T.);
#6916=ADVANCED_FACE('',(#914),#615,.F.);
#6917=ADVANCED_FACE('',(#915),#6617,.T.);
#6918=ADVANCED_FACE('',(#916),#616,.T.);
#6919=ADVANCED_FACE('',(#917),#6618,.T.);
#6920=ADVANCED_FACE('',(#918),#617,.F.);
#6921=ADVANCED_FACE('',(#919),#6619,.T.);
#6922=ADVANCED_FACE('',(#920),#618,.T.);
#6923=ADVANCED_FACE('',(#921),#6620,.T.);
#6924=ADVANCED_FACE('',(#922),#6621,.T.);
#6925=ADVANCED_FACE('',(#923),#619,.F.);
#6926=ADVANCED_FACE('',(#924),#6622,.T.);
#6927=ADVANCED_FACE('',(#925),#620,.T.);
#6928=ADVANCED_FACE('',(#926),#6623,.T.);
#6929=ADVANCED_FACE('',(#927),#621,.F.);
#6930=ADVANCED_FACE('',(#928),#6624,.T.);
#6931=ADVANCED_FACE('',(#929),#6625,.T.);
#6932=ADVANCED_FACE('',(#930),#6626,.T.);
#6933=ADVANCED_FACE('',(#931),#6627,.T.);
#6934=ADVANCED_FACE('',(#932),#6628,.T.);
#6935=ADVANCED_FACE('',(#933),#622,.F.);
#6936=ADVANCED_FACE('',(#934),#6629,.F.);
#6937=ADVANCED_FACE('',(#935),#623,.F.);
#6938=ADVANCED_FACE('',(#936),#6630,.F.);
#6939=ADVANCED_FACE('',(#937),#624,.F.);
#6940=ADVANCED_FACE('',(#938),#6631,.F.);
#6941=ADVANCED_FACE('',(#939),#625,.F.);
#6942=ADVANCED_FACE('',(#940),#6632,.F.);
#6943=ADVANCED_FACE('',(#941),#626,.F.);
#6944=ADVANCED_FACE('',(#942),#6633,.F.);
#6945=ADVANCED_FACE('',(#943),#627,.F.);
#6946=ADVANCED_FACE('',(#944),#6634,.F.);
#6947=ADVANCED_FACE('',(#945),#628,.F.);
#6948=ADVANCED_FACE('',(#946),#6635,.F.);
#6949=ADVANCED_FACE('',(#947),#629,.F.);
#6950=ADVANCED_FACE('',(#948),#6636,.T.);
#6951=ADVANCED_FACE('',(#949),#6637,.T.);
#6952=ADVANCED_FACE('',(#950),#630,.F.);
#6953=ADVANCED_FACE('',(#951),#631,.T.);
#6954=ADVANCED_FACE('',(#952),#632,.F.);
#6955=ADVANCED_FACE('',(#953),#633,.T.);
#6956=ADVANCED_FACE('',(#954),#6638,.T.);
#6957=ADVANCED_FACE('',(#955),#634,.T.);
#6958=ADVANCED_FACE('',(#956),#635,.F.);
#6959=ADVANCED_FACE('',(#957),#636,.T.);
#6960=ADVANCED_FACE('',(#958),#6639,.T.);
#6961=ADVANCED_FACE('',(#959),#637,.T.);
#6962=ADVANCED_FACE('',(#960),#638,.F.);
#6963=ADVANCED_FACE('',(#961),#639,.T.);
#6964=ADVANCED_FACE('',(#962),#640,.F.);
#6965=ADVANCED_FACE('',(#963),#6640,.T.);
#6966=ADVANCED_FACE('',(#964),#641,.F.);
#6967=ADVANCED_FACE('',(#965),#642,.T.);
#6968=ADVANCED_FACE('',(#966),#6641,.T.);
#6969=ADVANCED_FACE('',(#967),#643,.T.);
#6970=ADVANCED_FACE('',(#968),#644,.F.);
#6971=ADVANCED_FACE('',(#969),#645,.T.);
#6972=ADVANCED_FACE('',(#970),#646,.F.);
#6973=ADVANCED_FACE('',(#971),#647,.T.);
#6974=ADVANCED_FACE('',(#972),#6642,.T.);
#6975=ADVANCED_FACE('',(#973),#648,.T.);
#6976=ADVANCED_FACE('',(#974),#6643,.T.);
#6977=ADVANCED_FACE('',(#975),#649,.T.);
#6978=ADVANCED_FACE('',(#976),#650,.F.);
#6979=ADVANCED_FACE('',(#977),#651,.T.);
#6980=ADVANCED_FACE('',(#978),#145,.T.);
#6981=ADVANCED_FACE('',(#979),#146,.F.);
#6982=ADVANCED_FACE('',(#980),#147,.T.);
#6983=ADVANCED_FACE('',(#981),#6644,.T.);
#6984=ADVANCED_FACE('',(#982),#148,.T.);
#6985=ADVANCED_FACE('',(#983),#6645,.T.);
#6986=ADVANCED_FACE('',(#984),#149,.T.);
#6987=ADVANCED_FACE('',(#985),#150,.F.);
#6988=ADVANCED_FACE('',(#986),#151,.T.);
#6989=ADVANCED_FACE('',(#987),#152,.F.);
#6990=ADVANCED_FACE('',(#988),#153,.T.);
#6991=ADVANCED_FACE('',(#989),#6646,.T.);
#6992=ADVANCED_FACE('',(#990),#154,.T.);
#6993=ADVANCED_FACE('',(#991),#155,.F.);
#6994=ADVANCED_FACE('',(#992),#6647,.T.);
#6995=ADVANCED_FACE('',(#993),#156,.F.);
#6996=ADVANCED_FACE('',(#994),#157,.T.);
#6997=ADVANCED_FACE('',(#995),#158,.F.);
#6998=ADVANCED_FACE('',(#996),#159,.T.);
#6999=ADVANCED_FACE('',(#997),#6648,.T.);
#7000=ADVANCED_FACE('',(#998),#160,.T.);
#7001=ADVANCED_FACE('',(#999),#161,.F.);
#7002=ADVANCED_FACE('',(#1000),#162,.T.);
#7003=ADVANCED_FACE('',(#1001),#6649,.T.);
#7004=ADVANCED_FACE('',(#1002),#163,.T.);
#7005=ADVANCED_FACE('',(#1003),#164,.F.);
#7006=ADVANCED_FACE('',(#1004),#165,.T.);
#7007=ADVANCED_FACE('',(#1005),#166,.F.);
#7008=ADVANCED_FACE('',(#1006),#6650,.T.);
#7009=ADVANCED_FACE('',(#1007),#6651,.T.);
#7010=ADVANCED_FACE('',(#1008),#652,.F.);
#7011=ADVANCED_FACE('',(#1009),#653,.F.);
#7012=ADVANCED_FACE('',(#1010),#6652,.F.);
#7013=ADVANCED_FACE('',(#1011),#654,.T.);
#7014=ADVANCED_FACE('',(#1012),#6653,.T.);
#7015=ADVANCED_FACE('',(#1013),#655,.T.);
#7016=ADVANCED_FACE('',(#1014),#656,.F.);
#7017=ADVANCED_FACE('',(#1015),#6654,.F.);
#7018=ADVANCED_FACE('',(#1016),#657,.F.);
#7019=ADVANCED_FACE('',(#1017),#6655,.F.);
#7020=ADVANCED_FACE('',(#1018),#6656,.F.);
#7021=ADVANCED_FACE('',(#1019),#658,.F.);
#7022=ADVANCED_FACE('',(#1020),#6657,.F.);
#7023=ADVANCED_FACE('',(#1021),#659,.F.);
#7024=ADVANCED_FACE('',(#1022),#6658,.T.);
#7025=ADVANCED_FACE('',(#1023),#660,.F.);
#7026=ADVANCED_FACE('',(#1024),#6659,.T.);
#7027=ADVANCED_FACE('',(#1025),#661,.F.);
#7028=ADVANCED_FACE('',(#1026),#6660,.T.);
#7029=ADVANCED_FACE('',(#1027),#6661,.T.);
#7030=ADVANCED_FACE('',(#1028),#662,.F.);
#7031=ADVANCED_FACE('',(#1029),#6662,.T.);
#7032=ADVANCED_FACE('',(#1030),#663,.F.);
#7033=ADVANCED_FACE('',(#1031),#6663,.T.);
#7034=ADVANCED_FACE('',(#1032),#6664,.T.);
#7035=ADVANCED_FACE('',(#1033),#6665,.T.);
#7036=ADVANCED_FACE('',(#1034),#6666,.F.);
#7037=ADVANCED_FACE('',(#1035,#15,#16,#17,#18),#6667,.T.);
#7038=ADVANCED_FACE('',(#1036),#664,.T.);
#7039=ADVANCED_FACE('',(#1037),#53,.F.);
#7040=ADVANCED_FACE('',(#1038),#665,.T.);
#7041=ADVANCED_FACE('',(#1039),#54,.F.);
#7042=ADVANCED_FACE('',(#1040),#666,.T.);
#7043=ADVANCED_FACE('',(#1041),#55,.F.);
#7044=ADVANCED_FACE('',(#1042),#667,.F.);
#7045=ADVANCED_FACE('',(#1043),#6668,.T.);
#7046=ADVANCED_FACE('',(#1044),#56,.F.);
#7047=ADVANCED_FACE('',(#1045),#668,.T.);
#7048=ADVANCED_FACE('',(#1046),#57,.F.);
#7049=ADVANCED_FACE('',(#1047),#58,.F.);
#7050=ADVANCED_FACE('',(#1048),#59,.T.);
#7051=ADVANCED_FACE('',(#1049),#669,.F.);
#7052=ADVANCED_FACE('',(#1050),#60,.F.);
#7053=ADVANCED_FACE('',(#1051),#670,.T.);
#7054=ADVANCED_FACE('',(#1052),#61,.F.);
#7055=ADVANCED_FACE('',(#1053),#37,.T.);
#7056=ADVANCED_FACE('',(#1054),#671,.F.);
#7057=ADVANCED_FACE('',(#1055),#62,.T.);
#7058=ADVANCED_FACE('',(#1056),#63,.F.);
#7059=ADVANCED_FACE('',(#1057),#672,.T.);
#7060=ADVANCED_FACE('',(#1058),#673,.T.);
#7061=ADVANCED_FACE('',(#1059),#64,.F.);
#7062=ADVANCED_FACE('',(#1060),#38,.T.);
#7063=ADVANCED_FACE('',(#1061),#65,.F.);
#7064=ADVANCED_FACE('',(#1062),#66,.F.);
#7065=ADVANCED_FACE('',(#1063),#674,.T.);
#7066=ADVANCED_FACE('',(#1064),#6669,.T.);
#7067=ADVANCED_FACE('',(#1065),#6670,.T.);
#7068=ADVANCED_FACE('',(#1066,#19,#20,#21,#22,#23,#24,#25,#26,#27,#28,#29,
#30,#31,#32,#33,#34),#6671,.F.);
#7069=ADVANCED_FACE('',(#1067),#6672,.F.);
#7070=ADVANCED_FACE('',(#1068),#6673,.F.);
#7071=ADVANCED_FACE('',(#1069),#6674,.F.);
#7072=ADVANCED_FACE('',(#1070),#6675,.F.);
#7073=ADVANCED_FACE('',(#1071),#6676,.T.);
#7074=CLOSED_SHELL('',(#6677,#6678,#6679,#6680,#6681,#6682,#6683,#6684,
#6685,#6686,#6687,#6688,#6689,#6690,#6691,#6692,#6693,#6694,#6695,#6696,
#6697,#6698,#6699,#6700,#6701,#6702,#6703,#6704,#6705,#6706,#6707,#6708,
#6709,#6710,#6711,#6712,#6713,#6714,#6715,#6716,#6717,#6718,#6719,#6720,
#6721,#6722,#6723,#6724,#6725,#6726,#6727,#6728,#6729,#6730,#6731,#6732,
#6733,#6734,#6735,#6736,#6737,#6738,#6739,#6740,#6741,#6742,#6743,#6744,
#6745,#6746,#6747,#6748,#6749,#6750,#6751,#6752,#6753,#6754,#6755,#6756,
#6757,#6758,#6759,#6760,#6761,#6762,#6763,#6764,#6765,#6766,#6767,#6768,
#6769,#6770,#6771,#6772,#6773,#6774,#6775,#6776,#6777,#6778,#6779,#6780,
#6781,#6782,#6783,#6784,#6785,#6786,#6787,#6788,#6789,#6790,#6791,#6792,
#6793,#6794,#6795,#6796,#6797,#6798,#6799,#6800,#6801,#6802,#6803,#6804,
#6805,#6806,#6807,#6808,#6809,#6810,#6811,#6812,#6813,#6814,#6815,#6816,
#6817,#6818,#6819,#6820,#6821,#6822,#6823,#6824,#6825,#6826,#6827,#6828,
#6829,#6830,#6831,#6832,#6833,#6834,#6835,#6836,#6837,#6838,#6839,#6840,
#6841,#6842,#6843,#6844,#6845,#6846,#6847,#6848,#6849,#6850,#6851,#6852,
#6853,#6854,#6855,#6856,#6857,#6858,#6859,#6860,#6861,#6862,#6863,#6864,
#6865,#6866,#6867,#6868,#6869,#6870,#6871,#6872,#6873,#6874,#6875,#6876,
#6877,#6878,#6879,#6880,#6881,#6882,#6883,#6884,#6885,#6886,#6887,#6888,
#6889,#6890,#6891,#6892,#6893,#6894,#6895,#6896,#6897,#6898,#6899,#6900,
#6901,#6902,#6903,#6904,#6905,#6906,#6907,#6908,#6909,#6910,#6911,#6912,
#6913,#6914,#6915,#6916,#6917,#6918,#6919,#6920,#6921,#6922,#6923,#6924,
#6925,#6926,#6927,#6928,#6929,#6930,#6931,#6932,#6933,#6934,#6935,#6936,
#6937,#6938,#6939,#6940,#6941,#6942,#6943,#6944,#6945,#6946,#6947,#6948,
#6949,#6950,#6951,#6952,#6953,#6954,#6955,#6956,#6957,#6958,#6959,#6960,
#6961,#6962,#6963,#6964,#6965,#6966,#6967,#6968,#6969,#6970,#6971,#6972,
#6973,#6974,#6975,#6976,#6977,#6978,#6979,#6980,#6981,#6982,#6983,#6984,
#6985,#6986,#6987,#6988,#6989,#6990,#6991,#6992,#6993,#6994,#6995,#6996,
#6997,#6998,#6999,#7000,#7001,#7002,#7003,#7004,#7005,#7006,#7007,#7008,
#7009,#7010,#7011,#7012,#7013,#7014,#7015,#7016,#7017,#7018,#7019,#7020,
#7021,#7022,#7023,#7024,#7025,#7026,#7027,#7028,#7029,#7030,#7031,#7032,
#7033,#7034,#7035,#7036,#7037,#7038,#7039,#7040,#7041,#7042,#7043,#7044,
#7045,#7046,#7047,#7048,#7049,#7050,#7051,#7052,#7053,#7054,#7055,#7056,
#7057,#7058,#7059,#7060,#7061,#7062,#7063,#7064,#7065,#7066,#7067,#7068,
#7069,#7070,#7071,#7072,#7073));
#7075=DERIVED_UNIT_ELEMENT(#7077,1.);
#7076=DERIVED_UNIT_ELEMENT(#12791,-3.);
#7077=(
MASS_UNIT()
NAMED_UNIT(*)
SI_UNIT(.KILO.,.GRAM.)
);
#7078=DERIVED_UNIT((#7075,#7076));
#7079=MEASURE_REPRESENTATION_ITEM('density measure',
POSITIVE_RATIO_MEASURE(7850.),#7078);
#7080=PROPERTY_DEFINITION_REPRESENTATION(#7085,#7082);
#7081=PROPERTY_DEFINITION_REPRESENTATION(#7086,#7083);
#7082=REPRESENTATION('material name',(#7084),#12788);
#7083=REPRESENTATION('density',(#7079),#12788);
#7084=DESCRIPTIVE_REPRESENTATION_ITEM('Steel','Steel');
#7085=PROPERTY_DEFINITION('material property','material name',#12798);
#7086=PROPERTY_DEFINITION('material property','density of part',#12798);
#7087=AXIS2_PLACEMENT_3D('',#9917,#7821,#7822);
#7088=AXIS2_PLACEMENT_3D('',#9918,#7823,#7824);
#7089=AXIS2_PLACEMENT_3D('',#9927,#7829,#7830);
#7090=AXIS2_PLACEMENT_3D('',#9936,#7835,#7836);
#7091=AXIS2_PLACEMENT_3D('',#9942,#7840,#7841);
#7092=AXIS2_PLACEMENT_3D('',#9948,#7845,#7846);
#7093=AXIS2_PLACEMENT_3D('',#9954,#7850,#7851);
#7094=AXIS2_PLACEMENT_3D('',#9956,#7852,#7853);
#7095=AXIS2_PLACEMENT_3D('',#9959,#7855,#7856);
#7096=AXIS2_PLACEMENT_3D('',#9960,#7857,#7858);
#7097=AXIS2_PLACEMENT_3D('',#9966,#7862,#7863);
#7098=AXIS2_PLACEMENT_3D('',#9968,#7864,#7865);
#7099=AXIS2_PLACEMENT_3D('',#9971,#7867,#7868);
#7100=AXIS2_PLACEMENT_3D('',#9972,#7869,#7870);
#7101=AXIS2_PLACEMENT_3D('',#9978,#7874,#7875);
#7102=AXIS2_PLACEMENT_3D('',#9980,#7876,#7877);
#7103=AXIS2_PLACEMENT_3D('',#9983,#7879,#7880);
#7104=AXIS2_PLACEMENT_3D('',#9984,#7881,#7882);
#7105=AXIS2_PLACEMENT_3D('',#9990,#7886,#7887);
#7106=AXIS2_PLACEMENT_3D('',#9992,#7888,#7889);
#7107=AXIS2_PLACEMENT_3D('',#9995,#7891,#7892);
#7108=AXIS2_PLACEMENT_3D('',#9996,#7893,#7894);
#7109=AXIS2_PLACEMENT_3D('',#10002,#7898,#7899);
#7110=AXIS2_PLACEMENT_3D('',#10004,#7900,#7901);
#7111=AXIS2_PLACEMENT_3D('',#10007,#7903,#7904);
#7112=AXIS2_PLACEMENT_3D('',#10008,#7905,#7906);
#7113=AXIS2_PLACEMENT_3D('',#10014,#7910,#7911);
#7114=AXIS2_PLACEMENT_3D('',#10016,#7912,#7913);
#7115=AXIS2_PLACEMENT_3D('',#10019,#7915,#7916);
#7116=AXIS2_PLACEMENT_3D('',#10020,#7917,#7918);
#7117=AXIS2_PLACEMENT_3D('',#10026,#7922,#7923);
#7118=AXIS2_PLACEMENT_3D('',#10028,#7924,#7925);
#7119=AXIS2_PLACEMENT_3D('',#10031,#7927,#7928);
#7120=AXIS2_PLACEMENT_3D('',#10032,#7929,#7930);
#7121=AXIS2_PLACEMENT_3D('',#10038,#7934,#7935);
#7122=AXIS2_PLACEMENT_3D('',#10044,#7939,#7940);
#7123=AXIS2_PLACEMENT_3D('',#10050,#7944,#7945);
#7124=AXIS2_PLACEMENT_3D('',#10052,#7946,#7947);
#7125=AXIS2_PLACEMENT_3D('',#10055,#7949,#7950);
#7126=AXIS2_PLACEMENT_3D('',#10056,#7951,#7952);
#7127=AXIS2_PLACEMENT_3D('',#10065,#7957,#7958);
#7128=AXIS2_PLACEMENT_3D('',#10067,#7959,#7960);
#7129=AXIS2_PLACEMENT_3D('',#10070,#7962,#7963);
#7130=AXIS2_PLACEMENT_3D('',#10071,#7964,#7965);
#7131=AXIS2_PLACEMENT_3D('',#10076,#7967,#7968);
#7132=AXIS2_PLACEMENT_3D('',#10079,#7970,#7971);
#7133=AXIS2_PLACEMENT_3D('',#10080,#7972,#7973);
#7134=AXIS2_PLACEMENT_3D('',#10086,#7977,#7978);
#7135=AXIS2_PLACEMENT_3D('',#10088,#7979,#7980);
#7136=AXIS2_PLACEMENT_3D('',#10091,#7982,#7983);
#7137=AXIS2_PLACEMENT_3D('',#10092,#7984,#7985);
#7138=AXIS2_PLACEMENT_3D('',#10098,#7989,#7990);
#7139=AXIS2_PLACEMENT_3D('',#10100,#7991,#7992);
#7140=AXIS2_PLACEMENT_3D('',#10103,#7994,#7995);
#7141=AXIS2_PLACEMENT_3D('',#10104,#7996,#7997);
#7142=AXIS2_PLACEMENT_3D('',#10110,#8001,#8002);
#7143=AXIS2_PLACEMENT_3D('',#10112,#8003,#8004);
#7144=AXIS2_PLACEMENT_3D('',#10115,#8006,#8007);
#7145=AXIS2_PLACEMENT_3D('',#10116,#8008,#8009);
#7146=AXIS2_PLACEMENT_3D('',#10122,#8013,#8014);
#7147=AXIS2_PLACEMENT_3D('',#10128,#8018,#8019);
#7148=AXIS2_PLACEMENT_3D('',#10130,#8020,#8021);
#7149=AXIS2_PLACEMENT_3D('',#10133,#8023,#8024);
#7150=AXIS2_PLACEMENT_3D('',#10134,#8025,#8026);
#7151=AXIS2_PLACEMENT_3D('',#10142,#8031,#8032);
#7152=AXIS2_PLACEMENT_3D('',#10145,#8033,#8034);
#7153=AXIS2_PLACEMENT_3D('',#10148,#8037,#8038);
#7154=AXIS2_PLACEMENT_3D('',#10152,#8041,#8042);
#7155=AXIS2_PLACEMENT_3D('',#10154,#8043,#8044);
#7156=AXIS2_PLACEMENT_3D('',#10156,#8046,#8047);
#7157=AXIS2_PLACEMENT_3D('',#10160,#8050,#8051);
#7158=AXIS2_PLACEMENT_3D('',#10162,#8052,#8053);
#7159=AXIS2_PLACEMENT_3D('',#10164,#8054,#8055);
#7160=AXIS2_PLACEMENT_3D('',#10166,#8057,#8058);
#7161=AXIS2_PLACEMENT_3D('',#10172,#8062,#8063);
#7162=AXIS2_PLACEMENT_3D('',#10174,#8064,#8065);
#7163=AXIS2_PLACEMENT_3D('',#10176,#8066,#8067);
#7164=AXIS2_PLACEMENT_3D('',#10178,#8069,#8070);
#7165=AXIS2_PLACEMENT_3D('',#10184,#8074,#8075);
#7166=AXIS2_PLACEMENT_3D('',#10186,#8076,#8077);
#7167=AXIS2_PLACEMENT_3D('',#10188,#8078,#8079);
#7168=AXIS2_PLACEMENT_3D('',#10190,#8081,#8082);
#7169=AXIS2_PLACEMENT_3D('',#10199,#8087,#8088);
#7170=AXIS2_PLACEMENT_3D('',#10201,#8089,#8090);
#7171=AXIS2_PLACEMENT_3D('',#10203,#8091,#8092);
#7172=AXIS2_PLACEMENT_3D('',#10205,#8094,#8095);
#7173=AXIS2_PLACEMENT_3D('',#10211,#8099,#8100);
#7174=AXIS2_PLACEMENT_3D('',#10213,#8101,#8102);
#7175=AXIS2_PLACEMENT_3D('',#10215,#8103,#8104);
#7176=AXIS2_PLACEMENT_3D('',#10217,#8106,#8107);
#7177=AXIS2_PLACEMENT_3D('',#10227,#8113,#8114);
#7178=AXIS2_PLACEMENT_3D('',#10229,#8115,#8116);
#7179=AXIS2_PLACEMENT_3D('',#10231,#8117,#8118);
#7180=AXIS2_PLACEMENT_3D('',#10233,#8120,#8121);
#7181=AXIS2_PLACEMENT_3D('',#10239,#8125,#8126);
#7182=AXIS2_PLACEMENT_3D('',#10248,#8131,#8132);
#7183=AXIS2_PLACEMENT_3D('',#10250,#8133,#8134);
#7184=AXIS2_PLACEMENT_3D('',#10252,#8135,#8136);
#7185=AXIS2_PLACEMENT_3D('',#10254,#8138,#8139);
#7186=AXIS2_PLACEMENT_3D('',#10260,#8143,#8144);
#7187=AXIS2_PLACEMENT_3D('',#10262,#8145,#8146);
#7188=AXIS2_PLACEMENT_3D('',#10264,#8147,#8148);
#7189=AXIS2_PLACEMENT_3D('',#10266,#8150,#8151);
#7190=AXIS2_PLACEMENT_3D('',#10272,#8155,#8156);
#7191=AXIS2_PLACEMENT_3D('',#10275,#8157,#8158);
#7192=AXIS2_PLACEMENT_3D('',#10279,#8160,#8161);
#7193=AXIS2_PLACEMENT_3D('',#10281,#8163,#8164);
#7194=AXIS2_PLACEMENT_3D('',#10287,#8168,#8169);
#7195=AXIS2_PLACEMENT_3D('',#10293,#8173,#8174);
#7196=AXIS2_PLACEMENT_3D('',#10299,#8178,#8179);
#7197=AXIS2_PLACEMENT_3D('',#10306,#8184,#8185);
#7198=AXIS2_PLACEMENT_3D('',#10312,#8189,#8190);
#7199=AXIS2_PLACEMENT_3D('',#10314,#8191,#8192);
#7200=AXIS2_PLACEMENT_3D('',#10317,#8194,#8195);
#7201=AXIS2_PLACEMENT_3D('',#10318,#8196,#8197);
#7202=AXIS2_PLACEMENT_3D('',#10319,#8198,#8199);
#7203=AXIS2_PLACEMENT_3D('',#10320,#8200,#8201);
#7204=AXIS2_PLACEMENT_3D('',#10321,#8202,#8203);
#7205=AXIS2_PLACEMENT_3D('',#10322,#8204,#8205);
#7206=AXIS2_PLACEMENT_3D('',#10323,#8206,#8207);
#7207=AXIS2_PLACEMENT_3D('',#10325,#8208,#8209);
#7208=AXIS2_PLACEMENT_3D('',#10326,#8210,#8211);
#7209=AXIS2_PLACEMENT_3D('',#10329,#8213,#8214);
#7210=AXIS2_PLACEMENT_3D('',#10330,#8215,#8216);
#7211=AXIS2_PLACEMENT_3D('',#10332,#8217,#8218);
#7212=AXIS2_PLACEMENT_3D('',#10333,#8219,#8220);
#7213=AXIS2_PLACEMENT_3D('',#10336,#8222,#8223);
#7214=AXIS2_PLACEMENT_3D('',#10337,#8224,#8225);
#7215=AXIS2_PLACEMENT_3D('',#10339,#8226,#8227);
#7216=AXIS2_PLACEMENT_3D('',#10340,#8228,#8229);
#7217=AXIS2_PLACEMENT_3D('',#10343,#8231,#8232);
#7218=AXIS2_PLACEMENT_3D('',#10344,#8233,#8234);
#7219=AXIS2_PLACEMENT_3D('',#10346,#8235,#8236);
#7220=AXIS2_PLACEMENT_3D('',#10347,#8237,#8238);
#7221=AXIS2_PLACEMENT_3D('',#10350,#8240,#8241);
#7222=AXIS2_PLACEMENT_3D('',#10351,#8242,#8243);
#7223=AXIS2_PLACEMENT_3D('',#10353,#8244,#8245);
#7224=AXIS2_PLACEMENT_3D('',#10354,#8246,#8247);
#7225=AXIS2_PLACEMENT_3D('',#10356,#8248,#8249);
#7226=AXIS2_PLACEMENT_3D('',#10358,#8251,#8252);
#7227=AXIS2_PLACEMENT_3D('',#10360,#8253,#8254);
#7228=AXIS2_PLACEMENT_3D('',#10361,#8255,#8256);
#7229=AXIS2_PLACEMENT_3D('',#10363,#8257,#8258);
#7230=AXIS2_PLACEMENT_3D('',#10365,#8260,#8261);
#7231=AXIS2_PLACEMENT_3D('',#10376,#8267,#8268);
#7232=AXIS2_PLACEMENT_3D('',#10377,#8269,#8270);
#7233=AXIS2_PLACEMENT_3D('',#10383,#8274,#8275);
#7234=AXIS2_PLACEMENT_3D('',#10385,#8276,#8277);
#7235=AXIS2_PLACEMENT_3D('',#10388,#8279,#8280);
#7236=AXIS2_PLACEMENT_3D('',#10389,#8281,#8282);
#7237=AXIS2_PLACEMENT_3D('',#10391,#8283,#8284);
#7238=AXIS2_PLACEMENT_3D('',#10394,#8286,#8287);
#7239=AXIS2_PLACEMENT_3D('',#10395,#8288,#8289);
#7240=AXIS2_PLACEMENT_3D('',#10397,#8290,#8291);
#7241=AXIS2_PLACEMENT_3D('',#10400,#8293,#8294);
#7242=AXIS2_PLACEMENT_3D('',#10401,#8295,#8296);
#7243=AXIS2_PLACEMENT_3D('',#10403,#8297,#8298);
#7244=AXIS2_PLACEMENT_3D('',#10406,#8300,#8301);
#7245=AXIS2_PLACEMENT_3D('',#10407,#8302,#8303);
#7246=AXIS2_PLACEMENT_3D('',#10413,#8307,#8308);
#7247=AXIS2_PLACEMENT_3D('',#10415,#8309,#8310);
#7248=AXIS2_PLACEMENT_3D('',#10418,#8312,#8313);
#7249=AXIS2_PLACEMENT_3D('',#10419,#8314,#8315);
#7250=AXIS2_PLACEMENT_3D('',#10421,#8316,#8317);
#7251=AXIS2_PLACEMENT_3D('',#10424,#8319,#8320);
#7252=AXIS2_PLACEMENT_3D('',#10425,#8321,#8322);
#7253=AXIS2_PLACEMENT_3D('',#10427,#8323,#8324);
#7254=AXIS2_PLACEMENT_3D('',#10430,#8326,#8327);
#7255=AXIS2_PLACEMENT_3D('',#10431,#8328,#8329);
#7256=AXIS2_PLACEMENT_3D('',#10437,#8333,#8334);
#7257=AXIS2_PLACEMENT_3D('',#10439,#8335,#8336);
#7258=AXIS2_PLACEMENT_3D('',#10442,#8338,#8339);
#7259=AXIS2_PLACEMENT_3D('',#10443,#8340,#8341);
#7260=AXIS2_PLACEMENT_3D('',#10445,#8342,#8343);
#7261=AXIS2_PLACEMENT_3D('',#10448,#8345,#8346);
#7262=AXIS2_PLACEMENT_3D('',#10449,#8347,#8348);
#7263=AXIS2_PLACEMENT_3D('',#10451,#8349,#8350);
#7264=AXIS2_PLACEMENT_3D('',#10454,#8352,#8353);
#7265=AXIS2_PLACEMENT_3D('',#10455,#8354,#8355);
#7266=AXIS2_PLACEMENT_3D('',#10457,#8356,#8357);
#7267=AXIS2_PLACEMENT_3D('',#10460,#8359,#8360);
#7268=AXIS2_PLACEMENT_3D('',#10461,#8361,#8362);
#7269=AXIS2_PLACEMENT_3D('',#10467,#8366,#8367);
#7270=AXIS2_PLACEMENT_3D('',#10469,#8368,#8369);
#7271=AXIS2_PLACEMENT_3D('',#10472,#8371,#8372);
#7272=AXIS2_PLACEMENT_3D('',#10473,#8373,#8374);
#7273=AXIS2_PLACEMENT_3D('',#10475,#8375,#8376);
#7274=AXIS2_PLACEMENT_3D('',#10478,#8378,#8379);
#7275=AXIS2_PLACEMENT_3D('',#10479,#8380,#8381);
#7276=AXIS2_PLACEMENT_3D('',#10485,#8385,#8386);
#7277=AXIS2_PLACEMENT_3D('',#10487,#8387,#8388);
#7278=AXIS2_PLACEMENT_3D('',#10490,#8390,#8391);
#7279=AXIS2_PLACEMENT_3D('',#10491,#8392,#8393);
#7280=AXIS2_PLACEMENT_3D('',#10493,#8394,#8395);
#7281=AXIS2_PLACEMENT_3D('',#10496,#8397,#8398);
#7282=AXIS2_PLACEMENT_3D('',#10497,#8399,#8400);
#7283=AXIS2_PLACEMENT_3D('',#10499,#8401,#8402);
#7284=AXIS2_PLACEMENT_3D('',#10502,#8404,#8405);
#7285=AXIS2_PLACEMENT_3D('',#10503,#8406,#8407);
#7286=AXIS2_PLACEMENT_3D('',#10505,#8408,#8409);
#7287=AXIS2_PLACEMENT_3D('',#10508,#8411,#8412);
#7288=AXIS2_PLACEMENT_3D('',#10509,#8413,#8414);
#7289=AXIS2_PLACEMENT_3D('',#10511,#8415,#8416);
#7290=AXIS2_PLACEMENT_3D('',#10514,#8418,#8419);
#7291=AXIS2_PLACEMENT_3D('',#10515,#8420,#8421);
#7292=AXIS2_PLACEMENT_3D('',#10521,#8425,#8426);
#7293=AXIS2_PLACEMENT_3D('',#10523,#8427,#8428);
#7294=AXIS2_PLACEMENT_3D('',#10526,#8430,#8431);
#7295=AXIS2_PLACEMENT_3D('',#10527,#8432,#8433);
#7296=AXIS2_PLACEMENT_3D('',#10533,#8437,#8438);
#7297=AXIS2_PLACEMENT_3D('',#10535,#8439,#8440);
#7298=AXIS2_PLACEMENT_3D('',#10538,#8442,#8443);
#7299=AXIS2_PLACEMENT_3D('',#10539,#8444,#8445);
#7300=AXIS2_PLACEMENT_3D('',#10541,#8446,#8447);
#7301=AXIS2_PLACEMENT_3D('',#10544,#8449,#8450);
#7302=AXIS2_PLACEMENT_3D('',#10545,#8451,#8452);
#7303=AXIS2_PLACEMENT_3D('',#10547,#8453,#8454);
#7304=AXIS2_PLACEMENT_3D('',#10550,#8456,#8457);
#7305=AXIS2_PLACEMENT_3D('',#10551,#8458,#8459);
#7306=AXIS2_PLACEMENT_3D('',#10556,#8462,#8463);
#7307=AXIS2_PLACEMENT_3D('',#10557,#8464,#8465);
#7308=AXIS2_PLACEMENT_3D('',#10560,#8467,#8468);
#7309=AXIS2_PLACEMENT_3D('',#10561,#8469,#8470);
#7310=AXIS2_PLACEMENT_3D('',#10564,#8472,#8473);
#7311=AXIS2_PLACEMENT_3D('',#10565,#8474,#8475);
#7312=AXIS2_PLACEMENT_3D('',#10569,#8478,#8479);
#7313=AXIS2_PLACEMENT_3D('',#10572,#8481,#8482);
#7314=AXIS2_PLACEMENT_3D('',#10573,#8483,#8484);
#7315=AXIS2_PLACEMENT_3D('',#10577,#8487,#8488);
#7316=AXIS2_PLACEMENT_3D('',#10580,#8490,#8491);
#7317=AXIS2_PLACEMENT_3D('',#10581,#8492,#8493);
#7318=AXIS2_PLACEMENT_3D('',#10584,#8495,#8496);
#7319=AXIS2_PLACEMENT_3D('',#10585,#8497,#8498);
#7320=AXIS2_PLACEMENT_3D('',#10588,#8500,#8501);
#7321=AXIS2_PLACEMENT_3D('',#10589,#8502,#8503);
#7322=AXIS2_PLACEMENT_3D('',#10592,#8505,#8506);
#7323=AXIS2_PLACEMENT_3D('',#10593,#8507,#8508);
#7324=AXIS2_PLACEMENT_3D('',#10596,#8510,#8511);
#7325=AXIS2_PLACEMENT_3D('',#10597,#8512,#8513);
#7326=AXIS2_PLACEMENT_3D('',#10601,#8516,#8517);
#7327=AXIS2_PLACEMENT_3D('',#10604,#8519,#8520);
#7328=AXIS2_PLACEMENT_3D('',#10605,#8521,#8522);
#7329=AXIS2_PLACEMENT_3D('',#10608,#8524,#8525);
#7330=AXIS2_PLACEMENT_3D('',#10609,#8526,#8527);
#7331=AXIS2_PLACEMENT_3D('',#10613,#8530,#8531);
#7332=AXIS2_PLACEMENT_3D('',#10616,#8533,#8534);
#7333=AXIS2_PLACEMENT_3D('',#10617,#8535,#8536);
#7334=AXIS2_PLACEMENT_3D('',#10620,#8538,#8539);
#7335=AXIS2_PLACEMENT_3D('',#10621,#8540,#8541);
#7336=AXIS2_PLACEMENT_3D('',#10624,#8543,#8544);
#7337=AXIS2_PLACEMENT_3D('',#10625,#8545,#8546);
#7338=AXIS2_PLACEMENT_3D('',#10628,#8548,#8549);
#7339=AXIS2_PLACEMENT_3D('',#10629,#8550,#8551);
#7340=AXIS2_PLACEMENT_3D('',#10633,#8554,#8555);
#7341=AXIS2_PLACEMENT_3D('',#10636,#8557,#8558);
#7342=AXIS2_PLACEMENT_3D('',#10637,#8559,#8560);
#7343=AXIS2_PLACEMENT_3D('',#10640,#8562,#8563);
#7344=AXIS2_PLACEMENT_3D('',#10641,#8564,#8565);
#7345=AXIS2_PLACEMENT_3D('',#10644,#8567,#8568);
#7346=AXIS2_PLACEMENT_3D('',#10645,#8569,#8570);
#7347=AXIS2_PLACEMENT_3D('',#10649,#8573,#8574);
#7348=AXIS2_PLACEMENT_3D('',#10652,#8576,#8577);
#7349=AXIS2_PLACEMENT_3D('',#10653,#8578,#8579);
#7350=AXIS2_PLACEMENT_3D('',#10656,#8581,#8582);
#7351=AXIS2_PLACEMENT_3D('',#10657,#8583,#8584);
#7352=AXIS2_PLACEMENT_3D('',#10660,#8586,#8587);
#7353=AXIS2_PLACEMENT_3D('',#10661,#8588,#8589);
#7354=AXIS2_PLACEMENT_3D('',#10664,#8591,#8592);
#7355=AXIS2_PLACEMENT_3D('',#10665,#8593,#8594);
#7356=AXIS2_PLACEMENT_3D('',#10669,#8597,#8598);
#7357=AXIS2_PLACEMENT_3D('',#10671,#8600,#8601);
#7358=AXIS2_PLACEMENT_3D('',#10673,#8602,#8603);
#7359=AXIS2_PLACEMENT_3D('',#10675,#8605,#8606);
#7360=AXIS2_PLACEMENT_3D('',#10677,#8607,#8608);
#7361=AXIS2_PLACEMENT_3D('',#10681,#8610,#8611);
#7362=AXIS2_PLACEMENT_3D('',#10683,#8613,#8614);
#7363=AXIS2_PLACEMENT_3D('',#10689,#8618,#8619);
#7364=AXIS2_PLACEMENT_3D('',#10690,#8620,#8621);
#7365=AXIS2_PLACEMENT_3D('',#10691,#8622,#8623);
#7366=AXIS2_PLACEMENT_3D('',#10692,#8624,#8625);
#7367=AXIS2_PLACEMENT_3D('',#10699,#8630,#8631);
#7368=AXIS2_PLACEMENT_3D('',#10701,#8632,#8633);
#7369=AXIS2_PLACEMENT_3D('',#10704,#8635,#8636);
#7370=AXIS2_PLACEMENT_3D('',#10705,#8637,#8638);
#7371=AXIS2_PLACEMENT_3D('',#10707,#8639,#8640);
#7372=AXIS2_PLACEMENT_3D('',#10710,#8642,#8643);
#7373=AXIS2_PLACEMENT_3D('',#10711,#8644,#8645);
#7374=AXIS2_PLACEMENT_3D('',#10717,#8649,#8650);
#7375=AXIS2_PLACEMENT_3D('',#10719,#8651,#8652);
#7376=AXIS2_PLACEMENT_3D('',#10722,#8654,#8655);
#7377=AXIS2_PLACEMENT_3D('',#10723,#8656,#8657);
#7378=AXIS2_PLACEMENT_3D('',#10729,#8661,#8662);
#7379=AXIS2_PLACEMENT_3D('',#10735,#8666,#8667);
#7380=AXIS2_PLACEMENT_3D('',#10737,#8668,#8669);
#7381=AXIS2_PLACEMENT_3D('',#10740,#8671,#8672);
#7382=AXIS2_PLACEMENT_3D('',#10741,#8673,#8674);
#7383=AXIS2_PLACEMENT_3D('',#10747,#8678,#8679);
#7384=AXIS2_PLACEMENT_3D('',#10749,#8680,#8681);
#7385=AXIS2_PLACEMENT_3D('',#10752,#8683,#8684);
#7386=AXIS2_PLACEMENT_3D('',#10753,#8685,#8686);
#7387=AXIS2_PLACEMENT_3D('',#10759,#8690,#8691);
#7388=AXIS2_PLACEMENT_3D('',#10761,#8692,#8693);
#7389=AXIS2_PLACEMENT_3D('',#10764,#8695,#8696);
#7390=AXIS2_PLACEMENT_3D('',#10765,#8697,#8698);
#7391=AXIS2_PLACEMENT_3D('',#10768,#8701,#8702);
#7392=AXIS2_PLACEMENT_3D('',#10770,#8703,#8704);
#7393=AXIS2_PLACEMENT_3D('',#10773,#8706,#8707);
#7394=AXIS2_PLACEMENT_3D('',#10774,#8708,#8709);
#7395=AXIS2_PLACEMENT_3D('',#10777,#8712,#8713);
#7396=AXIS2_PLACEMENT_3D('',#10783,#8717,#8718);
#7397=AXIS2_PLACEMENT_3D('',#10802,#8720,#8721);
#7398=AXIS2_PLACEMENT_3D('',#10803,#8722,#8723);
#7399=AXIS2_PLACEMENT_3D('',#10807,#8725,#8726);
#7400=AXIS2_PLACEMENT_3D('',#10811,#8729,#8730);
#7401=AXIS2_PLACEMENT_3D('',#10830,#8732,#8733);
#7402=AXIS2_PLACEMENT_3D('',#10831,#8734,#8735);
#7403=AXIS2_PLACEMENT_3D('',#10838,#8739,#8740);
#7404=AXIS2_PLACEMENT_3D('',#10839,#8741,#8742);
#7405=AXIS2_PLACEMENT_3D('',#10842,#8745,#8746);
#7406=AXIS2_PLACEMENT_3D('',#10863,#8750,#8751);
#7407=AXIS2_PLACEMENT_3D('',#10865,#8752,#8753);
#7408=AXIS2_PLACEMENT_3D('',#10867,#8754,#8755);
#7409=AXIS2_PLACEMENT_3D('',#10900,#8757,#8758);
#7410=AXIS2_PLACEMENT_3D('',#10901,#8759,#8760);
#7411=AXIS2_PLACEMENT_3D('',#10902,#8761,#8762);
#7412=AXIS2_PLACEMENT_3D('',#10904,#8763,#8764);
#7413=AXIS2_PLACEMENT_3D('',#10937,#8766,#8767);
#7414=AXIS2_PLACEMENT_3D('',#10938,#8768,#8769);
#7415=AXIS2_PLACEMENT_3D('',#10961,#8770,#8771);
#7416=AXIS2_PLACEMENT_3D('',#10970,#8772,#8773);
#7417=AXIS2_PLACEMENT_3D('',#10978,#8775,#8776);
#7418=AXIS2_PLACEMENT_3D('',#11013,#8779,#8780);
#7419=AXIS2_PLACEMENT_3D('',#11014,#8781,#8782);
#7420=AXIS2_PLACEMENT_3D('',#11019,#8783,#8784);
#7421=AXIS2_PLACEMENT_3D('',#11020,#8785,#8786);
#7422=AXIS2_PLACEMENT_3D('',#11042,#8787,#8788);
#7423=AXIS2_PLACEMENT_3D('',#11073,#8789,#8790);
#7424=AXIS2_PLACEMENT_3D('',#11075,#8791,#8792);
#7425=AXIS2_PLACEMENT_3D('',#11106,#8793,#8794);
#7426=AXIS2_PLACEMENT_3D('',#11107,#8795,#8796);
#7427=AXIS2_PLACEMENT_3D('',#11134,#8798,#8799);
#7428=AXIS2_PLACEMENT_3D('',#11141,#8800,#8801);
#7429=AXIS2_PLACEMENT_3D('',#11143,#8802,#8803);
#7430=AXIS2_PLACEMENT_3D('',#11161,#8805,#8806);
#7431=AXIS2_PLACEMENT_3D('',#11166,#8807,#8808);
#7432=AXIS2_PLACEMENT_3D('',#11167,#8809,#8810);
#7433=AXIS2_PLACEMENT_3D('',#11170,#8812,#8813);
#7434=AXIS2_PLACEMENT_3D('',#11228,#8814,#8815);
#7435=AXIS2_PLACEMENT_3D('',#11234,#8816,#8817);
#7436=AXIS2_PLACEMENT_3D('',#11236,#8818,#8819);
#7437=AXIS2_PLACEMENT_3D('',#11259,#8821,#8822);
#7438=AXIS2_PLACEMENT_3D('',#11261,#8823,#8824);
#7439=AXIS2_PLACEMENT_3D('',#11262,#8825,#8826);
#7440=AXIS2_PLACEMENT_3D('',#11263,#8827,#8828);
#7441=AXIS2_PLACEMENT_3D('',#11264,#8829,#8830);
#7442=AXIS2_PLACEMENT_3D('',#11290,#8831,#8832);
#7443=AXIS2_PLACEMENT_3D('',#11318,#8833,#8834);
#7444=AXIS2_PLACEMENT_3D('',#11324,#8835,#8836);
#7445=AXIS2_PLACEMENT_3D('',#11326,#8838,#8839);
#7446=AXIS2_PLACEMENT_3D('',#11332,#8843,#8844);
#7447=AXIS2_PLACEMENT_3D('',#11336,#8847,#8848);
#7448=AXIS2_PLACEMENT_3D('',#11342,#8852,#8853);
#7449=AXIS2_PLACEMENT_3D('',#11348,#8857,#8858);
#7450=AXIS2_PLACEMENT_3D('',#11357,#8863,#8864);
#7451=AXIS2_PLACEMENT_3D('',#11366,#8869,#8870);
#7452=AXIS2_PLACEMENT_3D('',#11372,#8874,#8875);
#7453=AXIS2_PLACEMENT_3D('',#11378,#8879,#8880);
#7454=AXIS2_PLACEMENT_3D('',#11384,#8884,#8885);
#7455=AXIS2_PLACEMENT_3D('',#11386,#8886,#8887);
#7456=AXIS2_PLACEMENT_3D('',#11388,#8888,#8889);
#7457=AXIS2_PLACEMENT_3D('',#11390,#8891,#8892);
#7458=AXIS2_PLACEMENT_3D('',#11396,#8896,#8897);
#7459=AXIS2_PLACEMENT_3D('',#11398,#8898,#8899);
#7460=AXIS2_PLACEMENT_3D('',#11400,#8900,#8901);
#7461=AXIS2_PLACEMENT_3D('',#11402,#8903,#8904);
#7462=AXIS2_PLACEMENT_3D('',#11408,#8908,#8909);
#7463=AXIS2_PLACEMENT_3D('',#11410,#8910,#8911);
#7464=AXIS2_PLACEMENT_3D('',#11412,#8912,#8913);
#7465=AXIS2_PLACEMENT_3D('',#11414,#8915,#8916);
#7466=AXIS2_PLACEMENT_3D('',#11420,#8920,#8921);
#7467=AXIS2_PLACEMENT_3D('',#11422,#8922,#8923);
#7468=AXIS2_PLACEMENT_3D('',#11424,#8924,#8925);
#7469=AXIS2_PLACEMENT_3D('',#11426,#8927,#8928);
#7470=AXIS2_PLACEMENT_3D('',#11432,#8932,#8933);
#7471=AXIS2_PLACEMENT_3D('',#11434,#8934,#8935);
#7472=AXIS2_PLACEMENT_3D('',#11436,#8936,#8937);
#7473=AXIS2_PLACEMENT_3D('',#11438,#8939,#8940);
#7474=AXIS2_PLACEMENT_3D('',#11444,#8944,#8945);
#7475=AXIS2_PLACEMENT_3D('',#11446,#8946,#8947);
#7476=AXIS2_PLACEMENT_3D('',#11448,#8948,#8949);
#7477=AXIS2_PLACEMENT_3D('',#11450,#8951,#8952);
#7478=AXIS2_PLACEMENT_3D('',#11456,#8956,#8957);
#7479=AXIS2_PLACEMENT_3D('',#11458,#8958,#8959);
#7480=AXIS2_PLACEMENT_3D('',#11460,#8960,#8961);
#7481=AXIS2_PLACEMENT_3D('',#11462,#8963,#8964);
#7482=AXIS2_PLACEMENT_3D('',#11468,#8968,#8969);
#7483=AXIS2_PLACEMENT_3D('',#11474,#8973,#8974);
#7484=AXIS2_PLACEMENT_3D('',#11480,#8978,#8979);
#7485=AXIS2_PLACEMENT_3D('',#11482,#8980,#8981);
#7486=AXIS2_PLACEMENT_3D('',#11484,#8982,#8983);
#7487=AXIS2_PLACEMENT_3D('',#11486,#8985,#8986);
#7488=AXIS2_PLACEMENT_3D('',#11495,#8991,#8992);
#7489=AXIS2_PLACEMENT_3D('',#11497,#8993,#8994);
#7490=AXIS2_PLACEMENT_3D('',#11499,#8995,#8996);
#7491=AXIS2_PLACEMENT_3D('',#11501,#8998,#8999);
#7492=AXIS2_PLACEMENT_3D('',#11507,#9003,#9004);
#7493=AXIS2_PLACEMENT_3D('',#11509,#9005,#9006);
#7494=AXIS2_PLACEMENT_3D('',#11512,#9008,#9009);
#7495=AXIS2_PLACEMENT_3D('',#11513,#9010,#9011);
#7496=AXIS2_PLACEMENT_3D('',#11519,#9015,#9016);
#7497=AXIS2_PLACEMENT_3D('',#11521,#9017,#9018);
#7498=AXIS2_PLACEMENT_3D('',#11524,#9020,#9021);
#7499=AXIS2_PLACEMENT_3D('',#11525,#9022,#9023);
#7500=AXIS2_PLACEMENT_3D('',#11531,#9027,#9028);
#7501=AXIS2_PLACEMENT_3D('',#11533,#9029,#9030);
#7502=AXIS2_PLACEMENT_3D('',#11536,#9032,#9033);
#7503=AXIS2_PLACEMENT_3D('',#11537,#9034,#9035);
#7504=AXIS2_PLACEMENT_3D('',#11543,#9039,#9040);
#7505=AXIS2_PLACEMENT_3D('',#11545,#9041,#9042);
#7506=AXIS2_PLACEMENT_3D('',#11548,#9044,#9045);
#7507=AXIS2_PLACEMENT_3D('',#11549,#9046,#9047);
#7508=AXIS2_PLACEMENT_3D('',#11555,#9051,#9052);
#7509=AXIS2_PLACEMENT_3D('',#11563,#9056,#9057);
#7510=AXIS2_PLACEMENT_3D('',#11565,#9058,#9059);
#7511=AXIS2_PLACEMENT_3D('',#11567,#9060,#9061);
#7512=AXIS2_PLACEMENT_3D('',#11569,#9062,#9063);
#7513=AXIS2_PLACEMENT_3D('',#11573,#9065,#9066);
#7514=AXIS2_PLACEMENT_3D('',#11575,#9067,#9068);
#7515=AXIS2_PLACEMENT_3D('',#11577,#9069,#9070);
#7516=AXIS2_PLACEMENT_3D('',#11581,#9072,#9073);
#7517=AXIS2_PLACEMENT_3D('',#11583,#9074,#9075);
#7518=AXIS2_PLACEMENT_3D('',#11585,#9076,#9077);
#7519=AXIS2_PLACEMENT_3D('',#11587,#9078,#9079);
#7520=AXIS2_PLACEMENT_3D('',#11591,#9081,#9082);
#7521=AXIS2_PLACEMENT_3D('',#11593,#9083,#9084);
#7522=AXIS2_PLACEMENT_3D('',#11597,#9086,#9087);
#7523=AXIS2_PLACEMENT_3D('',#11599,#9088,#9089);
#7524=AXIS2_PLACEMENT_3D('',#11601,#9090,#9091);
#7525=AXIS2_PLACEMENT_3D('',#11603,#9092,#9093);
#7526=AXIS2_PLACEMENT_3D('',#11605,#9094,#9095);
#7527=AXIS2_PLACEMENT_3D('',#11609,#9097,#9098);
#7528=AXIS2_PLACEMENT_3D('',#11613,#9100,#9101);
#7529=AXIS2_PLACEMENT_3D('',#11615,#9102,#9103);
#7530=AXIS2_PLACEMENT_3D('',#11617,#9104,#9105);
#7531=AXIS2_PLACEMENT_3D('',#11619,#9107,#9108);
#7532=AXIS2_PLACEMENT_3D('',#11625,#9112,#9113);
#7533=AXIS2_PLACEMENT_3D('',#11627,#9114,#9115);
#7534=AXIS2_PLACEMENT_3D('',#11630,#9117,#9118);
#7535=AXIS2_PLACEMENT_3D('',#11631,#9119,#9120);
#7536=AXIS2_PLACEMENT_3D('',#11637,#9124,#9125);
#7537=AXIS2_PLACEMENT_3D('',#11642,#9129,#9130);
#7538=AXIS2_PLACEMENT_3D('',#11645,#9131,#9132);
#7539=AXIS2_PLACEMENT_3D('',#11648,#9135,#9136);
#7540=AXIS2_PLACEMENT_3D('',#11652,#9139,#9140);
#7541=AXIS2_PLACEMENT_3D('',#11653,#9141,#9142);
#7542=AXIS2_PLACEMENT_3D('',#11654,#9143,#9144);
#7543=AXIS2_PLACEMENT_3D('',#11658,#9147,#9148);
#7544=AXIS2_PLACEMENT_3D('',#11660,#9149,#9150);
#7545=AXIS2_PLACEMENT_3D('',#11663,#9152,#9153);
#7546=AXIS2_PLACEMENT_3D('',#11664,#9154,#9155);
#7547=AXIS2_PLACEMENT_3D('',#11670,#9159,#9160);
#7548=AXIS2_PLACEMENT_3D('',#11672,#9161,#9162);
#7549=AXIS2_PLACEMENT_3D('',#11675,#9164,#9165);
#7550=AXIS2_PLACEMENT_3D('',#11676,#9166,#9167);
#7551=AXIS2_PLACEMENT_3D('',#11682,#9171,#9172);
#7552=AXIS2_PLACEMENT_3D('',#11684,#9173,#9174);
#7553=AXIS2_PLACEMENT_3D('',#11687,#9176,#9177);
#7554=AXIS2_PLACEMENT_3D('',#11688,#9178,#9179);
#7555=AXIS2_PLACEMENT_3D('',#11697,#9184,#9185);
#7556=AXIS2_PLACEMENT_3D('',#11699,#9186,#9187);
#7557=AXIS2_PLACEMENT_3D('',#11702,#9189,#9190);
#7558=AXIS2_PLACEMENT_3D('',#11703,#9191,#9192);
#7559=AXIS2_PLACEMENT_3D('',#11709,#9196,#9197);
#7560=AXIS2_PLACEMENT_3D('',#11711,#9198,#9199);
#7561=AXIS2_PLACEMENT_3D('',#11714,#9201,#9202);
#7562=AXIS2_PLACEMENT_3D('',#11715,#9203,#9204);
#7563=AXIS2_PLACEMENT_3D('',#11725,#9210,#9211);
#7564=AXIS2_PLACEMENT_3D('',#11727,#9212,#9213);
#7565=AXIS2_PLACEMENT_3D('',#11730,#9215,#9216);
#7566=AXIS2_PLACEMENT_3D('',#11731,#9217,#9218);
#7567=AXIS2_PLACEMENT_3D('',#11737,#9222,#9223);
#7568=AXIS2_PLACEMENT_3D('',#11746,#9228,#9229);
#7569=AXIS2_PLACEMENT_3D('',#11748,#9230,#9231);
#7570=AXIS2_PLACEMENT_3D('',#11751,#9233,#9234);
#7571=AXIS2_PLACEMENT_3D('',#11752,#9235,#9236);
#7572=AXIS2_PLACEMENT_3D('',#11758,#9240,#9241);
#7573=AXIS2_PLACEMENT_3D('',#11760,#9242,#9243);
#7574=AXIS2_PLACEMENT_3D('',#11763,#9245,#9246);
#7575=AXIS2_PLACEMENT_3D('',#11764,#9247,#9248);
#7576=AXIS2_PLACEMENT_3D('',#11770,#9252,#9253);
#7577=AXIS2_PLACEMENT_3D('',#11773,#9254,#9255);
#7578=AXIS2_PLACEMENT_3D('',#11777,#9257,#9258);
#7579=AXIS2_PLACEMENT_3D('',#11779,#9260,#9261);
#7580=AXIS2_PLACEMENT_3D('',#11785,#9265,#9266);
#7581=AXIS2_PLACEMENT_3D('',#11791,#9270,#9271);
#7582=AXIS2_PLACEMENT_3D('',#11797,#9275,#9276);
#7583=AXIS2_PLACEMENT_3D('',#11804,#9281,#9282);
#7584=AXIS2_PLACEMENT_3D('',#11810,#9286,#9287);
#7585=AXIS2_PLACEMENT_3D('',#11812,#9288,#9289);
#7586=AXIS2_PLACEMENT_3D('',#11813,#9290,#9291);
#7587=AXIS2_PLACEMENT_3D('',#11815,#9292,#9293);
#7588=AXIS2_PLACEMENT_3D('',#11817,#9295,#9296);
#7589=AXIS2_PLACEMENT_3D('',#11818,#9297,#9298);
#7590=AXIS2_PLACEMENT_3D('',#11819,#9299,#9300);
#7591=AXIS2_PLACEMENT_3D('',#11820,#9301,#9302);
#7592=AXIS2_PLACEMENT_3D('',#11821,#9303,#9304);
#7593=AXIS2_PLACEMENT_3D('',#11823,#9305,#9306);
#7594=AXIS2_PLACEMENT_3D('',#11824,#9307,#9308);
#7595=AXIS2_PLACEMENT_3D('',#11827,#9310,#9311);
#7596=AXIS2_PLACEMENT_3D('',#11828,#9312,#9313);
#7597=AXIS2_PLACEMENT_3D('',#11830,#9314,#9315);
#7598=AXIS2_PLACEMENT_3D('',#11831,#9316,#9317);
#7599=AXIS2_PLACEMENT_3D('',#11834,#9319,#9320);
#7600=AXIS2_PLACEMENT_3D('',#11835,#9321,#9322);
#7601=AXIS2_PLACEMENT_3D('',#11837,#9323,#9324);
#7602=AXIS2_PLACEMENT_3D('',#11838,#9325,#9326);
#7603=AXIS2_PLACEMENT_3D('',#11841,#9328,#9329);
#7604=AXIS2_PLACEMENT_3D('',#11842,#9330,#9331);
#7605=AXIS2_PLACEMENT_3D('',#11844,#9332,#9333);
#7606=AXIS2_PLACEMENT_3D('',#11845,#9334,#9335);
#7607=AXIS2_PLACEMENT_3D('',#11848,#9337,#9338);
#7608=AXIS2_PLACEMENT_3D('',#11849,#9339,#9340);
#7609=AXIS2_PLACEMENT_3D('',#11851,#9341,#9342);
#7610=AXIS2_PLACEMENT_3D('',#11852,#9343,#9344);
#7611=AXIS2_PLACEMENT_3D('',#11854,#9345,#9346);
#7612=AXIS2_PLACEMENT_3D('',#11856,#9348,#9349);
#7613=AXIS2_PLACEMENT_3D('',#11858,#9350,#9351);
#7614=AXIS2_PLACEMENT_3D('',#11859,#9352,#9353);
#7615=AXIS2_PLACEMENT_3D('',#11861,#9354,#9355);
#7616=AXIS2_PLACEMENT_3D('',#11863,#9357,#9358);
#7617=AXIS2_PLACEMENT_3D('',#11867,#9360,#9361);
#7618=AXIS2_PLACEMENT_3D('',#11875,#9366,#9367);
#7619=AXIS2_PLACEMENT_3D('',#11881,#9371,#9372);
#7620=AXIS2_PLACEMENT_3D('',#11883,#9373,#9374);
#7621=AXIS2_PLACEMENT_3D('',#11885,#9375,#9376);
#7622=AXIS2_PLACEMENT_3D('',#11887,#9378,#9379);
#7623=AXIS2_PLACEMENT_3D('',#11889,#9380,#9381);
#7624=AXIS2_PLACEMENT_3D('',#11891,#9382,#9383);
#7625=AXIS2_PLACEMENT_3D('',#11893,#9385,#9386);
#7626=AXIS2_PLACEMENT_3D('',#11895,#9387,#9388);
#7627=AXIS2_PLACEMENT_3D('',#11897,#9389,#9390);
#7628=AXIS2_PLACEMENT_3D('',#11899,#9392,#9393);
#7629=AXIS2_PLACEMENT_3D('',#11901,#9394,#9395);
#7630=AXIS2_PLACEMENT_3D('',#11903,#9396,#9397);
#7631=AXIS2_PLACEMENT_3D('',#11905,#9399,#9400);
#7632=AXIS2_PLACEMENT_3D('',#11911,#9404,#9405);
#7633=AXIS2_PLACEMENT_3D('',#11913,#9406,#9407);
#7634=AXIS2_PLACEMENT_3D('',#11915,#9408,#9409);
#7635=AXIS2_PLACEMENT_3D('',#11917,#9411,#9412);
#7636=AXIS2_PLACEMENT_3D('',#11919,#9413,#9414);
#7637=AXIS2_PLACEMENT_3D('',#11921,#9415,#9416);
#7638=AXIS2_PLACEMENT_3D('',#11923,#9418,#9419);
#7639=AXIS2_PLACEMENT_3D('',#11925,#9420,#9421);
#7640=AXIS2_PLACEMENT_3D('',#11927,#9422,#9423);
#7641=AXIS2_PLACEMENT_3D('',#11929,#9425,#9426);
#7642=AXIS2_PLACEMENT_3D('',#11935,#9430,#9431);
#7643=AXIS2_PLACEMENT_3D('',#11937,#9432,#9433);
#7644=AXIS2_PLACEMENT_3D('',#11939,#9434,#9435);
#7645=AXIS2_PLACEMENT_3D('',#11941,#9437,#9438);
#7646=AXIS2_PLACEMENT_3D('',#11943,#9439,#9440);
#7647=AXIS2_PLACEMENT_3D('',#11945,#9441,#9442);
#7648=AXIS2_PLACEMENT_3D('',#11947,#9444,#9445);
#7649=AXIS2_PLACEMENT_3D('',#11949,#9446,#9447);
#7650=AXIS2_PLACEMENT_3D('',#11951,#9448,#9449);
#7651=AXIS2_PLACEMENT_3D('',#11953,#9451,#9452);
#7652=AXIS2_PLACEMENT_3D('',#11955,#9453,#9454);
#7653=AXIS2_PLACEMENT_3D('',#11957,#9455,#9456);
#7654=AXIS2_PLACEMENT_3D('',#11959,#9458,#9459);
#7655=AXIS2_PLACEMENT_3D('',#11965,#9463,#9464);
#7656=AXIS2_PLACEMENT_3D('',#11967,#9465,#9466);
#7657=AXIS2_PLACEMENT_3D('',#11969,#9467,#9468);
#7658=AXIS2_PLACEMENT_3D('',#11971,#9470,#9471);
#7659=AXIS2_PLACEMENT_3D('',#11973,#9472,#9473);
#7660=AXIS2_PLACEMENT_3D('',#11975,#9474,#9475);
#7661=AXIS2_PLACEMENT_3D('',#11977,#9477,#9478);
#7662=AXIS2_PLACEMENT_3D('',#11983,#9482,#9483);
#7663=AXIS2_PLACEMENT_3D('',#11985,#9484,#9485);
#7664=AXIS2_PLACEMENT_3D('',#11987,#9486,#9487);
#7665=AXIS2_PLACEMENT_3D('',#11989,#9489,#9490);
#7666=AXIS2_PLACEMENT_3D('',#11991,#9491,#9492);
#7667=AXIS2_PLACEMENT_3D('',#11993,#9493,#9494);
#7668=AXIS2_PLACEMENT_3D('',#11995,#9496,#9497);
#7669=AXIS2_PLACEMENT_3D('',#11997,#9498,#9499);
#7670=AXIS2_PLACEMENT_3D('',#11999,#9500,#9501);
#7671=AXIS2_PLACEMENT_3D('',#12001,#9503,#9504);
#7672=AXIS2_PLACEMENT_3D('',#12003,#9505,#9506);
#7673=AXIS2_PLACEMENT_3D('',#12005,#9507,#9508);
#7674=AXIS2_PLACEMENT_3D('',#12007,#9510,#9511);
#7675=AXIS2_PLACEMENT_3D('',#12009,#9512,#9513);
#7676=AXIS2_PLACEMENT_3D('',#12011,#9514,#9515);
#7677=AXIS2_PLACEMENT_3D('',#12013,#9517,#9518);
#7678=AXIS2_PLACEMENT_3D('',#12019,#9522,#9523);
#7679=AXIS2_PLACEMENT_3D('',#12021,#9524,#9525);
#7680=AXIS2_PLACEMENT_3D('',#12023,#9526,#9527);
#7681=AXIS2_PLACEMENT_3D('',#12025,#9529,#9530);
#7682=AXIS2_PLACEMENT_3D('',#12031,#9534,#9535);
#7683=AXIS2_PLACEMENT_3D('',#12033,#9536,#9537);
#7684=AXIS2_PLACEMENT_3D('',#12035,#9538,#9539);
#7685=AXIS2_PLACEMENT_3D('',#12037,#9541,#9542);
#7686=AXIS2_PLACEMENT_3D('',#12039,#9543,#9544);
#7687=AXIS2_PLACEMENT_3D('',#12041,#9545,#9546);
#7688=AXIS2_PLACEMENT_3D('',#12043,#9548,#9549);
#7689=AXIS2_PLACEMENT_3D('',#12045,#9550,#9551);
#7690=AXIS2_PLACEMENT_3D('',#12047,#9552,#9553);
#7691=AXIS2_PLACEMENT_3D('',#12049,#9555,#9556);
#7692=AXIS2_PLACEMENT_3D('',#12052,#9559,#9560);
#7693=AXIS2_PLACEMENT_3D('',#12054,#9562,#9563);
#7694=AXIS2_PLACEMENT_3D('',#12056,#9565,#9566);
#7695=AXIS2_PLACEMENT_3D('',#12058,#9568,#9569);
#7696=AXIS2_PLACEMENT_3D('',#12060,#9571,#9572);
#7697=AXIS2_PLACEMENT_3D('',#12062,#9574,#9575);
#7698=AXIS2_PLACEMENT_3D('',#12064,#9577,#9578);
#7699=AXIS2_PLACEMENT_3D('',#12066,#9580,#9581);
#7700=AXIS2_PLACEMENT_3D('',#12068,#9583,#9584);
#7701=AXIS2_PLACEMENT_3D('',#12070,#9586,#9587);
#7702=AXIS2_PLACEMENT_3D('',#12072,#9589,#9590);
#7703=AXIS2_PLACEMENT_3D('',#12074,#9592,#9593);
#7704=AXIS2_PLACEMENT_3D('',#12076,#9595,#9596);
#7705=AXIS2_PLACEMENT_3D('',#12078,#9598,#9599);
#7706=AXIS2_PLACEMENT_3D('',#12080,#9601,#9602);
#7707=AXIS2_PLACEMENT_3D('',#12082,#9604,#9605);
#7708=AXIS2_PLACEMENT_3D('',#12084,#9607,#9608);
#7709=AXIS2_PLACEMENT_3D('',#12086,#9610,#9611);
#7710=AXIS2_PLACEMENT_3D('',#12088,#9613,#9614);
#7711=AXIS2_PLACEMENT_3D('',#12090,#9616,#9617);
#7712=AXIS2_PLACEMENT_3D('',#12092,#9619,#9620);
#7713=AXIS2_PLACEMENT_3D('',#12094,#9622,#9623);
#7714=AXIS2_PLACEMENT_3D('',#12096,#9625,#9626);
#7715=AXIS2_PLACEMENT_3D('',#12098,#9628,#9629);
#7716=AXIS2_PLACEMENT_3D('',#12100,#9631,#9632);
#7717=AXIS2_PLACEMENT_3D('',#12102,#9634,#9635);
#7718=AXIS2_PLACEMENT_3D('',#12104,#9637,#9638);
#7719=AXIS2_PLACEMENT_3D('',#12106,#9640,#9641);
#7720=AXIS2_PLACEMENT_3D('',#12108,#9643,#9644);
#7721=AXIS2_PLACEMENT_3D('',#12109,#9645,#9646);
#7722=AXIS2_PLACEMENT_3D('',#12111,#9647,#9648);
#7723=AXIS2_PLACEMENT_3D('',#12113,#9650,#9651);
#7724=AXIS2_PLACEMENT_3D('',#12115,#9652,#9653);
#7725=AXIS2_PLACEMENT_3D('',#12119,#9655,#9656);
#7726=AXIS2_PLACEMENT_3D('',#12121,#9658,#9659);
#7727=AXIS2_PLACEMENT_3D('',#12127,#9663,#9664);
#7728=AXIS2_PLACEMENT_3D('',#12128,#9665,#9666);
#7729=AXIS2_PLACEMENT_3D('',#12129,#9667,#9668);
#7730=AXIS2_PLACEMENT_3D('',#12130,#9669,#9670);
#7731=AXIS2_PLACEMENT_3D('',#12137,#9675,#9676);
#7732=AXIS2_PLACEMENT_3D('',#12139,#9677,#9678);
#7733=AXIS2_PLACEMENT_3D('',#12141,#9679,#9680);
#7734=AXIS2_PLACEMENT_3D('',#12143,#9682,#9683);
#7735=AXIS2_PLACEMENT_3D('',#12145,#9684,#9685);
#7736=AXIS2_PLACEMENT_3D('',#12147,#9686,#9687);
#7737=AXIS2_PLACEMENT_3D('',#12149,#9689,#9690);
#7738=AXIS2_PLACEMENT_3D('',#12155,#9694,#9695);
#7739=AXIS2_PLACEMENT_3D('',#12157,#9696,#9697);
#7740=AXIS2_PLACEMENT_3D('',#12159,#9698,#9699);
#7741=AXIS2_PLACEMENT_3D('',#12161,#9701,#9702);
#7742=AXIS2_PLACEMENT_3D('',#12167,#9706,#9707);
#7743=AXIS2_PLACEMENT_3D('',#12173,#9711,#9712);
#7744=AXIS2_PLACEMENT_3D('',#12175,#9713,#9714);
#7745=AXIS2_PLACEMENT_3D('',#12177,#9715,#9716);
#7746=AXIS2_PLACEMENT_3D('',#12179,#9718,#9719);
#7747=AXIS2_PLACEMENT_3D('',#12185,#9723,#9724);
#7748=AXIS2_PLACEMENT_3D('',#12187,#9725,#9726);
#7749=AXIS2_PLACEMENT_3D('',#12189,#9727,#9728);
#7750=AXIS2_PLACEMENT_3D('',#12191,#9730,#9731);
#7751=AXIS2_PLACEMENT_3D('',#12197,#9735,#9736);
#7752=AXIS2_PLACEMENT_3D('',#12199,#9737,#9738);
#7753=AXIS2_PLACEMENT_3D('',#12201,#9739,#9740);
#7754=AXIS2_PLACEMENT_3D('',#12203,#9742,#9743);
#7755=AXIS2_PLACEMENT_3D('',#12206,#9746,#9747);
#7756=AXIS2_PLACEMENT_3D('',#12208,#9748,#9749);
#7757=AXIS2_PLACEMENT_3D('',#12210,#9750,#9751);
#7758=AXIS2_PLACEMENT_3D('',#12212,#9753,#9754);
#7759=AXIS2_PLACEMENT_3D('',#12215,#9757,#9758);
#7760=AXIS2_PLACEMENT_3D('',#12221,#9762,#9763);
#7761=AXIS2_PLACEMENT_3D('',#12225,#9765,#9766);
#7762=AXIS2_PLACEMENT_3D('',#12241,#9767,#9768);
#7763=AXIS2_PLACEMENT_3D('',#12248,#9772,#9773);
#7764=AXIS2_PLACEMENT_3D('',#12249,#9774,#9775);
#7765=AXIS2_PLACEMENT_3D('',#12251,#9776,#9777);
#7766=AXIS2_PLACEMENT_3D('',#12269,#9779,#9780);
#7767=AXIS2_PLACEMENT_3D('',#12273,#9782,#9783);
#7768=AXIS2_PLACEMENT_3D('',#12277,#9786,#9787);
#7769=AXIS2_PLACEMENT_3D('',#12280,#9790,#9791);
#7770=AXIS2_PLACEMENT_3D('',#12284,#9794,#9795);
#7771=AXIS2_PLACEMENT_3D('',#12305,#9799,#9800);
#7772=AXIS2_PLACEMENT_3D('',#12309,#9802,#9803);
#7773=AXIS2_PLACEMENT_3D('',#12313,#9805,#9806);
#7774=AXIS2_PLACEMENT_3D('',#12350,#9810,#9811);
#7775=AXIS2_PLACEMENT_3D('',#12352,#9813,#9814);
#7776=AXIS2_PLACEMENT_3D('',#12353,#9815,#9816);
#7777=AXIS2_PLACEMENT_3D('',#12354,#9817,#9818);
#7778=AXIS2_PLACEMENT_3D('',#12385,#9819,#9820);
#7779=AXIS2_PLACEMENT_3D('',#12386,#9821,#9822);
#7780=AXIS2_PLACEMENT_3D('',#12387,#9823,#9824);
#7781=AXIS2_PLACEMENT_3D('',#12418,#9825,#9826);
#7782=AXIS2_PLACEMENT_3D('',#12419,#9827,#9828);
#7783=AXIS2_PLACEMENT_3D('',#12441,#9829,#9830);
#7784=AXIS2_PLACEMENT_3D('',#12446,#9831,#9832);
#7785=AXIS2_PLACEMENT_3D('',#12454,#9834,#9835);
#7786=AXIS2_PLACEMENT_3D('',#12489,#9838,#9839);
#7787=AXIS2_PLACEMENT_3D('',#12494,#9840,#9841);
#7788=AXIS2_PLACEMENT_3D('',#12495,#9842,#9843);
#7789=AXIS2_PLACEMENT_3D('',#12496,#9844,#9845);
#7790=AXIS2_PLACEMENT_3D('',#12518,#9846,#9847);
#7791=AXIS2_PLACEMENT_3D('',#12549,#9848,#9849);
#7792=AXIS2_PLACEMENT_3D('',#12556,#9850,#9851);
#7793=AXIS2_PLACEMENT_3D('',#12582,#9852,#9853);
#7794=AXIS2_PLACEMENT_3D('',#12583,#9854,#9855);
#7795=AXIS2_PLACEMENT_3D('',#12609,#9857,#9858);
#7796=AXIS2_PLACEMENT_3D('',#12610,#9859,#9860);
#7797=AXIS2_PLACEMENT_3D('',#12611,#9861,#9862);
#7798=AXIS2_PLACEMENT_3D('',#12628,#9863,#9864);
#7799=AXIS2_PLACEMENT_3D('',#12629,#9865,#9866);
#7800=AXIS2_PLACEMENT_3D('',#12630,#9867,#9868);
#7801=AXIS2_PLACEMENT_3D('',#12633,#9870,#9871);
#7802=AXIS2_PLACEMENT_3D('',#12691,#9872,#9873);
#7803=AXIS2_PLACEMENT_3D('',#12697,#9874,#9875);
#7804=AXIS2_PLACEMENT_3D('',#12698,#9876,#9877);
#7805=AXIS2_PLACEMENT_3D('',#12699,#9878,#9879);
#7806=AXIS2_PLACEMENT_3D('',#12700,#9880,#9881);
#7807=AXIS2_PLACEMENT_3D('',#12721,#9882,#9883);
#7808=AXIS2_PLACEMENT_3D('',#12722,#9884,#9885);
#7809=AXIS2_PLACEMENT_3D('',#12723,#9886,#9887);
#7810=AXIS2_PLACEMENT_3D('',#12748,#9888,#9889);
#7811=AXIS2_PLACEMENT_3D('',#12769,#9890,#9891);
#7812=AXIS2_PLACEMENT_3D('',#12770,#9892,#9893);
#7813=AXIS2_PLACEMENT_3D('',#12771,#9894,#9895);
#7814=AXIS2_PLACEMENT_3D('',#12773,#9897,#9898);
#7815=AXIS2_PLACEMENT_3D('',#12775,#9900,#9901);
#7816=AXIS2_PLACEMENT_3D('',#12777,#9903,#9904);
#7817=AXIS2_PLACEMENT_3D('',#12779,#9906,#9907);
#7818=AXIS2_PLACEMENT_3D('',#12781,#9909,#9910);
#7819=AXIS2_PLACEMENT_3D('',#12783,#9912,#9913);
#7820=AXIS2_PLACEMENT_3D('',#12785,#9915,#9916);
#7821=DIRECTION('axis',(0.,0.,1.));
#7822=DIRECTION('refdir',(1.,0.,0.));
#7823=DIRECTION('center_axis',(8.09533797169964E-16,0.,1.));
#7824=DIRECTION('ref_axis',(1.,-4.7067997422534E-17,-8.09533797169964E-16));
#7825=DIRECTION('',(1.,0.,-8.09533797169964E-16));
#7826=DIRECTION('',(0.,1.,0.));
#7827=DIRECTION('',(1.,1.43247426336968E-17,-8.09533797169964E-16));
#7828=DIRECTION('',(0.,-1.,0.));
#7829=DIRECTION('center_axis',(1.,0.,0.));
#7830=DIRECTION('ref_axis',(0.,1.3877787807814E-16,-1.));
#7831=DIRECTION('',(0.,0.,-1.));
#7832=DIRECTION('',(0.,1.,0.));
#7833=DIRECTION('',(0.,0.0176922823548,-0.999843479323178));
#7834=DIRECTION('',(0.,-1.,0.));
#7835=DIRECTION('center_axis',(0.999999999999979,0.,-2.04545334913628E-7));
#7836=DIRECTION('ref_axis',(-2.04545334913628E-7,2.27090940436257E-17,-0.999999999999979));
#7837=DIRECTION('',(-2.04545334913628E-7,0.,-0.999999999999979));
#7838=DIRECTION('',(0.,1.,0.));
#7839=DIRECTION('',(-2.04513319339367E-7,0.0176922823547997,-0.999843479323157));
#7840=DIRECTION('center_axis',(0.999999999999992,0.,1.24999998560009E-7));
#7841=DIRECTION('ref_axis',(1.24999998560009E-7,-1.8503716866815E-17,-0.999999999999992));
#7842=DIRECTION('',(1.24999998560009E-7,0.,-0.999999999999992));
#7843=DIRECTION('',(0.,1.,0.));
#7844=DIRECTION('',(1.24980433475632E-7,0.0176922823547999,-0.99984347932317));
#7845=DIRECTION('center_axis',(1.,0.,0.));
#7846=DIRECTION('ref_axis',(0.,3.70074341541726E-17,-1.));
#7847=DIRECTION('',(0.,0.,-1.));
#7848=DIRECTION('',(0.,1.,0.));
#7849=DIRECTION('',(0.,0.0176922823548,-0.999843479323178));
#7850=DIRECTION('center_axis',(0.,-1.,0.));
#7851=DIRECTION('ref_axis',(0.707106781186549,0.,0.707106781186546));
#7852=DIRECTION('center_axis',(0.,1.,0.));
#7853=DIRECTION('ref_axis',(0.707106781186549,0.,0.707106781186546));
#7854=DIRECTION('',(0.,-1.,0.));
#7855=DIRECTION('center_axis',(0.,0.999843479323178,0.0176922823548));
#7856=DIRECTION('ref_axis',(2.53725543260781E-15,-0.0176922823548,0.999843479323178));
#7857=DIRECTION('center_axis',(0.,0.,1.));
#7858=DIRECTION('ref_axis',(1.,-1.48029736616692E-16,0.));
#7859=DIRECTION('',(1.,0.,0.));
#7860=DIRECTION('',(0.,1.,0.));
#7861=DIRECTION('',(1.,0.,0.));
#7862=DIRECTION('center_axis',(0.,-1.,0.));
#7863=DIRECTION('ref_axis',(-0.635853068668496,0.,0.771810128894961));
#7864=DIRECTION('center_axis',(0.,1.,0.));
#7865=DIRECTION('ref_axis',(-0.635853068668496,0.,0.771810128894961));
#7866=DIRECTION('',(0.,-1.,0.));
#7867=DIRECTION('center_axis',(0.,0.999843479323178,0.0176922823548));
#7868=DIRECTION('ref_axis',(9.17376417352262E-14,-0.0176922823548,0.999843479323178));
#7869=DIRECTION('center_axis',(-0.981515677774578,0.,0.191381750129711));
#7870=DIRECTION('ref_axis',(0.191381750129711,1.19893215858386E-17,0.981515677774578));
#7871=DIRECTION('',(0.191381750129711,0.,0.981515677774578));
#7872=DIRECTION('',(0.,1.,0.));
#7873=DIRECTION('',(0.191352891848879,-0.0173653520528037,0.981367675914157));
#7874=DIRECTION('center_axis',(0.,-1.,0.));
#7875=DIRECTION('ref_axis',(0.594588233002826,0.,-0.804030368316133));
#7876=DIRECTION('center_axis',(0.,-1.,0.));
#7877=DIRECTION('ref_axis',(0.594588233002826,0.,-0.804030368316133));
#7878=DIRECTION('',(0.,-1.,0.));
#7879=DIRECTION('center_axis',(0.,-0.999843479323178,-0.0176922823548));
#7880=DIRECTION('ref_axis',(-1.78876507998851E-13,0.0176922823548,-0.999843479323178));
#7881=DIRECTION('center_axis',(0.104528463268026,0.,0.994521895368234));
#7882=DIRECTION('ref_axis',(0.994521895368234,-2.70792231199865E-16,-0.104528463268026));
#7883=DIRECTION('',(0.994521895368234,0.,-0.104528463268026));
#7884=DIRECTION('',(0.,1.,0.));
#7885=DIRECTION('',(0.994520194165561,0.00184963342868351,-0.10452828446442));
#7886=DIRECTION('center_axis',(0.,-1.,0.));
#7887=DIRECTION('ref_axis',(-0.504236238409027,0.,0.863565756543829));
#7888=DIRECTION('center_axis',(0.,1.,0.));
#7889=DIRECTION('ref_axis',(-0.504236238409027,0.,0.863565756543829));
#7890=DIRECTION('',(0.,-1.,0.));
#7891=DIRECTION('center_axis',(0.,0.999843479323178,0.0176922823548));
#7892=DIRECTION('ref_axis',(2.37074804484293E-14,-0.0176922823548,0.999843479323178));
#7893=DIRECTION('center_axis',(-0.917486378025865,0.,0.397767200931624));
#7894=DIRECTION('ref_axis',(0.397767200931624,1.32189879360173E-16,0.917486378025865));
#7895=DIRECTION('',(0.397767200931624,0.,0.917486378025865));
#7896=DIRECTION('',(0.,1.,0.));
#7897=DIRECTION('',(0.397714790701268,-0.0162328300282371,0.917365489042792));
#7898=DIRECTION('center_axis',(0.,-1.,0.));
#7899=DIRECTION('ref_axis',(0.47379106104382,0.,-0.880637286557282));
#7900=DIRECTION('center_axis',(0.,-1.,0.));
#7901=DIRECTION('ref_axis',(0.47379106104382,0.,-0.880637286557282));
#7902=DIRECTION('',(0.,-1.,0.));
#7903=DIRECTION('center_axis',(0.,-0.999843479323178,-0.0176922823548));
#7904=DIRECTION('ref_axis',(1.00063011123471E-13,0.0176922823548,-0.999843479323178));
#7905=DIRECTION('center_axis',(0.173648177667033,0.,0.98480775301219));
#7906=DIRECTION('ref_axis',(0.98480775301219,-2.50339022513671E-17,-0.173648177667033));
#7907=DIRECTION('',(0.98480775301219,0.,-0.173648177667033));
#7908=DIRECTION('',(0.,1.,0.));
#7909=DIRECTION('',(0.984803103980203,0.00307269902736861,-0.173647357917259));
#7910=DIRECTION('center_axis',(0.,-1.,0.));
#7911=DIRECTION('ref_axis',(-0.754824555435561,0.,-0.655926741726168));
#7912=DIRECTION('center_axis',(0.,-1.,0.));
#7913=DIRECTION('ref_axis',(-0.754824555435561,0.,-0.655926741726168));
#7914=DIRECTION('',(0.,-1.,0.));
#7915=DIRECTION('center_axis',(0.,-0.999843479323178,-0.0176922823548));
#7916=DIRECTION('ref_axis',(-2.57452137177424E-13,0.0176922823548,-0.999843479323178));
#7917=DIRECTION('center_axis',(0.999402999217122,0.,0.0345491701176843));
#7918=DIRECTION('ref_axis',(0.0345491701176843,-8.67787076804503E-17,-0.999402999217122));
#7919=DIRECTION('',(0.0345491701176843,0.,-0.999402999217122));
#7920=DIRECTION('',(0.,1.,0.));
#7921=DIRECTION('',(0.0345437689115069,0.0176817233516041,-0.999246758658093));
#7922=DIRECTION('center_axis',(0.,-1.,0.));
#7923=DIRECTION('ref_axis',(0.766157092089414,0.,0.64265333597601));
#7924=DIRECTION('center_axis',(0.,1.,0.));
#7925=DIRECTION('ref_axis',(0.766157092089414,0.,0.64265333597601));
#7926=DIRECTION('',(0.,-1.,0.));
#7927=DIRECTION('center_axis',(0.,0.999843479323178,0.0176922823548));
#7928=DIRECTION('ref_axis',(-3.48872621983574E-14,-0.0176922823548,0.999843479323178));
#7929=DIRECTION('center_axis',(0.20791169081795,0.,0.978147600733765));
#7930=DIRECTION('ref_axis',(0.978147600733765,2.51321171851663E-16,-0.20791169081795));
#7931=DIRECTION('',(0.978147600733765,0.,-0.20791169081795));
#7932=DIRECTION('',(0.,1.,0.));
#7933=DIRECTION('',(0.978140981137587,0.00367898328204412,-0.207910283779346));
#7934=DIRECTION('center_axis',(0.207899872019518,0.,0.978150112822295));
#7935=DIRECTION('ref_axis',(0.978150112822295,-5.10066926752061E-17,-0.207899872019518));
#7936=DIRECTION('',(0.978150112822295,0.,-0.207899872019518));
#7937=DIRECTION('',(0.,1.,0.));
#7938=DIRECTION('',(0.978143493961675,0.003678774152037,-0.20789846522085));
#7939=DIRECTION('center_axis',(0.207911690817951,0.,0.978147600733765));
#7940=DIRECTION('ref_axis',(0.978147600733765,1.96180509390227E-17,-0.207911690817951));
#7941=DIRECTION('',(0.978147600733765,0.,-0.207911690817951));
#7942=DIRECTION('',(0.,1.,0.));
#7943=DIRECTION('',(0.978140981137587,0.00367898328204414,-0.207910283779347));
#7944=DIRECTION('center_axis',(0.,-1.,0.));
#7945=DIRECTION('ref_axis',(-0.544639035014864,0.,0.83867056794553));
#7946=DIRECTION('center_axis',(0.,1.,0.));
#7947=DIRECTION('ref_axis',(-0.544639035014864,0.,0.83867056794553));
#7948=DIRECTION('',(0.,-1.,0.));
#7949=DIRECTION('center_axis',(0.,0.999843479323178,0.0176922823548));
#7950=DIRECTION('ref_axis',(-9.02311463221154E-14,-0.0176922823548,0.999843479323178));
#7951=DIRECTION('center_axis',(-0.978147600733764,0.,0.207911690817954));
#7952=DIRECTION('ref_axis',(0.207911690817954,1.87762050518153E-16,0.978147600733764));
#7953=DIRECTION('',(0.207911690817954,0.,0.978147600733764));
#7954=DIRECTION('',(0.,1.,0.));
#7955=DIRECTION('',(0.207880554745951,-0.0173057806183341,0.978001117031931));
#7956=DIRECTION('',(0.,-1.,0.));
#7957=DIRECTION('center_axis',(0.,-1.,0.));
#7958=DIRECTION('ref_axis',(-0.838670567945524,0.,-0.544639035014873));
#7959=DIRECTION('center_axis',(0.,1.,0.));
#7960=DIRECTION('ref_axis',(-0.838670567945524,0.,-0.544639035014873));
#7961=DIRECTION('',(0.,-1.,0.));
#7962=DIRECTION('center_axis',(0.,0.999843479323178,0.0176922823548));
#7963=DIRECTION('ref_axis',(1.00618035749354E-13,0.0176922823548,-0.999843479323178));
#7964=DIRECTION('center_axis',(0.,1.,0.));
#7965=DIRECTION('ref_axis',(0.104528466008254,-5.42713425185514E-17,0.994521895080225));
#7966=DIRECTION('',(1.57009245868378E-15,-0.707106781186549,-0.707106781186546));
#7967=DIRECTION('center_axis',(0.,-1.,-1.11022302462516E-16));
#7968=DIRECTION('ref_axis',(0.104528466008254,-1.10414110641191E-16,0.994521895080225));
#7969=DIRECTION('',(-0.147015770277181,-0.707106781186543,-0.691654800669968));
#7970=DIRECTION('center_axis',(0.,1.,1.11022302462516E-16));
#7971=DIRECTION('ref_axis',(0.104528466008254,0.,0.994521895080225));
#7972=DIRECTION('center_axis',(-0.14701577027718,0.707106781186548,-0.691654800669963));
#7973=DIRECTION('ref_axis',(-0.978147599587923,0.,0.207911696208715));
#7974=DIRECTION('',(-0.147015770277171,-0.707106781186548,-0.691654800669965));
#7975=DIRECTION('',(0.978147599587923,2.30828352219786E-17,-0.207911696208715));
#7976=DIRECTION('',(-0.978147599587923,-2.30828352219786E-17,0.207911696208715));
#7977=DIRECTION('center_axis',(0.,-1.,0.));
#7978=DIRECTION('ref_axis',(-0.104528466008266,5.61120890143756E-17,-0.994521895080223));
#7979=DIRECTION('center_axis',(0.,1.,1.11022302462516E-16));
#7980=DIRECTION('ref_axis',(-0.104528466008266,1.10414110641191E-16,-0.994521895080223));
#7981=DIRECTION('',(-1.25607396694701E-14,-0.707106781186553,-0.707106781186542));
#7982=DIRECTION('center_axis',(0.,-1.,-1.11022302462516E-16));
#7983=DIRECTION('ref_axis',(-0.104528466008266,0.,-0.994521895080223));
#7984=DIRECTION('center_axis',(-1.60733169086038E-14,0.707106781186549,
-0.707106781186546));
#7985=DIRECTION('ref_axis',(-1.,0.,2.27311027644683E-14));
#7986=DIRECTION('',(-1.25607396694702E-14,-0.707106781186546,-0.707106781186549));
#7987=DIRECTION('',(1.,2.52365936642333E-30,-2.27311027644683E-14));
#7988=DIRECTION('',(-1.,-2.52365936642333E-30,2.27311027644683E-14));
#7989=DIRECTION('center_axis',(0.,1.,0.));
#7990=DIRECTION('ref_axis',(0.707106781186555,-3.43457725337071E-17,0.70710678118654));
#7991=DIRECTION('center_axis',(0.,-1.,-1.11022302462516E-16));
#7992=DIRECTION('ref_axis',(0.707106781186555,-7.85046229341878E-17,0.70710678118654));
#7993=DIRECTION('',(-0.707106781186543,-0.707106781186552,0.));
#7994=DIRECTION('center_axis',(0.,1.,1.11022302462516E-16));
#7995=DIRECTION('ref_axis',(0.707106781186555,0.,0.70710678118654));
#7996=DIRECTION('center_axis',(-0.707106781186549,0.707106781186546,7.85046229341885E-17));
#7997=DIRECTION('ref_axis',(1.11022302462515E-16,0.,1.));
#7998=DIRECTION('',(-0.707106781186546,-0.707106781186549,0.));
#7999=DIRECTION('',(0.,1.11022302462516E-16,-1.));
#8000=DIRECTION('',(0.,-1.11022302462516E-16,1.));
#8001=DIRECTION('center_axis',(0.,1.,0.));
#8002=DIRECTION('ref_axis',(0.707106781186548,3.43457725337076E-17,-0.707106781186548));
#8003=DIRECTION('center_axis',(0.,-1.,-1.11022302462516E-16));
#8004=DIRECTION('ref_axis',(0.707106781186548,7.85046229341887E-17,-0.707106781186548));
#8005=DIRECTION('',(0.,-0.707106781186542,0.707106781186553));
#8006=DIRECTION('center_axis',(0.,1.,1.11022302462516E-16));
#8007=DIRECTION('ref_axis',(0.707106781186548,0.,-0.707106781186548));
#8008=DIRECTION('center_axis',(0.,0.707106781186546,0.707106781186549));
#8009=DIRECTION('ref_axis',(1.,0.,0.));
#8010=DIRECTION('',(-0.577350269189621,-0.577350269189629,0.577350269189627));
#8011=DIRECTION('',(-1.,0.,0.));
#8012=DIRECTION('',(1.,0.,0.));
#8013=DIRECTION('center_axis',(0.707106781186548,6.94087687900598E-15,0.707106781186547));
#8014=DIRECTION('ref_axis',(0.707106781186547,0.,-0.707106781186548));
#8015=DIRECTION('',(9.81588221705209E-15,-1.,0.));
#8016=DIRECTION('',(0.707106781186549,-8.83177008009625E-16,-0.707106781186546));
#8017=DIRECTION('',(-9.81588221705209E-15,1.,0.));
#8018=DIRECTION('center_axis',(0.,0.,-1.));
#8019=DIRECTION('ref_axis',(1.,-1.24744160070242E-15,0.));
#8020=DIRECTION('center_axis',(0.,0.,-1.));
#8021=DIRECTION('ref_axis',(1.,-1.24744160070242E-15,0.));
#8022=DIRECTION('',(2.74766180269661E-15,0.707106781186549,-0.707106781186546));
#8023=DIRECTION('center_axis',(0.,0.,1.));
#8024=DIRECTION('ref_axis',(1.,-1.24744160070242E-15,0.));
#8025=DIRECTION('center_axis',(-1.,-9.81588221705209E-15,0.));
#8026=DIRECTION('ref_axis',(9.81588221705209E-15,-1.,0.));
#8027=DIRECTION('',(-6.94087687900527E-15,0.707106781186476,0.707106781186619));
#8028=DIRECTION('',(-9.81588221705209E-15,1.,-6.35898722291274E-21));
#8029=DIRECTION('',(0.,0.,1.));
#8030=DIRECTION('',(1.08978184443799E-30,-1.11022302462516E-16,1.));
#8031=DIRECTION('center_axis',(0.,1.,0.));
#8032=DIRECTION('ref_axis',(0.707106781186555,0.,0.70710678118654));
#8033=DIRECTION('center_axis',(3.57354164324002E-17,-0.99995168330674,-0.00983010946106412));
#8034=DIRECTION('ref_axis',(-3.39465126682684E-13,-0.00983010946106412,
0.99995168330674));
#8035=DIRECTION('',(0.,1.,0.));
#8036=DIRECTION('',(0.,-1.,0.));
#8037=DIRECTION('center_axis',(-1.,0.,0.));
#8038=DIRECTION('ref_axis',(0.,1.11022302462516E-16,-1.));
#8039=DIRECTION('',(0.,-0.0176922823548,0.999843479323178));
#8040=DIRECTION('',(0.,1.,0.));
#8041=DIRECTION('center_axis',(0.,1.,0.));
#8042=DIRECTION('ref_axis',(0.707106781186548,0.,-0.707106781186548));
#8043=DIRECTION('center_axis',(0.,-0.99995168330674,-0.00983010946106406));
#8044=DIRECTION('ref_axis',(0.,0.00983010946106406,-0.99995168330674));
#8045=DIRECTION('',(0.,-1.,0.));
#8046=DIRECTION('center_axis',(-2.27311027644683E-14,0.,-1.));
#8047=DIRECTION('ref_axis',(1.,2.52365936642333E-30,-2.27311027644683E-14));
#8048=DIRECTION('',(-1.,-4.02228045350845E-16,2.27311027644683E-14));
#8049=DIRECTION('',(0.,-1.,0.));
#8050=DIRECTION('center_axis',(0.,-1.,0.));
#8051=DIRECTION('ref_axis',(0.707106781186549,0.,0.707106781186546));
#8052=DIRECTION('center_axis',(0.,1.,0.));
#8053=DIRECTION('ref_axis',(0.707106781186549,0.,0.707106781186546));
#8054=DIRECTION('center_axis',(0.,0.999843479323178,0.0176922823548));
#8055=DIRECTION('ref_axis',(2.53725543260781E-15,-0.0176922823548,0.999843479323178));
#8056=DIRECTION('',(0.,1.,0.));
#8057=DIRECTION('center_axis',(1.,0.,0.));
#8058=DIRECTION('ref_axis',(0.,2.77555756156304E-17,-1.));
#8059=DIRECTION('',(0.,0.,-1.));
#8060=DIRECTION('',(0.,0.0176922823548,-0.999843479323178));
#8061=DIRECTION('',(0.,-1.,0.));
#8062=DIRECTION('center_axis',(0.,-1.,0.));
#8063=DIRECTION('ref_axis',(0.707106781186549,0.,-0.707106781186546));
#8064=DIRECTION('center_axis',(0.,1.,0.));
#8065=DIRECTION('ref_axis',(0.707106781186549,0.,-0.707106781186546));
#8066=DIRECTION('center_axis',(0.,0.999843479323178,0.0176922823548));
#8067=DIRECTION('ref_axis',(2.53725543260781E-15,0.0176922823548,-0.999843479323178));
#8068=DIRECTION('',(0.,1.,0.));
#8069=DIRECTION('center_axis',(2.54806768741959E-16,0.,-1.));
#8070=DIRECTION('ref_axis',(-1.,-2.22490298234907E-19,-2.54806768741959E-16));
#8071=DIRECTION('',(-1.,0.,-2.54806768741959E-16));
#8072=DIRECTION('',(-1.,4.50881902190195E-18,-2.54806768741959E-16));
#8073=DIRECTION('',(0.,-1.,0.));
#8074=DIRECTION('center_axis',(0.,-1.,0.));
#8075=DIRECTION('ref_axis',(0.707106781186549,0.,-0.707106781186546));
#8076=DIRECTION('center_axis',(0.,1.,0.));
#8077=DIRECTION('ref_axis',(0.707106781186549,0.,-0.707106781186546));
#8078=DIRECTION('center_axis',(0.,0.999843479323178,0.0176922823548));
#8079=DIRECTION('ref_axis',(2.53725543260781E-15,0.0176922823548,-0.999843479323178));
#8080=DIRECTION('',(0.,1.,0.));
#8081=DIRECTION('center_axis',(-0.20791169081795,0.,-0.978147600733765));
#8082=DIRECTION('ref_axis',(-0.978147600733765,2.29948092582849E-17,0.20791169081795));
#8083=DIRECTION('',(-0.978147600733765,0.,0.20791169081795));
#8084=DIRECTION('',(0.,1.,0.));
#8085=DIRECTION('',(-0.978140981137587,-0.00367898328204414,0.207910283779347));
#8086=DIRECTION('',(0.,1.,0.));
#8087=DIRECTION('center_axis',(0.,-1.,0.));
#8088=DIRECTION('ref_axis',(-0.329571313299637,0.,0.944130684518808));
#8089=DIRECTION('center_axis',(0.,-1.,0.));
#8090=DIRECTION('ref_axis',(-0.329571313299637,0.,0.944130684518808));
#8091=DIRECTION('center_axis',(0.,-0.999843479323178,-0.0176922823548));
#8092=DIRECTION('ref_axis',(4.87628778454314E-15,-0.0176922823548,0.999843479323178));
#8093=DIRECTION('',(0.,1.,0.));
#8094=DIRECTION('center_axis',(0.622316779246697,0.,-0.782765498899905));
#8095=DIRECTION('ref_axis',(-0.782765498899905,-1.11084393639909E-17,-0.622316779246697));
#8096=DIRECTION('',(-0.782765498899905,0.,-0.622316779246697));
#8097=DIRECTION('',(-0.782718043144361,0.0110112601604276,-0.622279050817189));
#8098=DIRECTION('',(0.,-1.,0.));
#8099=DIRECTION('center_axis',(0.,-1.,0.));
#8100=DIRECTION('ref_axis',(0.279707665076087,0.,-0.960085216060368));
#8101=DIRECTION('center_axis',(0.,1.,0.));
#8102=DIRECTION('ref_axis',(0.279707665076087,0.,-0.960085216060368));
#8103=DIRECTION('center_axis',(0.,0.999843479323178,0.0176922823548));
#8104=DIRECTION('ref_axis',(2.19631173385114E-14,0.0176922823548,-0.999843479323178));
#8105=DIRECTION('',(0.,1.,0.));
#8106=DIRECTION('center_axis',(-0.104528463268029,0.,-0.994521895368234));
#8107=DIRECTION('ref_axis',(-0.994521895368234,-1.50987865552207E-17,0.104528463268029));
#8108=DIRECTION('',(-0.994521895368234,0.,0.104528463268029));
#8109=DIRECTION('',(-0.994520194165561,-0.00184963342868356,0.104528284464423));
#8110=DIRECTION('',(0.,-1.,0.));
#8111=DIRECTION('',(-0.994521895368234,-1.1604990664885E-17,0.104528463268029));
#8112=DIRECTION('',(0.,1.,0.));
#8113=DIRECTION('center_axis',(0.,-1.,0.));
#8114=DIRECTION('ref_axis',(-0.196284971675156,0.,0.980546893266448));
#8115=DIRECTION('center_axis',(0.,-1.,-1.11022302462516E-16));
#8116=DIRECTION('ref_axis',(-0.196284971675156,0.,0.980546893266448));
#8117=DIRECTION('center_axis',(0.,-0.999843479323178,-0.0176922823548));
#8118=DIRECTION('ref_axis',(5.78811395563658E-14,-0.0176922823548,0.999843479323178));
#8119=DIRECTION('',(0.,1.,0.));
#8120=DIRECTION('center_axis',(0.479298495668398,0.,-0.877651953823388));
#8121=DIRECTION('ref_axis',(-0.877651953823388,1.17695514722381E-16,-0.479298495668398));
#8122=DIRECTION('',(-0.877651953823388,5.32128225559256E-17,-0.479298495668398));
#8123=DIRECTION('',(-0.877620390355169,0.00848090678823621,-0.479281258399377));
#8124=DIRECTION('',(0.,-1.,0.));
#8125=DIRECTION('center_axis',(-0.173648177667027,0.,-0.984807753012191));
#8126=DIRECTION('ref_axis',(-0.984807753012191,-1.75535004283981E-17,0.173648177667027));
#8127=DIRECTION('',(-0.984807753012191,0.,0.173648177667027));
#8128=DIRECTION('',(0.,1.,0.));
#8129=DIRECTION('',(-0.984803103980204,-0.00307269902736851,0.173647357917254));
#8130=DIRECTION('',(0.,-1.,0.));
#8131=DIRECTION('center_axis',(0.,-1.,0.));
#8132=DIRECTION('ref_axis',(-0.626532187896456,0.,-0.779395546259843));
#8133=DIRECTION('center_axis',(0.,1.,0.));
#8134=DIRECTION('ref_axis',(-0.626532187896456,0.,-0.779395546259843));
#8135=DIRECTION('center_axis',(0.,0.999843479323178,0.0176922823548));
#8136=DIRECTION('ref_axis',(-9.75257556908629E-15,0.0176922823548,-0.999843479323178));
#8137=DIRECTION('',(0.,1.,0.));
#8138=DIRECTION('center_axis',(-0.924475977590372,0.,-0.381240300674425));
#8139=DIRECTION('ref_axis',(-0.381240300674425,5.33723493398177E-18,0.924475977590372));
#8140=DIRECTION('',(-0.381240300674425,0.,0.924475977590372));
#8141=DIRECTION('',(-0.38118929991992,-0.0163564621000352,0.924352305008286));
#8142=DIRECTION('',(0.,-1.,0.));
#8143=DIRECTION('center_axis',(0.,-1.,0.));
#8144=DIRECTION('ref_axis',(0.640039091859674,0.,0.768342346152705));
#8145=DIRECTION('center_axis',(0.,-1.,0.));
#8146=DIRECTION('ref_axis',(0.640039091859674,0.,0.768342346152705));
#8147=DIRECTION('center_axis',(0.,-0.999843479323178,-0.0176922823548));
#8148=DIRECTION('ref_axis',(1.21312525371561E-14,-0.0176922823548,0.999843479323178));
#8149=DIRECTION('',(0.,1.,0.));
#8150=DIRECTION('center_axis',(-0.207911690821358,0.,-0.978147600733041));
#8151=DIRECTION('ref_axis',(-0.978147600733041,2.30828515221174E-17,0.207911690821358));
#8152=DIRECTION('',(-0.978147600733041,0.,0.207911690821358));
#8153=DIRECTION('',(-0.978140981136863,-0.00367898328210443,0.207910283782755));
#8154=DIRECTION('',(0.,1.,0.));
#8155=DIRECTION('center_axis',(0.,-1.,0.));
#8156=DIRECTION('ref_axis',(-0.838670567945572,0.,-0.544639035014799));
#8157=DIRECTION('center_axis',(0.,-1.,-1.11022302462516E-16));
#8158=DIRECTION('ref_axis',(-0.838670567945572,0.,-0.544639035014799));
#8159=DIRECTION('',(0.,-1.,0.));
#8160=DIRECTION('center_axis',(0.,0.999843479323178,0.0176922823548));
#8161=DIRECTION('ref_axis',(1.78083615676161E-13,0.0176922823548,-0.999843479323178));
#8162=DIRECTION('',(0.,1.,0.));
#8163=DIRECTION('center_axis',(-0.207902381670468,0.,-0.978149579407847));
#8164=DIRECTION('ref_axis',(-0.978149579407847,-1.15526955827594E-16,0.207902381670468));
#8165=DIRECTION('',(-0.978149579407847,0.,0.207902381670468));
#8166=DIRECTION('',(-0.978142960391038,-0.00367881855953956,0.207900974820854));
#8167=DIRECTION('',(0.,1.,0.));
#8168=DIRECTION('center_axis',(-0.978147600733765,0.,0.20791169081795));
#8169=DIRECTION('ref_axis',(0.20791169081795,-3.0181679296498E-17,0.978147600733765));
#8170=DIRECTION('',(0.20791169081795,0.,0.978147600733765));
#8171=DIRECTION('',(0.,1.,0.));
#8172=DIRECTION('',(0.207880554745947,-0.0173057806183341,0.978001117031932));
#8173=DIRECTION('center_axis',(-0.978147998905899,0.,0.20790981755652));
#8174=DIRECTION('ref_axis',(0.20790981755652,3.84656080177932E-18,0.978147998905899));
#8175=DIRECTION('',(0.20790981755652,0.,0.978147998905899));
#8176=DIRECTION('',(0.,1.,0.));
#8177=DIRECTION('',(0.207878681739707,-0.0173057876608458,0.978001515025207));
#8178=DIRECTION('center_axis',(-0.20791169081795,0.,-0.978147600733765));
#8179=DIRECTION('ref_axis',(-0.978147600733765,2.30828346234835E-17,0.20791169081795));
#8180=DIRECTION('',(-0.978147600733765,0.,0.20791169081795));
#8181=DIRECTION('',(-0.978140981137587,-0.00367898328204413,0.207910283779347));
#8182=DIRECTION('',(0.978147600733765,2.30828346234835E-17,-0.20791169081795));
#8183=DIRECTION('',(0.,-1.,0.));
#8184=DIRECTION('center_axis',(-0.207912158285053,0.,-0.978147501370448));
#8185=DIRECTION('ref_axis',(-0.978147501370448,-7.50191450274886E-18,0.207912158285053));
#8186=DIRECTION('',(-0.978147501370448,0.,0.207912158285053));
#8187=DIRECTION('',(-0.978140881745176,-0.00367899155373088,0.207910751236959));
#8188=DIRECTION('',(0.,1.,0.));
#8189=DIRECTION('center_axis',(0.,-1.,0.));
#8190=DIRECTION('ref_axis',(0.161944807105797,0.,-0.986799817314265));
#8191=DIRECTION('center_axis',(0.,1.,0.));
#8192=DIRECTION('ref_axis',(0.161944807105797,0.,-0.986799817314265));
#8193=DIRECTION('',(0.,-1.,0.));
#8194=DIRECTION('center_axis',(0.,1.,1.11022302462516E-16));
#8195=DIRECTION('ref_axis',(0.161944807105797,0.,-0.986799817314265));
#8196=DIRECTION('center_axis',(0.,0.999843479323178,0.0176922823548));
#8197=DIRECTION('ref_axis',(1.27457440872408E-14,0.0176922823548,-0.999843479323178));
#8198=DIRECTION('center_axis',(0.,-1.,-1.11022302462516E-16));
#8199=DIRECTION('ref_axis',(1.,0.,0.));
#8200=DIRECTION('center_axis',(0.,-1.,-1.11022302462516E-16));
#8201=DIRECTION('ref_axis',(1.,0.,0.));
#8202=DIRECTION('center_axis',(0.,1.,0.));
#8203=DIRECTION('ref_axis',(1.,0.,0.));
#8204=DIRECTION('center_axis',(0.,1.,0.));
#8205=DIRECTION('ref_axis',(1.,0.,0.));
#8206=DIRECTION('center_axis',(0.,-1.,-1.11022302462516E-16));
#8207=DIRECTION('ref_axis',(1.,0.,0.));
#8208=DIRECTION('center_axis',(0.,-1.,-1.11022302462516E-16));
#8209=DIRECTION('ref_axis',(1.,0.,0.));
#8210=DIRECTION('center_axis',(0.,1.,0.));
#8211=DIRECTION('ref_axis',(1.,0.,0.));
#8212=DIRECTION('',(0.,-1.,0.));
#8213=DIRECTION('center_axis',(0.,1.,0.));
#8214=DIRECTION('ref_axis',(1.,0.,0.));
#8215=DIRECTION('center_axis',(0.,-1.,-1.11022302462516E-16));
#8216=DIRECTION('ref_axis',(1.,0.,0.));
#8217=DIRECTION('center_axis',(0.,-1.,-1.11022302462516E-16));
#8218=DIRECTION('ref_axis',(1.,0.,0.));
#8219=DIRECTION('center_axis',(0.,1.,0.));
#8220=DIRECTION('ref_axis',(1.,0.,0.));
#8221=DIRECTION('',(0.,-1.,0.));
#8222=DIRECTION('center_axis',(0.,1.,0.));
#8223=DIRECTION('ref_axis',(1.,0.,0.));
#8224=DIRECTION('center_axis',(0.,-1.,-1.11022302462516E-16));
#8225=DIRECTION('ref_axis',(1.,0.,0.));
#8226=DIRECTION('center_axis',(0.,-1.,-1.11022302462516E-16));
#8227=DIRECTION('ref_axis',(1.,0.,0.));
#8228=DIRECTION('center_axis',(0.,1.,0.));
#8229=DIRECTION('ref_axis',(1.,0.,0.));
#8230=DIRECTION('',(0.,-1.,0.));
#8231=DIRECTION('center_axis',(0.,1.,0.));
#8232=DIRECTION('ref_axis',(1.,0.,0.));
#8233=DIRECTION('center_axis',(0.,-1.,-1.11022302462516E-16));
#8234=DIRECTION('ref_axis',(1.,0.,0.));
#8235=DIRECTION('center_axis',(0.,-1.,-1.11022302462516E-16));
#8236=DIRECTION('ref_axis',(1.,0.,0.));
#8237=DIRECTION('center_axis',(0.,1.,0.));
#8238=DIRECTION('ref_axis',(1.,0.,0.));
#8239=DIRECTION('',(0.,-1.,0.));
#8240=DIRECTION('center_axis',(0.,1.,0.));
#8241=DIRECTION('ref_axis',(1.,0.,0.));
#8242=DIRECTION('center_axis',(0.,-1.,-1.11022302462516E-16));
#8243=DIRECTION('ref_axis',(1.,0.,0.));
#8244=DIRECTION('center_axis',(0.,-1.,-1.11022302462516E-16));
#8245=DIRECTION('ref_axis',(1.,0.,0.));
#8246=DIRECTION('center_axis',(0.,-1.,0.));
#8247=DIRECTION('ref_axis',(1.,0.,0.));
#8248=DIRECTION('center_axis',(0.,1.,0.));
#8249=DIRECTION('ref_axis',(1.,0.,0.));
#8250=DIRECTION('',(0.,1.,0.));
#8251=DIRECTION('center_axis',(0.,-1.,-1.11022302462516E-16));
#8252=DIRECTION('ref_axis',(1.,0.,0.));
#8253=DIRECTION('center_axis',(0.,-1.,-1.11022302462516E-16));
#8254=DIRECTION('ref_axis',(1.,0.,0.));
#8255=DIRECTION('center_axis',(0.,-1.,0.));
#8256=DIRECTION('ref_axis',(1.,0.,0.));
#8257=DIRECTION('center_axis',(0.,1.,0.));
#8258=DIRECTION('ref_axis',(1.,0.,0.));
#8259=DIRECTION('',(0.,1.,0.));
#8260=DIRECTION('center_axis',(6.47826357560058E-7,0.,-0.99999999999979));
#8261=DIRECTION('ref_axis',(0.99999999999979,-7.19231738122225E-23,6.47826357560058E-7));
#8262=DIRECTION('',(0.99999999999979,-7.19231738122225E-23,6.47826357560058E-7));
#8263=DIRECTION('',(0.,-1.,0.));
#8264=DIRECTION('',(0.99999999999979,-7.19231738122225E-23,6.47826357560058E-7));
#8265=DIRECTION('',(0.,1.,0.));
#8266=DIRECTION('',(-0.99999999999979,7.19231738122225E-23,-6.47826357560058E-7));
#8267=DIRECTION('center_axis',(-6.47826357560058E-7,0.,0.99999999999979));
#8268=DIRECTION('ref_axis',(0.99999999999979,-1.24744160070216E-15,6.47826357560058E-7));
#8269=DIRECTION('center_axis',(-4.18937906290637E-6,0.,-0.999999999991225));
#8270=DIRECTION('ref_axis',(0.999999999991225,4.65114509452121E-22,-4.18937906290637E-6));
#8271=DIRECTION('',(0.999999999991225,4.65114509452121E-22,-4.18937906290637E-6));
#8272=DIRECTION('',(0.,1.,0.));
#8273=DIRECTION('',(0.999999999991225,4.65114509452121E-22,-4.18937906290637E-6));
#8274=DIRECTION('center_axis',(0.,1.,0.));
#8275=DIRECTION('ref_axis',(0.473700528865925,0.,-0.880685987711933));
#8276=DIRECTION('center_axis',(0.,-1.,-1.11022302462516E-16));
#8277=DIRECTION('ref_axis',(0.473700528865925,0.,-0.880685987711933));
#8278=DIRECTION('',(0.,-1.,0.));
#8279=DIRECTION('center_axis',(0.,-1.,-1.11022302462516E-16));
#8280=DIRECTION('ref_axis',(0.473700528865925,9.77757861022535E-17,-0.880685987711933));
#8281=DIRECTION('center_axis',(0.,1.,0.));
#8282=DIRECTION('ref_axis',(-0.473684707883174,0.,0.880694497267714));
#8283=DIRECTION('center_axis',(0.,1.,1.11022302462516E-16));
#8284=DIRECTION('ref_axis',(-0.473684707883174,0.,0.880694497267714));
#8285=DIRECTION('',(0.,-1.,0.));
#8286=DIRECTION('center_axis',(0.,1.,1.11022302462516E-16));
#8287=DIRECTION('ref_axis',(-0.473684707883174,-9.77767308527293E-17,0.880694497267714));
#8288=DIRECTION('center_axis',(0.,1.,0.));
#8289=DIRECTION('ref_axis',(0.613784612277578,0.,-0.789473526935048));
#8290=DIRECTION('center_axis',(0.,-1.,-1.11022302462516E-16));
#8291=DIRECTION('ref_axis',(0.613784612277578,0.,-0.789473526935048));
#8292=DIRECTION('',(0.,-1.,0.));
#8293=DIRECTION('center_axis',(0.,-1.,-1.11022302462516E-16));
#8294=DIRECTION('ref_axis',(0.613784612277578,8.76491686935318E-17,-0.789473526935048));
#8295=DIRECTION('center_axis',(0.,1.,0.));
#8296=DIRECTION('ref_axis',(-0.61373321284922,0.,0.789513485284307));
#8297=DIRECTION('center_axis',(0.,1.,1.11022302462516E-16));
#8298=DIRECTION('ref_axis',(-0.61373321284922,0.,0.789513485284307));
#8299=DIRECTION('',(0.,-1.,0.));
#8300=DIRECTION('center_axis',(0.,1.,1.11022302462516E-16));
#8301=DIRECTION('ref_axis',(-0.61373321284922,-8.76536049614691E-17,0.789513485284307));
#8302=DIRECTION('center_axis',(8.69859988487847E-8,0.,-0.999999999999996));
#8303=DIRECTION('ref_axis',(0.999999999999996,-9.65738587419381E-24,8.69859988487847E-8));
#8304=DIRECTION('',(0.999999999999996,-9.65738587419381E-24,8.69859988487847E-8));
#8305=DIRECTION('',(0.,-1.,0.));
#8306=DIRECTION('',(0.999999999999996,-9.65738587419381E-24,8.69859988487847E-8));
#8307=DIRECTION('center_axis',(0.,1.,0.));
#8308=DIRECTION('ref_axis',(-6.46085396033838E-5,0.,0.999999997912868));
#8309=DIRECTION('center_axis',(0.,1.,1.11022302462516E-16));
#8310=DIRECTION('ref_axis',(-6.46085396033838E-5,0.,0.999999997912868));
#8311=DIRECTION('',(0.,-1.,0.));
#8312=DIRECTION('center_axis',(0.,1.,1.11022302462516E-16));
#8313=DIRECTION('ref_axis',(-6.46085396033838E-5,-1.11022302230797E-16,
0.999999997912868));
#8314=DIRECTION('center_axis',(0.,1.,0.));
#8315=DIRECTION('ref_axis',(0.613786925576247,0.,-0.789471728430891));
#8316=DIRECTION('center_axis',(0.,-1.,-1.11022302462516E-16));
#8317=DIRECTION('ref_axis',(0.613786925576247,0.,-0.789471728430891));
#8318=DIRECTION('',(0.,-1.,0.));
#8319=DIRECTION('center_axis',(0.,-1.,-1.11022302462516E-16));
#8320=DIRECTION('ref_axis',(0.613786925576247,8.76489690194594E-17,-0.789471728430891));
#8321=DIRECTION('center_axis',(0.,1.,0.));
#8322=DIRECTION('ref_axis',(-0.613764691830403,0.,0.789489013895906));
#8323=DIRECTION('center_axis',(0.,1.,1.11022302462516E-16));
#8324=DIRECTION('ref_axis',(-0.613764691830403,0.,0.789489013895906));
#8325=DIRECTION('',(0.,-1.,0.));
#8326=DIRECTION('center_axis',(0.,1.,1.11022302462516E-16));
#8327=DIRECTION('ref_axis',(-0.613764691830403,-8.76508880915844E-17,0.789489013895906));
#8328=DIRECTION('center_axis',(-1.07018088306195E-7,0.,-0.999999999999994));
#8329=DIRECTION('ref_axis',(0.999999999999994,1.18813945688906E-23,-1.07018088306195E-7));
#8330=DIRECTION('',(0.999999999999994,1.18813945688906E-23,-1.07018088306195E-7));
#8331=DIRECTION('',(0.,-1.,0.));
#8332=DIRECTION('',(0.999999999999994,1.18813945688906E-23,-1.07018088306195E-7));
#8333=DIRECTION('center_axis',(0.,1.,0.));
#8334=DIRECTION('ref_axis',(-1.34398629147583E-5,0.,0.999999999909685));
#8335=DIRECTION('center_axis',(0.,1.,1.11022302462516E-16));
#8336=DIRECTION('ref_axis',(-1.34398629147583E-5,0.,0.999999999909685));
#8337=DIRECTION('',(0.,-1.,0.));
#8338=DIRECTION('center_axis',(0.,1.,1.11022302462516E-16));
#8339=DIRECTION('ref_axis',(-1.34398629147583E-5,-1.11022302452489E-16,
0.999999999909685));
#8340=DIRECTION('center_axis',(0.,1.,0.));
#8341=DIRECTION('ref_axis',(0.473671202593381,0.,-0.880701761002974));
#8342=DIRECTION('center_axis',(0.,-1.,-1.11022302462516E-16));
#8343=DIRECTION('ref_axis',(0.473671202593381,0.,-0.880701761002974));
#8344=DIRECTION('',(0.,-1.,0.));
#8345=DIRECTION('center_axis',(0.,-1.,-1.11022302462516E-16));
#8346=DIRECTION('ref_axis',(0.473671202593381,9.77775372893423E-17,-0.880701761002974));
#8347=DIRECTION('center_axis',(0.,1.,0.));
#8348=DIRECTION('ref_axis',(-0.473670576293753,0.,0.880702097847816));
#8349=DIRECTION('center_axis',(0.,1.,1.11022302462516E-16));
#8350=DIRECTION('ref_axis',(-0.473670576293753,0.,0.880702097847816));
#8351=DIRECTION('',(0.,-1.,0.));
#8352=DIRECTION('center_axis',(0.,1.,1.11022302462516E-16));
#8353=DIRECTION('ref_axis',(-0.473670576293753,-9.77775746866322E-17,0.880702097847816));
#8354=DIRECTION('center_axis',(0.,1.,0.));
#8355=DIRECTION('ref_axis',(0.99999999999809,0.,1.95435467368286E-6));
#8356=DIRECTION('center_axis',(0.,-1.,-1.11022302462516E-16));
#8357=DIRECTION('ref_axis',(0.99999999999809,0.,1.95435467368286E-6));
#8358=DIRECTION('',(0.,-1.,0.));
#8359=DIRECTION('center_axis',(0.,-1.,-1.11022302462516E-16));
#8360=DIRECTION('ref_axis',(0.99999999999809,-2.16976955700649E-22,1.95435467368286E-6));
#8361=DIRECTION('center_axis',(0.999999999999996,0.,8.99127573633699E-8));
#8362=DIRECTION('ref_axis',(-8.99127573633699E-8,-1.11022302462515E-16,
0.999999999999996));
#8363=DIRECTION('',(-8.99127573633699E-8,-1.11022302462515E-16,0.999999999999996));
#8364=DIRECTION('',(0.,-1.,0.));
#8365=DIRECTION('',(-8.99127573633699E-8,-1.11022302462515E-16,0.999999999999996));
#8366=DIRECTION('center_axis',(0.,1.,0.));
#8367=DIRECTION('ref_axis',(-0.613779097082667,0.,0.789477814751235));
#8368=DIRECTION('center_axis',(0.,-1.,-1.11022302462516E-16));
#8369=DIRECTION('ref_axis',(-0.613779097082667,0.,0.789477814751235));
#8370=DIRECTION('',(0.,-1.,0.));
#8371=DIRECTION('center_axis',(0.,-1.,-1.11022302462516E-16));
#8372=DIRECTION('ref_axis',(-0.613779097082667,-8.76496447367575E-17,0.789477814751235));
#8373=DIRECTION('center_axis',(0.,1.,0.));
#8374=DIRECTION('ref_axis',(0.6137720163104,0.,-0.789483319642832));
#8375=DIRECTION('center_axis',(0.,1.,1.11022302462516E-16));
#8376=DIRECTION('ref_axis',(0.6137720163104,0.,-0.789483319642832));
#8377=DIRECTION('',(0.,-1.,0.));
#8378=DIRECTION('center_axis',(0.,1.,1.11022302462516E-16));
#8379=DIRECTION('ref_axis',(0.6137720163104,8.76502559024974E-17,-0.789483319642832));
#8380=DIRECTION('center_axis',(2.14040818420371E-7,0.,0.999999999999977));
#8381=DIRECTION('ref_axis',(-0.999999999999977,-2.37633044819908E-23,2.14040818420371E-7));
#8382=DIRECTION('',(-0.999999999999977,-2.37633044819908E-23,2.14040818420371E-7));
#8383=DIRECTION('',(0.,-1.,0.));
#8384=DIRECTION('',(-0.999999999999977,-2.37633044819908E-23,2.14040818420371E-7));
#8385=DIRECTION('center_axis',(0.,1.,0.));
#8386=DIRECTION('ref_axis',(-4.37970078444149E-5,0.,-0.999999999040911));
#8387=DIRECTION('center_axis',(0.,1.,1.11022302462516E-16));
#8388=DIRECTION('ref_axis',(-4.37970078444149E-5,0.,-0.999999999040911));
#8389=DIRECTION('',(0.,-1.,0.));
#8390=DIRECTION('center_axis',(0.,1.,1.11022302462516E-16));
#8391=DIRECTION('ref_axis',(-4.37970078444149E-5,1.11022302356035E-16,-0.999999999040911));
#8392=DIRECTION('center_axis',(0.,1.,0.));
#8393=DIRECTION('ref_axis',(-0.473657069651873,0.,0.880709362030858));
#8394=DIRECTION('center_axis',(0.,-1.,-1.11022302462516E-16));
#8395=DIRECTION('ref_axis',(-0.473657069651873,0.,0.880709362030858));
#8396=DIRECTION('',(0.,-1.,0.));
#8397=DIRECTION('center_axis',(0.,-1.,-1.11022302462516E-16));
#8398=DIRECTION('ref_axis',(-0.473657069651873,-9.7778381172959E-17,0.880709362030858));
#8399=DIRECTION('center_axis',(0.,1.,0.));
#8400=DIRECTION('ref_axis',(0.473696432426225,0.,-0.880688191079378));
#8401=DIRECTION('center_axis',(0.,1.,1.11022302462516E-16));
#8402=DIRECTION('ref_axis',(0.473696432426225,0.,-0.880688191079378));
#8403=DIRECTION('',(0.,-1.,0.));
#8404=DIRECTION('center_axis',(0.,1.,1.11022302462516E-16));
#8405=DIRECTION('ref_axis',(0.473696432426225,9.77760307251804E-17,-0.880688191079378));
#8406=DIRECTION('center_axis',(0.,1.,0.));
#8407=DIRECTION('ref_axis',(-0.613768190255766,0.,0.789486294136992));
#8408=DIRECTION('center_axis',(0.,-1.,-1.11022302462516E-16));
#8409=DIRECTION('ref_axis',(-0.613768190255766,0.,0.789486294136992));
#8410=DIRECTION('',(0.,-1.,0.));
#8411=DIRECTION('center_axis',(0.,-1.,-1.11022302462516E-16));
#8412=DIRECTION('ref_axis',(-0.613768190255766,-8.76505861376877E-17,0.789486294136992));
#8413=DIRECTION('center_axis',(0.,1.,0.));
#8414=DIRECTION('ref_axis',(0.613808107834522,0.,-0.789455259502782));
#8415=DIRECTION('center_axis',(0.,1.,1.11022302462516E-16));
#8416=DIRECTION('ref_axis',(0.613808107834522,0.,-0.789455259502781));
#8417=DIRECTION('',(0.,-1.,0.));
#8418=DIRECTION('center_axis',(0.,1.,1.11022302462516E-16));
#8419=DIRECTION('ref_axis',(0.613808107834522,8.76471406011415E-17,-0.789455259502782));
#8420=DIRECTION('center_axis',(9.23733507887511E-5,0.,0.999999995733582));
#8421=DIRECTION('ref_axis',(-0.999999995733582,-1.02555020907448E-20,9.23733507887511E-5));
#8422=DIRECTION('',(-0.999999995733582,-1.02555020907448E-20,9.23733507887511E-5));
#8423=DIRECTION('',(0.,-1.,0.));
#8424=DIRECTION('',(-0.999999995733582,-1.02555020907448E-20,9.23733507887511E-5));
#8425=DIRECTION('center_axis',(0.,1.,0.));
#8426=DIRECTION('ref_axis',(3.78314435053078E-5,0.,-0.999999999284391));
#8427=DIRECTION('center_axis',(0.,1.,1.11022302462516E-16));
#8428=DIRECTION('ref_axis',(3.78314435053078E-5,0.,-0.999999999284391));
#8429=DIRECTION('',(0.,-1.,0.));
#8430=DIRECTION('center_axis',(0.,1.,1.11022302462516E-16));
#8431=DIRECTION('ref_axis',(3.78314435053078E-5,1.11022302383067E-16,-0.999999999284391));
#8432=DIRECTION('center_axis',(0.207911641460977,0.,0.978147611224912));
#8433=DIRECTION('ref_axis',(-0.978147611224912,-2.30828291437586E-17,0.207911641460977));
#8434=DIRECTION('',(-0.978147611224912,-2.30828291437586E-17,0.207911641460977));
#8435=DIRECTION('',(0.,-1.,0.));
#8436=DIRECTION('',(-0.978147611224912,-2.30828291437586E-17,0.207911641460977));
#8437=DIRECTION('center_axis',(0.,1.,0.));
#8438=DIRECTION('ref_axis',(-0.207904204391588,0.,-0.978149191992868));
#8439=DIRECTION('center_axis',(0.,1.,1.11022302462516E-16));
#8440=DIRECTION('ref_axis',(-0.207904204391588,0.,-0.978149191992868));
#8441=DIRECTION('',(0.,-1.,0.));
#8442=DIRECTION('center_axis',(0.,1.,1.11022302462516E-16));
#8443=DIRECTION('ref_axis',(-0.207904204391588,1.08596375446897E-16,-0.978149191992868));
#8444=DIRECTION('center_axis',(0.,1.,0.));
#8445=DIRECTION('ref_axis',(-0.613746695962148,0.,0.789503003918001));
#8446=DIRECTION('center_axis',(0.,-1.,-1.11022302462516E-16));
#8447=DIRECTION('ref_axis',(-0.613746695962148,0.,0.789503003918001));
#8448=DIRECTION('',(0.,-1.,0.));
#8449=DIRECTION('center_axis',(0.,-1.,-1.11022302462516E-16));
#8450=DIRECTION('ref_axis',(-0.613746695962148,-8.76524412960489E-17,0.789503003918001));
#8451=DIRECTION('center_axis',(0.,1.,0.));
#8452=DIRECTION('ref_axis',(0.613799839253857,0.,-0.789461688324354));
#8453=DIRECTION('center_axis',(0.,1.,1.11022302462516E-16));
#8454=DIRECTION('ref_axis',(0.613799839253857,0.,-0.789461688324354));
#8455=DIRECTION('',(0.,-1.,0.));
#8456=DIRECTION('center_axis',(0.,1.,1.11022302462516E-16));
#8457=DIRECTION('ref_axis',(0.613799839253857,8.76478543437146E-17,-0.789461688324354));
#8458=DIRECTION('center_axis',(0.,1.,0.));
#8459=DIRECTION('ref_axis',(0.613799839253857,4.1305166007848E-17,-0.789461688324354));
#8460=DIRECTION('',(1.29933825183083E-5,-0.707106781186545,0.70710678106717));
#8461=DIRECTION('',(-0.433984450645674,-0.707106781186546,0.558262927837568));
#8462=DIRECTION('center_axis',(0.,-1.,-1.11022302462516E-16));
#8463=DIRECTION('ref_axis',(0.613799839253857,8.76478543437146E-17,-0.789461688324354));
#8464=DIRECTION('center_axis',(0.,-1.,0.));
#8465=DIRECTION('ref_axis',(-0.613746695962148,-4.59535815721328E-17,0.789503003918001));
#8466=DIRECTION('',(0.415400266489985,-0.707106781186558,0.572226020554846));
#8467=DIRECTION('center_axis',(0.,1.,1.11022302462516E-16));
#8468=DIRECTION('ref_axis',(-0.613746695962148,-8.76524412960489E-17,0.789503003918001));
#8469=DIRECTION('center_axis',(0.,1.,0.));
#8470=DIRECTION('ref_axis',(-0.207904204391588,5.11775208405546E-17,-0.978149191992868));
#8471=DIRECTION('',(0.147015731564681,-0.707106781186555,0.691654808898551));
#8472=DIRECTION('center_axis',(0.,-1.,-1.11022302462516E-16));
#8473=DIRECTION('ref_axis',(-0.207904204391588,1.08596375446897E-16,-0.978149191992868));
#8474=DIRECTION('center_axis',(0.147015731564684,0.70710678118654,0.691654808898565));
#8475=DIRECTION('ref_axis',(0.978147611224912,0.,-0.207911641460977));
#8476=DIRECTION('',(0.147045226703992,-0.707106781186547,0.691648538857398));
#8477=DIRECTION('',(0.978147611224912,2.30828291437586E-17,-0.207911641460977));
#8478=DIRECTION('center_axis',(0.,1.,0.));
#8479=DIRECTION('ref_axis',(3.78314435053077E-5,5.23195989632392E-17,-0.999999999284391));
#8480=DIRECTION('',(6.53178227513147E-5,-0.707106781186552,0.70710677816973));
#8481=DIRECTION('center_axis',(0.,-1.,-1.11022302462516E-16));
#8482=DIRECTION('ref_axis',(3.78314435053078E-5,1.11022302383067E-16,-0.999999999284391));
#8483=DIRECTION('center_axis',(6.531782274365E-5,0.707106781186543,0.707106778169739));
#8484=DIRECTION('ref_axis',(0.999999995733582,0.,-9.23733507887511E-5));
#8485=DIRECTION('',(1.73670322313674E-5,-0.707106781186553,0.707106780973269));
#8486=DIRECTION('',(0.999999995733582,1.02555020907448E-20,-9.23733507887511E-5));
#8487=DIRECTION('center_axis',(0.,1.,0.));
#8488=DIRECTION('ref_axis',(0.613808107834522,4.13047433672738E-17,-0.789455259502782));
#8489=DIRECTION('',(-0.433999649406449,-0.707106781186549,0.558251112238102));
#8490=DIRECTION('center_axis',(0.,-1.,-1.11022302462516E-16));
#8491=DIRECTION('ref_axis',(0.613808107834522,8.76471406011415E-17,-0.789455259502782));
#8492=DIRECTION('center_axis',(0.,-1.,0.));
#8493=DIRECTION('ref_axis',(-0.613768190255766,-4.59526689018328E-17,0.789486294136992));
#8494=DIRECTION('',(0.334954535236883,-0.707106781186555,0.622740282400483));
#8495=DIRECTION('center_axis',(0.,1.,1.11022302462516E-16));
#8496=DIRECTION('ref_axis',(-0.613768190255766,-8.76505861376877E-17,0.789486294136992));
#8497=DIRECTION('center_axis',(0.,1.,0.));
#8498=DIRECTION('ref_axis',(0.473696432426225,4.60782864703845E-17,-0.880688191079378));
#8499=DIRECTION('',(-0.334926125907789,-0.707106781186547,0.622755562146498));
#8500=DIRECTION('center_axis',(0.,-1.,-1.11022302462516E-16));
#8501=DIRECTION('ref_axis',(0.473696432426225,9.77760307251804E-17,-0.880688191079378));
#8502=DIRECTION('center_axis',(0.,-1.,0.));
#8503=DIRECTION('ref_axis',(-0.473657069651873,-5.12623464718008E-17,0.880709362030858));
#8504=DIRECTION('',(0.433988026860544,-0.70710678118655,0.558260147728358));
#8505=DIRECTION('center_axis',(0.,1.,1.11022302462516E-16));
#8506=DIRECTION('ref_axis',(-0.473657069651873,-9.7778381172959E-17,0.880709362030858));
#8507=DIRECTION('center_axis',(0.,1.,0.));
#8508=DIRECTION('ref_axis',(-4.37970078444149E-5,5.23212993259797E-17,-0.999999999040911));
#8509=DIRECTION('',(1.51349728274024E-7,-0.707106781186544,0.707106781186535));
#8510=DIRECTION('center_axis',(0.,-1.,-1.11022302462516E-16));
#8511=DIRECTION('ref_axis',(-4.37970078444149E-5,1.11022302356035E-16,-0.999999999040911));
#8512=DIRECTION('center_axis',(1.51349714155762E-7,0.707106781186551,0.707106781186528));
#8513=DIRECTION('ref_axis',(0.999999999999977,0.,-2.14040818420371E-7));
#8514=DIRECTION('',(-1.34790669025855E-5,-0.707106781186546,0.707106781058078));
#8515=DIRECTION('',(0.999999999999977,2.37633044819908E-23,-2.14040818420371E-7));
#8516=DIRECTION('center_axis',(0.,1.,0.));
#8517=DIRECTION('ref_axis',(0.6137720163104,4.13065815972943E-17,-0.789483319642832));
#8518=DIRECTION('',(-0.434007361697707,-0.707106781186552,0.558245116406932));
#8519=DIRECTION('center_axis',(0.,-1.,-1.11022302462516E-16));
#8520=DIRECTION('ref_axis',(0.6137720163104,8.76502559024974E-17,-0.789483319642832));
#8521=DIRECTION('center_axis',(0.,-1.,0.));
#8522=DIRECTION('ref_axis',(-0.613779097082667,-4.59522377991351E-17,0.789477814751236));
#8523=DIRECTION('',(0.707106781186551,-0.707106781186541,6.35779423405766E-8));
#8524=DIRECTION('center_axis',(0.,1.,1.11022302462516E-16));
#8525=DIRECTION('ref_axis',(-0.613779097082667,-8.76496447367575E-17,0.789477814751235));
#8526=DIRECTION('center_axis',(0.707106781186538,0.707106781186554,6.35779205253236E-8));
#8527=DIRECTION('ref_axis',(8.99127574743922E-8,0.,-0.999999999999996));
#8528=DIRECTION('',(0.707106781185203,-0.707106781186542,1.38193743944137E-6));
#8529=DIRECTION('',(8.99127573633699E-8,1.11022302462515E-16,-0.999999999999996));
#8530=DIRECTION('center_axis',(0.,-1.,0.));
#8531=DIRECTION('ref_axis',(0.99999999999809,-1.13754913438373E-22,1.95435467368286E-6));
#8532=DIRECTION('',(-0.33493621646398,-0.707106781186542,-0.622750135207373));
#8533=DIRECTION('center_axis',(0.,1.,1.11022302462516E-16));
#8534=DIRECTION('ref_axis',(0.99999999999809,-2.16976955700649E-22,1.95435467368286E-6));
#8535=DIRECTION('center_axis',(0.,1.,0.));
#8536=DIRECTION('ref_axis',(-0.473670576293753,-4.6079176195179E-17,0.880702097847816));
#8537=DIRECTION('',(0.334936119406566,-0.70710678118654,-0.622750187408147));
#8538=DIRECTION('center_axis',(0.,-1.,-1.11022302462516E-16));
#8539=DIRECTION('ref_axis',(-0.473670576293753,-9.77775746866322E-17,0.880702097847816));
#8540=DIRECTION('center_axis',(0.,-1.,0.));
#8541=DIRECTION('ref_axis',(0.473671202593381,5.12619600678696E-17,-0.880701761002974));
#8542=DIRECTION('',(-0.434019725206783,-0.707106781186538,-0.55823550418389));
#8543=DIRECTION('center_axis',(0.,1.,1.11022302462516E-16));
#8544=DIRECTION('ref_axis',(0.473671202593381,9.77775372893423E-17,-0.880701761002974));
#8545=DIRECTION('center_axis',(0.,1.,0.));
#8546=DIRECTION('ref_axis',(-1.34398629147583E-5,-5.2320705950421E-17,0.999999999909685));
#8547=DIRECTION('',(-7.56732061193761E-8,-0.707106781186546,-0.707106781186544));
#8548=DIRECTION('center_axis',(0.,-1.,-1.11022302462516E-16));
#8549=DIRECTION('ref_axis',(-1.34398629147583E-5,-1.11022302452489E-16,
0.999999999909685));
#8550=DIRECTION('center_axis',(-7.56732159509311E-8,0.707106781186549,-0.707106781186542));
#8551=DIRECTION('ref_axis',(-0.999999999999994,0.,1.07018088306195E-7));
#8552=DIRECTION('',(1.89089340693383E-5,-0.707106781186531,-0.70710678093374));
#8553=DIRECTION('',(-0.999999999999994,-1.18813945688906E-23,1.07018088306195E-7));
#8554=DIRECTION('center_axis',(0.,1.,0.));
#8555=DIRECTION('ref_axis',(-0.613764691830403,-4.13069447753929E-17,0.789489013895906));
#8556=DIRECTION('',(0.434012897278612,-0.707106781186545,-0.558240812728548));
#8557=DIRECTION('center_axis',(0.,-1.,-1.11022302462516E-16));
#8558=DIRECTION('ref_axis',(-0.613764691830403,-8.76508880915844E-17,0.789489013895906));
#8559=DIRECTION('center_axis',(0.,-1.,0.));
#8560=DIRECTION('ref_axis',(0.613786925576247,4.5951893319311E-17,-0.789471728430891));
#8561=DIRECTION('',(-0.434049331006869,-0.707106781186538,-0.558212484859039));
#8562=DIRECTION('center_axis',(0.,1.,1.11022302462516E-16));
#8563=DIRECTION('ref_axis',(0.613786925576247,8.76489690194593E-17,-0.789471728430891));
#8564=DIRECTION('center_axis',(0.,1.,0.));
#8565=DIRECTION('ref_axis',(-6.46085396033838E-5,-5.23201716447938E-17,
0.999999997912868));
#8566=DIRECTION('',(6.15083846296771E-8,-0.707106781186553,-0.707106781186539));
#8567=DIRECTION('center_axis',(0.,-1.,-1.11022302462516E-16));
#8568=DIRECTION('ref_axis',(-6.46085396033838E-5,-1.11022302230797E-16,
0.999999997912868));
#8569=DIRECTION('center_axis',(6.15083896542614E-8,0.707106781186542,-0.707106781186551));
#8570=DIRECTION('ref_axis',(-0.999999999999996,0.,-8.69859988487848E-8));
#8571=DIRECTION('',(4.39349392386123E-5,-0.707106781186544,-0.707106779821637));
#8572=DIRECTION('',(-0.999999999999996,9.65738587419381E-24,-8.69859988487847E-8));
#8573=DIRECTION('center_axis',(0.,1.,0.));
#8574=DIRECTION('ref_axis',(-0.61373321284922,-4.1308534418315E-17,0.789513485284307));
#8575=DIRECTION('',(0.434011261529436,-0.707106781186539,-0.558242084463039));
#8576=DIRECTION('center_axis',(0.,-1.,-1.11022302462516E-16));
#8577=DIRECTION('ref_axis',(-0.61373321284922,-8.76536049614691E-17,0.789513485284307));
#8578=DIRECTION('center_axis',(0.,-1.,0.));
#8579=DIRECTION('ref_axis',(0.613784612277578,4.59520008141077E-17,-0.789473526935048));
#8580=DIRECTION('',(-0.334945552288068,-0.707106781186544,-0.622745113993234));
#8581=DIRECTION('center_axis',(0.,1.,1.11022302462516E-16));
#8582=DIRECTION('ref_axis',(0.613784612277578,8.76491686935318E-17,-0.789473526935048));
#8583=DIRECTION('center_axis',(0.,1.,0.));
#8584=DIRECTION('ref_axis',(-0.473684707883174,-4.60786864715458E-17,0.880694497267714));
#8585=DIRECTION('',(0.334956856212755,-0.707106781186534,-0.622739034007093));
#8586=DIRECTION('center_axis',(0.,-1.,-1.11022302462516E-16));
#8587=DIRECTION('ref_axis',(-0.473684707883174,-9.77767308527293E-17,0.880694497267714));
#8588=DIRECTION('center_axis',(0.,-1.,0.));
#8589=DIRECTION('ref_axis',(0.473700528865925,5.12612364248026E-17,-0.880685987711933));
#8590=DIRECTION('',(-2.96233834330279E-6,-0.707106781186542,-0.707106781180348));
#8591=DIRECTION('center_axis',(0.,1.,1.11022302462516E-16));
#8592=DIRECTION('ref_axis',(0.473700528865925,9.77757861022535E-17,-0.880685987711933));
#8593=DIRECTION('center_axis',(-2.96233834434202E-6,0.707106781186553,-0.707106781180337));
#8594=DIRECTION('ref_axis',(-0.999999999991225,0.,4.18937906290637E-6));
#8595=DIRECTION('',(4.58082406928094E-7,-0.70710678118655,-0.707106781186397));
#8596=DIRECTION('',(-0.999999999991225,-4.65114509452121E-22,4.18937906290637E-6));
#8597=DIRECTION('center_axis',(4.580824104621E-7,0.707106781186545,-0.707106781186401));
#8598=DIRECTION('ref_axis',(-0.99999999999979,0.,-6.47826357560058E-7));
#8599=DIRECTION('',(-0.99999999999979,7.19231738122225E-23,-6.47826357560058E-7));
#8600=DIRECTION('center_axis',(0.,0.,-1.));
#8601=DIRECTION('ref_axis',(1.,-1.24744160070242E-15,0.));
#8602=DIRECTION('center_axis',(2.0598663000023E-7,0.,-0.999999999999979));
#8603=DIRECTION('ref_axis',(0.999999999999979,-1.2474416007024E-15,2.0598663000023E-7));
#8604=DIRECTION('',(0.,0.,1.));
#8605=DIRECTION('center_axis',(0.,-1.,0.));
#8606=DIRECTION('ref_axis',(0.707106854013816,0.,-0.707106708359272));
#8607=DIRECTION('center_axis',(0.,1.,0.));
#8608=DIRECTION('ref_axis',(0.707106854013816,0.,-0.707106708359272));
#8609=DIRECTION('',(0.,-1.,0.));
#8610=DIRECTION('center_axis',(0.,1.,1.11022302462516E-16));
#8611=DIRECTION('ref_axis',(0.707106854013816,0.,-0.707106708359272));
#8612=DIRECTION('',(0.,1.,0.));
#8613=DIRECTION('center_axis',(-1.,0.,-1.77920356510442E-16));
#8614=DIRECTION('ref_axis',(-1.77920356510442E-16,0.,1.));
#8615=DIRECTION('',(1.77920356510442E-16,0.,-1.));
#8616=DIRECTION('',(0.,1.,0.));
#8617=DIRECTION('',(-1.77920356510442E-16,-1.11022302462516E-16,1.));
#8618=DIRECTION('center_axis',(0.,-1.,0.));
#8619=DIRECTION('ref_axis',(0.20791169081795,0.,0.978147600733765));
#8620=DIRECTION('center_axis',(0.,-1.,0.));
#8621=DIRECTION('ref_axis',(0.20791169081795,0.,0.978147600733765));
#8622=DIRECTION('center_axis',(0.,-1.,-1.11022302462516E-16));
#8623=DIRECTION('ref_axis',(0.20791169081795,0.,0.978147600733765));
#8624=DIRECTION('center_axis',(-0.978147600733733,0.,0.2079116908181));
#8625=DIRECTION('ref_axis',(0.2079116908181,1.60776159620855E-17,0.978147600733733));
#8626=DIRECTION('',(0.2079116908181,0.,0.978147600733733));
#8627=DIRECTION('',(0.,1.,0.));
#8628=DIRECTION('',(0.2079116908181,-1.08596198781644E-16,0.978147600733733));
#8629=DIRECTION('',(0.207880554746097,-0.0173057806183335,0.9780011170319));
#8630=DIRECTION('center_axis',(0.,1.,0.));
#8631=DIRECTION('ref_axis',(-0.104528463267837,0.,-0.994521895368254));
#8632=DIRECTION('center_axis',(0.,-1.,0.));
#8633=DIRECTION('ref_axis',(-0.104528463267837,0.,-0.994521895368254));
#8634=DIRECTION('',(0.,1.,0.));
#8635=DIRECTION('center_axis',(0.,-1.,-1.11022302462516E-16));
#8636=DIRECTION('ref_axis',(-0.104528463267837,0.,-0.994521895368254));
#8637=DIRECTION('center_axis',(0.,1.,0.));
#8638=DIRECTION('ref_axis',(-0.989717149286697,0.,-0.143038331952712));
#8639=DIRECTION('center_axis',(0.,1.,0.));
#8640=DIRECTION('ref_axis',(-0.989717149286697,0.,-0.143038331952712));
#8641=DIRECTION('',(0.,-1.,0.));
#8642=DIRECTION('center_axis',(0.,1.,1.11022302462516E-16));
#8643=DIRECTION('ref_axis',(-0.989717149286697,0.,-0.143038331952712));
#8644=DIRECTION('center_axis',(-0.989717149286697,0.,-0.143038331952712));
#8645=DIRECTION('ref_axis',(-0.143038331952712,0.,0.989717149286697));
#8646=DIRECTION('',(0.143038331952712,0.,-0.989717149286697));
#8647=DIRECTION('',(0.,-1.,0.));
#8648=DIRECTION('',(-0.143038331952712,-1.09880676700446E-16,0.989717149286697));
#8649=DIRECTION('center_axis',(0.,-1.,0.));
#8650=DIRECTION('ref_axis',(0.999763501036659,0.,-0.0217472295919069));
#8651=DIRECTION('center_axis',(0.,1.,0.));
#8652=DIRECTION('ref_axis',(0.999763501036659,0.,-0.0217472295919069));
#8653=DIRECTION('',(0.,-1.,0.));
#8654=DIRECTION('center_axis',(0.,1.,1.11022302462516E-16));
#8655=DIRECTION('ref_axis',(0.999763501036659,0.,-0.0217472295919069));
#8656=DIRECTION('center_axis',(-0.999999999999996,0.,-8.69565217416305E-8));
#8657=DIRECTION('ref_axis',(-8.69565217416305E-8,-1.11022302462515E-16,
0.999999999999996));
#8658=DIRECTION('',(8.69565217416305E-8,0.,-0.999999999999996));
#8659=DIRECTION('',(0.,1.,0.));
#8660=DIRECTION('',(-8.69565217416305E-8,-1.11022302462515E-16,0.999999999999996));
#8661=DIRECTION('center_axis',(-0.999738690532798,0.,-0.0228593668277649));
#8662=DIRECTION('ref_axis',(-0.0228593668277649,-1.10993291283812E-16,0.999738690532798));
#8663=DIRECTION('',(0.0228593668277649,0.,-0.999738690532798));
#8664=DIRECTION('',(0.,1.,0.));
#8665=DIRECTION('',(-0.0228593668277649,-1.10993291283812E-16,0.999738690532798));
#8666=DIRECTION('center_axis',(0.,-1.,0.));
#8667=DIRECTION('ref_axis',(0.995187329611471,0.,0.0979907086452096));
#8668=DIRECTION('center_axis',(0.,1.,0.));
#8669=DIRECTION('ref_axis',(0.995187329611471,0.,0.0979907086452096));
#8670=DIRECTION('',(0.,1.,0.));
#8671=DIRECTION('center_axis',(0.,-1.,-1.11022302462516E-16));
#8672=DIRECTION('ref_axis',(0.995187329611471,-1.08791540937247E-17,0.0979907086452096));
#8673=DIRECTION('center_axis',(-0.0227881908867588,0.,-0.999740315460024));
#8674=DIRECTION('ref_axis',(-0.999740315460024,-2.52999742120328E-18,0.0227881908867588));
#8675=DIRECTION('',(0.999740315460024,0.,-0.0227881908867588));
#8676=DIRECTION('',(0.,1.,0.));
#8677=DIRECTION('',(-0.999740315460024,-2.52999742120328E-18,0.0227881908867588));
#8678=DIRECTION('center_axis',(0.,-1.,0.));
#8679=DIRECTION('ref_axis',(-0.707106781186549,0.,0.707106781186546));
#8680=DIRECTION('center_axis',(0.,1.,0.));
#8681=DIRECTION('ref_axis',(-0.707106781186549,0.,0.707106781186546));
#8682=DIRECTION('',(0.,-1.,0.));
#8683=DIRECTION('center_axis',(0.,0.999843479323178,0.0176922823548));
#8684=DIRECTION('ref_axis',(-2.53725543260781E-15,-0.0176922823548,0.999843479323178));
#8685=DIRECTION('center_axis',(-1.,0.,0.));
#8686=DIRECTION('ref_axis',(0.,-3.71895568873586E-17,1.));
#8687=DIRECTION('',(0.,0.,1.));
#8688=DIRECTION('',(0.,1.,0.));
#8689=DIRECTION('',(0.,-0.0176922823548,0.999843479323178));
#8690=DIRECTION('center_axis',(0.,-1.,0.));
#8691=DIRECTION('ref_axis',(-0.707106781186549,0.,-0.707106781186546));
#8692=DIRECTION('center_axis',(0.,1.,0.));
#8693=DIRECTION('ref_axis',(-0.707106781186549,0.,-0.707106781186546));
#8694=DIRECTION('',(0.,-1.,0.));
#8695=DIRECTION('center_axis',(0.,0.999843479323178,0.0176922823548));
#8696=DIRECTION('ref_axis',(-2.53725543260781E-15,0.0176922823548,-0.999843479323178));
#8697=DIRECTION('center_axis',(6.86501886095954E-16,0.,-1.));
#8698=DIRECTION('ref_axis',(-1.,0.,-6.86501886095954E-16));
#8699=DIRECTION('',(-1.,0.,-6.86501886095954E-16));
#8700=DIRECTION('',(-1.,1.21476865700362E-17,-6.86501886095954E-16));
#8701=DIRECTION('center_axis',(0.,-1.,0.));
#8702=DIRECTION('ref_axis',(0.544639035014862,0.,-0.838670567945531));
#8703=DIRECTION('center_axis',(0.,1.,0.));
#8704=DIRECTION('ref_axis',(0.544639035014862,0.,-0.838670567945531));
#8705=DIRECTION('',(0.,-1.,0.));
#8706=DIRECTION('center_axis',(0.,0.999843479323178,0.0176922823548));
#8707=DIRECTION('ref_axis',(8.78524693540456E-14,0.0176922823548,-0.999843479323178));
#8708=DIRECTION('center_axis',(-0.207911690817927,0.,-0.97814760073377));
#8709=DIRECTION('ref_axis',(-0.97814760073377,-6.27997443252852E-17,0.207911690817927));
#8710=DIRECTION('',(-0.97814760073377,0.,0.207911690817927));
#8711=DIRECTION('',(-0.978140981137592,-0.00367898328204372,0.207910283779324));
#8712=DIRECTION('center_axis',(0.978147600733764,0.,-0.207911690817957));
#8713=DIRECTION('ref_axis',(-0.207911690817957,-4.18414842716767E-17,-0.978147600733764));
#8714=DIRECTION('',(0.,1.,0.));
#8715=DIRECTION('',(-0.207880554745955,0.0173057806183341,-0.97800111703193));
#8716=DIRECTION('',(-0.207911690817957,0.,-0.978147600733764));
#8717=DIRECTION('center_axis',(0.,-1.,0.));
#8718=DIRECTION('ref_axis',(0.838670567945553,0.,0.544639035014828));
#8719=DIRECTION('',(0.,-1.,0.));
#8720=DIRECTION('center_axis',(0.,1.,0.));
#8721=DIRECTION('ref_axis',(0.838670567945553,0.,0.544639035014828));
#8722=DIRECTION('center_axis',(0.207911690818021,0.,0.97814760073375));
#8723=DIRECTION('ref_axis',(0.97814760073375,-1.62300892012881E-16,-0.207911690818021));
#8724=DIRECTION('',(-0.978140981137572,-0.00367898328204487,0.207910283779418));
#8725=DIRECTION('center_axis',(0.207911690818021,0.,0.97814760073375));
#8726=DIRECTION('ref_axis',(-4.13973468179984E-12,-1.,8.79914243663876E-13));
#8727=DIRECTION('',(0.97814760073375,0.,-0.207911690818021));
#8728=DIRECTION('',(0.,1.,0.));
#8729=DIRECTION('center_axis',(0.,-1.,0.));
#8730=DIRECTION('ref_axis',(-0.544639035014862,0.,0.838670567945531));
#8731=DIRECTION('',(0.,-1.,0.));
#8732=DIRECTION('center_axis',(0.,1.,0.));
#8733=DIRECTION('ref_axis',(-0.544639035014862,0.,0.838670567945531));
#8734=DIRECTION('center_axis',(0.207911690817949,0.,0.978147600733765));
#8735=DIRECTION('ref_axis',(0.978147600733765,6.18454416704568E-17,-0.207911690817949));
#8736=DIRECTION('',(-0.978140981137588,-0.0036789832820436,0.207910283779346));
#8737=DIRECTION('',(0.,1.,0.));
#8738=DIRECTION('',(0.978147600733765,0.,-0.207911690817949));
#8739=DIRECTION('center_axis',(0.207911690817949,0.,0.978147600733765));
#8740=DIRECTION('ref_axis',(2.36331084588311E-13,-1.,-5.02439441812044E-14));
#8741=DIRECTION('center_axis',(0.207912158285051,0.,0.978147501370449));
#8742=DIRECTION('ref_axis',(0.978147501370449,-2.66294968365421E-17,-0.207912158285051));
#8743=DIRECTION('',(-0.978140881745177,-0.00367899155373035,0.207910751236958));
#8744=DIRECTION('',(0.978147501370449,0.,-0.207912158285051));
#8745=DIRECTION('center_axis',(0.,0.999843479323178,0.0176922823547976));
#8746=DIRECTION('ref_axis',(0.,0.0176922823547976,-0.999843479323178));
#8747=DIRECTION('',(0.978140979991409,0.00367898337743155,-0.207910289170003));
#8748=DIRECTION('',(-0.207880554745951,0.0173057806183317,-0.978001117031932));
#8749=DIRECTION('',(0.207880554745951,-0.0173057806183317,0.978001117031931));
#8750=DIRECTION('center_axis',(1.,4.02228045350845E-16,-2.27311027644683E-14));
#8751=DIRECTION('ref_axis',(1.55638482283191E-14,0.700823700243222,0.713334522631142));
#8752=DIRECTION('center_axis',(-1.,-3.92909082964957E-16,2.22044604925031E-14));
#8753=DIRECTION('ref_axis',(2.22044604925031E-14,0.,1.));
#8754=DIRECTION('center_axis',(-1.,-4.71490899557949E-16,2.66453525910037E-14));
#8755=DIRECTION('ref_axis',(2.66453525910037E-14,0.,1.));
#8756=DIRECTION('',(1.,4.02228045350845E-16,-2.27311027644683E-14));
#8757=DIRECTION('center_axis',(2.2225538009354E-15,-0.0176922823547998,
0.999843479323178));
#8758=DIRECTION('ref_axis',(1.,1.38777878078145E-16,-2.22044604925032E-15));
#8759=DIRECTION('center_axis',(0.,0.999843479323178,0.0176922823548));
#8760=DIRECTION('ref_axis',(-3.43726750809317E-13,-0.0176922823548,0.999843479323178));
#8761=DIRECTION('center_axis',(0.,0.0176922823548,-0.999843479323178));
#8762=DIRECTION('ref_axis',(0.707106781186546,0.706996104354572,0.0125103328277445));
#8763=DIRECTION('center_axis',(0.,-0.017692282354802,0.999843479323178));
#8764=DIRECTION('ref_axis',(1.,0.,0.));
#8765=DIRECTION('',(0.,0.0176922823548,-0.999843479323178));
#8766=DIRECTION('center_axis',(1.,0.,0.));
#8767=DIRECTION('ref_axis',(0.,0.,-1.));
#8768=DIRECTION('center_axis',(0.,0.999843479323178,0.0176922823548));
#8769=DIRECTION('ref_axis',(1.11004925176592E-16,0.0176922823548,-0.999843479323178));
#8770=DIRECTION('center_axis',(0.999968438257137,0.000140564587161951,-0.00794372275318686));
#8771=DIRECTION('ref_axis',(4.44089209850063E-15,0.999843479323178,0.017692282354802));
#8772=DIRECTION('center_axis',(0.,1.,0.));
#8773=DIRECTION('ref_axis',(-0.104528466008266,0.,-0.994521895080223));
#8774=DIRECTION('',(0.,1.,0.));
#8775=DIRECTION('center_axis',(-0.207911696208715,0.,-0.978147599587923));
#8776=DIRECTION('ref_axis',(0.978147599587923,2.30828352219786E-17,-0.207911696208715));
#8777=DIRECTION('',(0.,-1.,0.));
#8778=DIRECTION('',(-0.978140979991409,-0.00367898337743155,0.207910289170003));
#8779=DIRECTION('center_axis',(-0.969164382190187,0.135216387671438,0.20600225435417));
#8780=DIRECTION('ref_axis',(0.207911696208714,1.38777878078145E-16,0.978147599587923));
#8781=DIRECTION('center_axis',(-0.978140979991409,-0.00367898337743199,
0.207910289170003));
#8782=DIRECTION('ref_axis',(0.207911696208715,0.,0.978147599587923));
#8783=DIRECTION('center_axis',(-0.978140979991409,-0.00367898337743155,
0.207910289170003));
#8784=DIRECTION('ref_axis',(0.145759943927166,0.70095685879927,0.698150070435154));
#8785=DIRECTION('center_axis',(-0.97814097999141,-0.00367898337743055,0.207910289169999));
#8786=DIRECTION('ref_axis',(0.207911696208711,1.38777878078144E-16,0.978147599587923));
#8787=DIRECTION('center_axis',(0.972097776861477,0.111048209236443,-0.206625766656418));
#8788=DIRECTION('ref_axis',(-0.0983903218992489,0.992641024578656,0.0705913654776503));
#8789=DIRECTION('center_axis',(-0.968635309737183,-0.248367523198982,0.00769481321121512));
#8790=DIRECTION('ref_axis',(0.00794372283166479,4.16333634234434E-16,0.999968448136027));
#8791=DIRECTION('center_axis',(-0.968635309737183,-0.248367523198982,0.00769481321121512));
#8792=DIRECTION('ref_axis',(0.00794372283166479,4.16333634234434E-16,0.999968448136027));
#8793=DIRECTION('center_axis',(-0.207880554745951,0.0173057806183317,-0.978001117031932));
#8794=DIRECTION('ref_axis',(0.371666425470682,-0.923457744403267,-0.0953407702899259));
#8795=DIRECTION('center_axis',(-0.207880554745951,0.0173057806183317,-0.978001117031932));
#8796=DIRECTION('ref_axis',(0.371666425470683,-0.923457744403267,-0.0953407702899259));
#8797=DIRECTION('',(-0.207880554745951,0.0173057806183317,-0.978001117031932));
#8798=DIRECTION('center_axis',(-0.207880554745938,0.0173057806183343,-0.978001117031934));
#8799=DIRECTION('ref_axis',(-0.354997065261724,0.930337530715347,0.0919193265751805));
#8800=DIRECTION('center_axis',(0.207880554745951,-0.0173057806183317,0.978001117031932));
#8801=DIRECTION('ref_axis',(-0.180603691724448,0.981973837936472,0.0557645778592028));
#8802=DIRECTION('center_axis',(-0.207880554745959,0.0173057806183335,-0.97800111703193));
#8803=DIRECTION('ref_axis',(-0.354997051491108,0.930337536249443,0.0919193237460791));
#8804=DIRECTION('',(0.207880554745951,-0.0173057806183341,0.978001117031932));
#8805=DIRECTION('center_axis',(-0.761323333838112,0.0114711877392966,-0.648270925775229));
#8806=DIRECTION('ref_axis',(-0.235310842911955,0.926783891574987,0.292746350148363));
#8807=DIRECTION('center_axis',(0.,0.,1.));
#8808=DIRECTION('ref_axis',(-1.,0.,0.));
#8809=DIRECTION('center_axis',(0.207880554745951,-0.0173057806183317,0.978001117031931));
#8810=DIRECTION('ref_axis',(-0.371666425470682,-0.926252692344592,0.0626100479335508));
#8811=DIRECTION('',(0.207880554745951,-0.0173057806183317,0.978001117031931));
#8812=DIRECTION('center_axis',(0.207880554745946,-0.0173057806183317,0.978001117031933));
#8813=DIRECTION('ref_axis',(-0.371666425470675,-0.926252692344594,0.0626100479335472));
#8814=DIRECTION('center_axis',(0.960171544128477,-0.278958798149695,-0.0158932306600418));
#8815=DIRECTION('ref_axis',(0.273671510555022,0.927455078457241,0.254815583813875));
#8816=DIRECTION('center_axis',(0.,1.,0.));
#8817=DIRECTION('ref_axis',(0.104528466008254,0.,0.994521895080225));
#8818=DIRECTION('center_axis',(-7.33330284228551E-18,-0.99986364897343,
-0.016513129973956));
#8819=DIRECTION('ref_axis',(4.44028657830411E-16,-0.016513129973956,0.99986364897343));
#8820=DIRECTION('',(0.,-1.,0.));
#8821=DIRECTION('center_axis',(-1.,-1.09075137053945E-15,-1.11022302462516E-15));
#8822=DIRECTION('ref_axis',(-1.11022302462516E-15,0.,1.));
#8823=DIRECTION('center_axis',(-0.999862992791222,-0.000292857056522468,
0.0165502229992594));
#8824=DIRECTION('ref_axis',(0.0165502237089766,-9.71445146547015E-16,0.999863035667977));
#8825=DIRECTION('center_axis',(0.,0.999843479323178,0.0176922823548));
#8826=DIRECTION('ref_axis',(4.95557701681214E-16,-0.0176922823548,0.999843479323178));
#8827=DIRECTION('center_axis',(0.,0.,1.));
#8828=DIRECTION('ref_axis',(-1.,0.,0.));
#8829=DIRECTION('center_axis',(-0.656793036751697,-0.013341235098234,0.753952862134323));
#8830=DIRECTION('ref_axis',(0.273671510546239,0.927455078461293,0.254815583808559));
#8831=DIRECTION('center_axis',(-0.207880554745965,0.0173057806183365,-0.978001117031929));
#8832=DIRECTION('ref_axis',(0.,0.999843479323178,0.0176922823548026));
#8833=DIRECTION('center_axis',(0.207880554745963,-0.0173057806183322,0.978001117031929));
#8834=DIRECTION('ref_axis',(0.354997051491114,0.933007129761916,-0.0589473429939572));
#8835=DIRECTION('center_axis',(-0.207880554745951,0.0173057806183317,-0.978001117031931));
#8836=DIRECTION('ref_axis',(0.180603691724449,0.98333198567807,-0.0209883891216896));
#8837=DIRECTION('',(-0.207880554745951,0.0173057806183341,-0.978001117031931));
#8838=DIRECTION('center_axis',(2.66897104576083E-7,0.707106781186546,0.707106781186499));
#8839=DIRECTION('ref_axis',(0.999999999999929,0.,-3.77449505049605E-7));
#8840=DIRECTION('',(0.,0.707106781186524,-0.707106781186571));
#8841=DIRECTION('',(-0.999999999999929,-4.19053131139441E-23,3.77449505049606E-7));
#8842=DIRECTION('',(0.999999999999929,4.19053131139441E-23,-3.77449505049606E-7));
#8843=DIRECTION('center_axis',(3.77449505049606E-7,0.,0.999999999999929));
#8844=DIRECTION('ref_axis',(-0.999999999999929,-4.19053131139441E-23,3.77449505049606E-7));
#8845=DIRECTION('',(0.,1.,0.));
#8846=DIRECTION('',(-0.999999999999929,-4.19053131139441E-23,3.77449505049606E-7));
#8847=DIRECTION('center_axis',(-7.69230707092232E-8,0.,-0.999999999999997));
#8848=DIRECTION('ref_axis',(-0.999999999999997,-8.54017642262485E-24,7.69230707092232E-8));
#8849=DIRECTION('',(0.,1.,0.));
#8850=DIRECTION('',(-0.999999999999997,-8.54017642262485E-24,7.69230707092232E-8));
#8851=DIRECTION('',(0.999999999999997,0.,-7.69230707092232E-8));
#8852=DIRECTION('center_axis',(-2.0598663000023E-7,0.,0.999999999999979));
#8853=DIRECTION('ref_axis',(0.999999999999979,0.,2.0598663000023E-7));
#8854=DIRECTION('',(0.,-1.,0.));
#8855=DIRECTION('',(0.999999999999979,0.,2.0598663000023E-7));
#8856=DIRECTION('',(0.999999999999979,-2.28691099391198E-23,2.0598663000023E-7));
#8857=DIRECTION('center_axis',(8.09533797169964E-16,0.,-1.));
#8858=DIRECTION('ref_axis',(-1.,-4.7067997422534E-17,-8.09533797169964E-16));
#8859=DIRECTION('',(-1.,0.,-8.09533797169964E-16));
#8860=DIRECTION('',(0.,-1.,0.));
#8861=DIRECTION('',(-1.,1.43247426336968E-17,-8.09533797169964E-16));
#8862=DIRECTION('',(0.,1.,0.));
#8863=DIRECTION('center_axis',(1.,0.,0.));
#8864=DIRECTION('ref_axis',(0.,1.3877787807814E-16,-1.));
#8865=DIRECTION('',(0.,0.,-1.));
#8866=DIRECTION('',(0.,-1.,0.));
#8867=DIRECTION('',(0.,0.0176922823548,-0.999843479323178));
#8868=DIRECTION('',(0.,1.,0.));
#8869=DIRECTION('center_axis',(0.999999999999979,0.,2.04545334913628E-7));
#8870=DIRECTION('ref_axis',(2.04545334913628E-7,2.27090940436257E-17,-0.999999999999979));
#8871=DIRECTION('',(2.04545334913628E-7,0.,-0.999999999999979));
#8872=DIRECTION('',(2.04513319339367E-7,0.0176922823547997,-0.999843479323157));
#8873=DIRECTION('',(0.,1.,0.));
#8874=DIRECTION('center_axis',(0.999999999999992,0.,-1.24999998560009E-7));
#8875=DIRECTION('ref_axis',(-1.24999998560009E-7,-1.8503716866815E-17,-0.999999999999992));
#8876=DIRECTION('',(-1.24999998560009E-7,0.,-0.999999999999992));
#8877=DIRECTION('',(-1.24980433475632E-7,0.0176922823547999,-0.99984347932317));
#8878=DIRECTION('',(0.,1.,0.));
#8879=DIRECTION('center_axis',(1.,0.,0.));
#8880=DIRECTION('ref_axis',(0.,3.70074341541726E-17,-1.));
#8881=DIRECTION('',(0.,0.,-1.));
#8882=DIRECTION('',(0.,0.0176922823548,-0.999843479323178));
#8883=DIRECTION('',(0.,1.,0.));
#8884=DIRECTION('center_axis',(0.,1.,0.));
#8885=DIRECTION('ref_axis',(-0.707106781186549,0.,0.707106781186546));
#8886=DIRECTION('center_axis',(0.,-1.,0.));
#8887=DIRECTION('ref_axis',(-0.707106781186549,0.,0.707106781186546));
#8888=DIRECTION('center_axis',(0.,-0.999843479323178,-0.0176922823548));
#8889=DIRECTION('ref_axis',(-2.53725543260781E-15,-0.0176922823548,0.999843479323178));
#8890=DIRECTION('',(0.,-1.,0.));
#8891=DIRECTION('center_axis',(0.,0.,-1.));
#8892=DIRECTION('ref_axis',(-1.,-1.48029736616692E-16,0.));
#8893=DIRECTION('',(-1.,0.,0.));
#8894=DIRECTION('',(-1.,0.,0.));
#8895=DIRECTION('',(0.,1.,0.));
#8896=DIRECTION('center_axis',(0.,1.,0.));
#8897=DIRECTION('ref_axis',(0.635853068668496,0.,0.771810128894961));
#8898=DIRECTION('center_axis',(0.,-1.,0.));
#8899=DIRECTION('ref_axis',(0.635853068668496,0.,0.771810128894961));
#8900=DIRECTION('center_axis',(0.,-0.999843479323178,-0.0176922823548));
#8901=DIRECTION('ref_axis',(-9.17376417352262E-14,-0.0176922823548,0.999843479323178));
#8902=DIRECTION('',(0.,-1.,0.));
#8903=DIRECTION('center_axis',(-0.981515677774578,0.,-0.191381750129711));
#8904=DIRECTION('ref_axis',(-0.191381750129711,1.19893215858386E-17,0.981515677774578));
#8905=DIRECTION('',(-0.191381750129711,0.,0.981515677774578));
#8906=DIRECTION('',(-0.191352891848879,-0.0173653520528037,0.981367675914157));
#8907=DIRECTION('',(0.,1.,0.));
#8908=DIRECTION('center_axis',(0.,1.,0.));
#8909=DIRECTION('ref_axis',(-0.594588233002826,0.,-0.804030368316133));
#8910=DIRECTION('center_axis',(0.,1.,0.));
#8911=DIRECTION('ref_axis',(-0.594588233002826,0.,-0.804030368316133));
#8912=DIRECTION('center_axis',(0.,0.999843479323178,0.0176922823548));
#8913=DIRECTION('ref_axis',(1.78876507998851E-13,0.0176922823548,-0.999843479323178));
#8914=DIRECTION('',(0.,-1.,0.));
#8915=DIRECTION('center_axis',(0.104528463268026,0.,-0.994521895368234));
#8916=DIRECTION('ref_axis',(-0.994521895368234,-2.70792231199865E-16,-0.104528463268026));
#8917=DIRECTION('',(-0.994521895368234,0.,-0.104528463268026));
#8918=DIRECTION('',(-0.994520194165561,0.00184963342868351,-0.10452828446442));
#8919=DIRECTION('',(0.,1.,0.));
#8920=DIRECTION('center_axis',(0.,1.,0.));
#8921=DIRECTION('ref_axis',(0.504236238409027,0.,0.863565756543829));
#8922=DIRECTION('center_axis',(0.,-1.,0.));
#8923=DIRECTION('ref_axis',(0.504236238409027,0.,0.863565756543829));
#8924=DIRECTION('center_axis',(0.,-0.999843479323178,-0.0176922823548));
#8925=DIRECTION('ref_axis',(-2.37074804484293E-14,-0.0176922823548,0.999843479323178));
#8926=DIRECTION('',(0.,-1.,0.));
#8927=DIRECTION('center_axis',(-0.917486378025865,0.,-0.397767200931624));
#8928=DIRECTION('ref_axis',(-0.397767200931624,1.32189879360173E-16,0.917486378025865));
#8929=DIRECTION('',(-0.397767200931624,0.,0.917486378025865));
#8930=DIRECTION('',(-0.397714790701268,-0.0162328300282371,0.917365489042792));
#8931=DIRECTION('',(0.,1.,0.));
#8932=DIRECTION('center_axis',(0.,1.,0.));
#8933=DIRECTION('ref_axis',(-0.47379106104382,0.,-0.880637286557282));
#8934=DIRECTION('center_axis',(0.,1.,0.));
#8935=DIRECTION('ref_axis',(-0.47379106104382,0.,-0.880637286557282));
#8936=DIRECTION('center_axis',(0.,0.999843479323178,0.0176922823548));
#8937=DIRECTION('ref_axis',(-1.00063011123471E-13,0.0176922823548,-0.999843479323178));
#8938=DIRECTION('',(0.,-1.,0.));
#8939=DIRECTION('center_axis',(0.173648177667033,0.,-0.98480775301219));
#8940=DIRECTION('ref_axis',(-0.98480775301219,-2.50339022513671E-17,-0.173648177667033));
#8941=DIRECTION('',(-0.98480775301219,0.,-0.173648177667033));
#8942=DIRECTION('',(-0.984803103980203,0.00307269902736861,-0.173647357917259));
#8943=DIRECTION('',(0.,1.,0.));
#8944=DIRECTION('center_axis',(0.,1.,0.));
#8945=DIRECTION('ref_axis',(0.754824555435561,0.,-0.655926741726168));
#8946=DIRECTION('center_axis',(0.,1.,0.));
#8947=DIRECTION('ref_axis',(0.754824555435561,0.,-0.655926741726168));
#8948=DIRECTION('center_axis',(0.,0.999843479323178,0.0176922823548));
#8949=DIRECTION('ref_axis',(2.57452137177424E-13,0.0176922823548,-0.999843479323178));
#8950=DIRECTION('',(0.,-1.,0.));
#8951=DIRECTION('center_axis',(0.999402999217122,0.,-0.0345491701176843));
#8952=DIRECTION('ref_axis',(-0.0345491701176843,-8.67787076804503E-17,-0.999402999217122));
#8953=DIRECTION('',(-0.0345491701176843,0.,-0.999402999217122));
#8954=DIRECTION('',(-0.0345437689115069,0.0176817233516041,-0.999246758658093));
#8955=DIRECTION('',(0.,1.,0.));
#8956=DIRECTION('center_axis',(0.,1.,0.));
#8957=DIRECTION('ref_axis',(-0.766157092089414,0.,0.64265333597601));
#8958=DIRECTION('center_axis',(0.,-1.,0.));
#8959=DIRECTION('ref_axis',(-0.766157092089414,0.,0.64265333597601));
#8960=DIRECTION('center_axis',(0.,-0.999843479323178,-0.0176922823548));
#8961=DIRECTION('ref_axis',(3.48872621983574E-14,-0.0176922823548,0.999843479323178));
#8962=DIRECTION('',(0.,-1.,0.));
#8963=DIRECTION('center_axis',(0.20791169081795,0.,-0.978147600733765));
#8964=DIRECTION('ref_axis',(-0.978147600733765,2.51321171851663E-16,-0.20791169081795));
#8965=DIRECTION('',(-0.978147600733765,0.,-0.20791169081795));
#8966=DIRECTION('',(-0.978140981137587,0.00367898328204412,-0.207910283779346));
#8967=DIRECTION('',(0.,1.,0.));
#8968=DIRECTION('center_axis',(0.207899872019518,0.,-0.978150112822295));
#8969=DIRECTION('ref_axis',(-0.978150112822295,-5.10066926752061E-17,-0.207899872019518));
#8970=DIRECTION('',(-0.978150112822295,0.,-0.207899872019518));
#8971=DIRECTION('',(-0.978143493961675,0.003678774152037,-0.20789846522085));
#8972=DIRECTION('',(0.,1.,0.));
#8973=DIRECTION('center_axis',(0.207911690817951,0.,-0.978147600733765));
#8974=DIRECTION('ref_axis',(-0.978147600733765,1.96180509390227E-17,-0.207911690817951));
#8975=DIRECTION('',(-0.978147600733765,0.,-0.207911690817951));
#8976=DIRECTION('',(-0.978140981137587,0.00367898328204414,-0.207910283779347));
#8977=DIRECTION('',(0.,1.,0.));
#8978=DIRECTION('center_axis',(0.,1.,0.));
#8979=DIRECTION('ref_axis',(0.544639035014864,0.,0.83867056794553));
#8980=DIRECTION('center_axis',(0.,-1.,0.));
#8981=DIRECTION('ref_axis',(0.544639035014864,0.,0.83867056794553));
#8982=DIRECTION('center_axis',(0.,-0.999843479323178,-0.0176922823548));
#8983=DIRECTION('ref_axis',(9.02311463221154E-14,-0.0176922823548,0.999843479323178));
#8984=DIRECTION('',(0.,-1.,0.));
#8985=DIRECTION('center_axis',(-0.978147600733764,0.,-0.207911690817954));
#8986=DIRECTION('ref_axis',(-0.207911690817954,1.87762050518153E-16,0.978147600733764));
#8987=DIRECTION('',(-0.207911690817954,0.,0.978147600733764));
#8988=DIRECTION('',(0.,-1.,0.));
#8989=DIRECTION('',(-0.207880554745951,-0.0173057806183341,0.978001117031931));
#8990=DIRECTION('',(0.,1.,0.));
#8991=DIRECTION('center_axis',(0.,1.,0.));
#8992=DIRECTION('ref_axis',(0.838670567945524,0.,-0.544639035014873));
#8993=DIRECTION('center_axis',(0.,-1.,0.));
#8994=DIRECTION('ref_axis',(0.838670567945524,0.,-0.544639035014873));
#8995=DIRECTION('center_axis',(0.,-0.999843479323178,-0.0176922823548));
#8996=DIRECTION('ref_axis',(-1.00618035749354E-13,0.0176922823548,-0.999843479323178));
#8997=DIRECTION('',(0.,-1.,0.));
#8998=DIRECTION('center_axis',(0.,-0.707106781186546,0.707106781186549));
#8999=DIRECTION('ref_axis',(1.,0.,0.));
#9000=DIRECTION('',(1.,0.,0.));
#9001=DIRECTION('',(-1.57009245868378E-15,-0.707106781186549,-0.707106781186546));
#9002=DIRECTION('',(-1.,0.,0.));
#9003=DIRECTION('center_axis',(0.,1.,0.));
#9004=DIRECTION('ref_axis',(-0.104528466008254,-5.42713425185514E-17,0.994521895080225));
#9005=DIRECTION('center_axis',(0.,-1.,-1.11022302462516E-16));
#9006=DIRECTION('ref_axis',(-0.104528466008254,0.,0.994521895080225));
#9007=DIRECTION('',(0.147015770277181,-0.707106781186543,-0.691654800669968));
#9008=DIRECTION('center_axis',(0.,1.,1.11022302462516E-16));
#9009=DIRECTION('ref_axis',(-0.104528466008254,-1.10414110641191E-16,0.994521895080225));
#9010=DIRECTION('center_axis',(-0.14701577027718,-0.707106781186548,0.691654800669963));
#9011=DIRECTION('ref_axis',(0.978147599587923,0.,0.207911696208715));
#9012=DIRECTION('',(0.147015770277171,-0.707106781186548,-0.691654800669965));
#9013=DIRECTION('',(0.978147599587923,-2.30828352219786E-17,0.207911696208715));
#9014=DIRECTION('',(-0.978147599587923,2.30828352219786E-17,-0.207911696208715));
#9015=DIRECTION('center_axis',(0.,-1.,0.));
#9016=DIRECTION('ref_axis',(0.104528466008266,5.61120890143756E-17,-0.994521895080223));
#9017=DIRECTION('center_axis',(0.,1.,1.11022302462516E-16));
#9018=DIRECTION('ref_axis',(0.104528466008266,0.,-0.994521895080223));
#9019=DIRECTION('',(1.25607396694701E-14,-0.707106781186553,-0.707106781186542));
#9020=DIRECTION('center_axis',(0.,-1.,-1.11022302462516E-16));
#9021=DIRECTION('ref_axis',(0.104528466008266,1.10414110641191E-16,-0.994521895080223));
#9022=DIRECTION('center_axis',(-1.60733169086038E-14,-0.707106781186549,
0.707106781186546));
#9023=DIRECTION('ref_axis',(1.,0.,2.27311027644683E-14));
#9024=DIRECTION('',(1.25607396694702E-14,-0.707106781186546,-0.707106781186549));
#9025=DIRECTION('',(1.,-2.52365936642333E-30,2.27311027644683E-14));
#9026=DIRECTION('',(-1.,2.52365936642333E-30,-2.27311027644683E-14));
#9027=DIRECTION('center_axis',(0.,1.,0.));
#9028=DIRECTION('ref_axis',(-0.707106781186555,-3.43457725337071E-17,0.70710678118654));
#9029=DIRECTION('center_axis',(0.,-1.,-1.11022302462516E-16));
#9030=DIRECTION('ref_axis',(-0.707106781186555,0.,0.70710678118654));
#9031=DIRECTION('',(0.707106781186543,-0.707106781186552,0.));
#9032=DIRECTION('center_axis',(0.,1.,1.11022302462516E-16));
#9033=DIRECTION('ref_axis',(-0.707106781186555,-7.85046229341878E-17,0.70710678118654));
#9034=DIRECTION('center_axis',(-0.707106781186549,-0.707106781186546,-7.85046229341885E-17));
#9035=DIRECTION('ref_axis',(-1.11022302462515E-16,0.,1.));
#9036=DIRECTION('',(0.707106781186546,-0.707106781186549,0.));
#9037=DIRECTION('',(0.,-1.11022302462516E-16,1.));
#9038=DIRECTION('',(0.,1.11022302462516E-16,-1.));
#9039=DIRECTION('center_axis',(0.,1.,0.));
#9040=DIRECTION('ref_axis',(-0.707106781186548,3.43457725337076E-17,-0.707106781186548));
#9041=DIRECTION('center_axis',(0.,-1.,-1.11022302462516E-16));
#9042=DIRECTION('ref_axis',(-0.707106781186548,0.,-0.707106781186548));
#9043=DIRECTION('',(0.,-0.707106781186542,0.707106781186553));
#9044=DIRECTION('center_axis',(0.,1.,1.11022302462516E-16));
#9045=DIRECTION('ref_axis',(-0.707106781186548,7.85046229341887E-17,-0.707106781186548));
#9046=DIRECTION('center_axis',(0.,-0.707106781186546,-0.707106781186549));
#9047=DIRECTION('ref_axis',(-1.,0.,0.));
#9048=DIRECTION('',(0.577350269189621,-0.577350269189629,0.577350269189627));
#9049=DIRECTION('',(-1.,0.,0.));
#9050=DIRECTION('',(1.,0.,0.));
#9051=DIRECTION('center_axis',(0.,-1.,-1.11022302462516E-16));
#9052=DIRECTION('ref_axis',(1.,0.,0.));
#9053=DIRECTION('',(-1.08978184443799E-30,-1.11022302462516E-16,1.));
#9054=DIRECTION('',(0.99999999999979,7.19231738122225E-23,-6.47826357560058E-7));
#9055=DIRECTION('',(0.999999999991225,-4.65114509452121E-22,4.18937906290637E-6));
#9056=DIRECTION('center_axis',(0.,-1.,-1.11022302462516E-16));
#9057=DIRECTION('ref_axis',(-0.473700528865925,9.77757861022535E-17,-0.880685987711933));
#9058=DIRECTION('center_axis',(0.,1.,1.11022302462516E-16));
#9059=DIRECTION('ref_axis',(0.473684707883174,-9.77767308527293E-17,0.880694497267714));
#9060=DIRECTION('center_axis',(0.,-1.,-1.11022302462516E-16));
#9061=DIRECTION('ref_axis',(-0.613784612277578,8.76491686935318E-17,-0.789473526935048));
#9062=DIRECTION('center_axis',(0.,1.,1.11022302462516E-16));
#9063=DIRECTION('ref_axis',(0.61373321284922,-8.76536049614691E-17,0.789513485284307));
#9064=DIRECTION('',(0.999999999999996,9.65738587419381E-24,-8.69859988487847E-8));
#9065=DIRECTION('center_axis',(0.,1.,1.11022302462516E-16));
#9066=DIRECTION('ref_axis',(6.46085396033838E-5,-1.11022302230797E-16,0.999999997912868));
#9067=DIRECTION('center_axis',(0.,-1.,-1.11022302462516E-16));
#9068=DIRECTION('ref_axis',(-0.613786925576247,8.76489690194593E-17,-0.789471728430891));
#9069=DIRECTION('center_axis',(0.,1.,1.11022302462516E-16));
#9070=DIRECTION('ref_axis',(0.613764691830403,-8.76508880915844E-17,0.789489013895906));
#9071=DIRECTION('',(0.999999999999994,-1.18813945688906E-23,1.07018088306195E-7));
#9072=DIRECTION('center_axis',(0.,1.,1.11022302462516E-16));
#9073=DIRECTION('ref_axis',(1.34398629147583E-5,-1.11022302452489E-16,0.999999999909685));
#9074=DIRECTION('center_axis',(0.,-1.,-1.11022302462516E-16));
#9075=DIRECTION('ref_axis',(-0.473671202593381,9.77775372893423E-17,-0.880701761002974));
#9076=DIRECTION('center_axis',(0.,1.,1.11022302462516E-16));
#9077=DIRECTION('ref_axis',(0.473670576293753,-9.77775746866322E-17,0.880702097847816));
#9078=DIRECTION('center_axis',(0.,-1.,-1.11022302462516E-16));
#9079=DIRECTION('ref_axis',(-0.99999999999809,-2.16976955700649E-22,1.95435467368286E-6));
#9080=DIRECTION('',(-8.99127573633699E-8,1.11022302462515E-16,-0.999999999999996));
#9081=DIRECTION('center_axis',(0.,-1.,-1.11022302462516E-16));
#9082=DIRECTION('ref_axis',(0.613779097082667,-8.76496447367575E-17,0.789477814751235));
#9083=DIRECTION('center_axis',(0.,1.,1.11022302462516E-16));
#9084=DIRECTION('ref_axis',(-0.6137720163104,8.76502559024974E-17,-0.789483319642832));
#9085=DIRECTION('',(-0.999999999999977,2.37633044819908E-23,-2.14040818420371E-7));
#9086=DIRECTION('center_axis',(0.,1.,1.11022302462516E-16));
#9087=DIRECTION('ref_axis',(4.37970078444149E-5,1.11022302356035E-16,-0.999999999040911));
#9088=DIRECTION('center_axis',(0.,-1.,-1.11022302462516E-16));
#9089=DIRECTION('ref_axis',(0.473657069651873,-9.7778381172959E-17,0.880709362030858));
#9090=DIRECTION('center_axis',(0.,1.,1.11022302462516E-16));
#9091=DIRECTION('ref_axis',(-0.473696432426225,9.77760307251804E-17,-0.880688191079378));
#9092=DIRECTION('center_axis',(0.,-1.,-1.11022302462516E-16));
#9093=DIRECTION('ref_axis',(0.613768190255766,-8.76505861376877E-17,0.789486294136992));
#9094=DIRECTION('center_axis',(0.,1.,1.11022302462516E-16));
#9095=DIRECTION('ref_axis',(-0.613808107834522,8.76471406011415E-17,-0.789455259502782));
#9096=DIRECTION('',(-0.999999995733582,1.02555020907448E-20,-9.23733507887511E-5));
#9097=DIRECTION('center_axis',(0.,1.,1.11022302462516E-16));
#9098=DIRECTION('ref_axis',(-3.78314435053078E-5,1.11022302383067E-16,-0.999999999284391));
#9099=DIRECTION('',(-0.978147611224912,2.30828291437586E-17,-0.207911641460977));
#9100=DIRECTION('center_axis',(0.,1.,1.11022302462516E-16));
#9101=DIRECTION('ref_axis',(0.207904204391588,1.08596375446897E-16,-0.978149191992868));
#9102=DIRECTION('center_axis',(0.,-1.,-1.11022302462516E-16));
#9103=DIRECTION('ref_axis',(0.613746695962148,-8.76524412960489E-17,0.789503003918001));
#9104=DIRECTION('center_axis',(0.,1.,1.11022302462516E-16));
#9105=DIRECTION('ref_axis',(-0.613799839253857,8.76478543437146E-17,-0.789461688324354));
#9106=DIRECTION('',(-0.999999999999929,4.19053131139441E-23,-3.77449505049606E-7));
#9107=DIRECTION('center_axis',(0.707106781186548,-6.94087687900598E-15,
-0.707106781186547));
#9108=DIRECTION('ref_axis',(-0.707106781186547,0.,-0.707106781186548));
#9109=DIRECTION('',(9.81588221705209E-15,1.,0.));
#9110=DIRECTION('',(-0.707106781186549,-8.83177008009625E-16,-0.707106781186546));
#9111=DIRECTION('',(-9.81588221705209E-15,-1.,0.));
#9112=DIRECTION('center_axis',(0.,0.,-1.));
#9113=DIRECTION('ref_axis',(-1.,-1.24744160070242E-15,0.));
#9114=DIRECTION('center_axis',(0.,0.,-1.));
#9115=DIRECTION('ref_axis',(-1.,-1.24744160070242E-15,0.));
#9116=DIRECTION('',(-2.74766180269661E-15,0.707106781186549,-0.707106781186546));
#9117=DIRECTION('center_axis',(0.,0.,1.));
#9118=DIRECTION('ref_axis',(-1.,-1.24744160070242E-15,0.));
#9119=DIRECTION('center_axis',(-1.,9.81588221705209E-15,0.));
#9120=DIRECTION('ref_axis',(-9.81588221705209E-15,-1.,0.));
#9121=DIRECTION('',(6.94087687900527E-15,0.707106781186476,0.707106781186619));
#9122=DIRECTION('',(0.,0.,1.));
#9123=DIRECTION('',(9.81588221705209E-15,1.,-6.35898722291274E-21));
#9124=DIRECTION('center_axis',(0.,0.,-1.));
#9125=DIRECTION('ref_axis',(1.,0.,0.));
#9126=DIRECTION('',(1.,0.,0.));
#9127=DIRECTION('',(0.,-1.,0.));
#9128=DIRECTION('',(1.,0.,0.));
#9129=DIRECTION('center_axis',(0.,-1.,0.));
#9130=DIRECTION('ref_axis',(-0.707106781186555,0.,0.70710678118654));
#9131=DIRECTION('center_axis',(3.57354164324002E-17,0.99995168330674,0.00983010946106412));
#9132=DIRECTION('ref_axis',(3.39465126682684E-13,-0.00983010946106412,0.99995168330674));
#9133=DIRECTION('',(0.,-1.,0.));
#9134=DIRECTION('',(0.,1.,0.));
#9135=DIRECTION('center_axis',(-1.,0.,0.));
#9136=DIRECTION('ref_axis',(0.,1.11022302462516E-16,-1.));
#9137=DIRECTION('',(0.,-0.0176922823548,0.999843479323178));
#9138=DIRECTION('',(0.,1.,0.));
#9139=DIRECTION('center_axis',(0.,-1.,0.));
#9140=DIRECTION('ref_axis',(-0.707106781186548,0.,-0.707106781186548));
#9141=DIRECTION('center_axis',(0.,0.99995168330674,0.00983010946106406));
#9142=DIRECTION('ref_axis',(0.,0.00983010946106406,-0.99995168330674));
#9143=DIRECTION('center_axis',(-2.27311027644683E-14,0.,1.));
#9144=DIRECTION('ref_axis',(-1.,2.52365936642333E-30,-2.27311027644683E-14));
#9145=DIRECTION('',(1.,-4.02228045350845E-16,2.27311027644683E-14));
#9146=DIRECTION('',(0.,-1.,0.));
#9147=DIRECTION('center_axis',(0.,1.,0.));
#9148=DIRECTION('ref_axis',(-0.707106781186549,0.,0.707106781186546));
#9149=DIRECTION('center_axis',(0.,-1.,0.));
#9150=DIRECTION('ref_axis',(-0.707106781186549,0.,0.707106781186546));
#9151=DIRECTION('',(0.,1.,0.));
#9152=DIRECTION('center_axis',(0.,-0.999843479323178,-0.0176922823548));
#9153=DIRECTION('ref_axis',(-2.53725543260781E-15,-0.0176922823548,0.999843479323178));
#9154=DIRECTION('center_axis',(1.,0.,0.));
#9155=DIRECTION('ref_axis',(0.,2.77555756156304E-17,-1.));
#9156=DIRECTION('',(0.,0.,-1.));
#9157=DIRECTION('',(0.,-1.,0.));
#9158=DIRECTION('',(0.,0.0176922823548,-0.999843479323178));
#9159=DIRECTION('center_axis',(0.,1.,0.));
#9160=DIRECTION('ref_axis',(-0.707106781186549,0.,-0.707106781186546));
#9161=DIRECTION('center_axis',(0.,-1.,0.));
#9162=DIRECTION('ref_axis',(-0.707106781186549,0.,-0.707106781186546));
#9163=DIRECTION('',(0.,1.,0.));
#9164=DIRECTION('center_axis',(0.,-0.999843479323178,-0.0176922823548));
#9165=DIRECTION('ref_axis',(-2.53725543260781E-15,0.0176922823548,-0.999843479323178));
#9166=DIRECTION('center_axis',(2.54806768741959E-16,0.,1.));
#9167=DIRECTION('ref_axis',(1.,-2.22490298234907E-19,-2.54806768741959E-16));
#9168=DIRECTION('',(1.,0.,-2.54806768741959E-16));
#9169=DIRECTION('',(0.,-1.,0.));
#9170=DIRECTION('',(1.,4.50881902190195E-18,-2.54806768741959E-16));
#9171=DIRECTION('center_axis',(0.,1.,0.));
#9172=DIRECTION('ref_axis',(-0.707106781186549,0.,-0.707106781186546));
#9173=DIRECTION('center_axis',(0.,-1.,0.));
#9174=DIRECTION('ref_axis',(-0.707106781186549,0.,-0.707106781186546));
#9175=DIRECTION('',(0.,1.,0.));
#9176=DIRECTION('center_axis',(0.,-0.999843479323178,-0.0176922823548));
#9177=DIRECTION('ref_axis',(-2.53725543260781E-15,0.0176922823548,-0.999843479323178));
#9178=DIRECTION('center_axis',(-0.20791169081795,0.,0.978147600733765));
#9179=DIRECTION('ref_axis',(0.978147600733765,2.29948092582849E-17,0.20791169081795));
#9180=DIRECTION('',(0.978147600733765,0.,0.20791169081795));
#9181=DIRECTION('',(0.,1.,0.));
#9182=DIRECTION('',(0.978140981137587,-0.00367898328204414,0.207910283779347));
#9183=DIRECTION('',(0.,1.,0.));
#9184=DIRECTION('center_axis',(0.,1.,0.));
#9185=DIRECTION('ref_axis',(0.329571313299637,0.,0.944130684518808));
#9186=DIRECTION('center_axis',(0.,1.,0.));
#9187=DIRECTION('ref_axis',(0.329571313299637,0.,0.944130684518808));
#9188=DIRECTION('',(0.,1.,0.));
#9189=DIRECTION('center_axis',(0.,0.999843479323178,0.0176922823548));
#9190=DIRECTION('ref_axis',(-4.87628778454314E-15,-0.0176922823548,0.999843479323178));
#9191=DIRECTION('center_axis',(0.622316779246697,0.,0.782765498899905));
#9192=DIRECTION('ref_axis',(0.782765498899905,-1.11084393639909E-17,-0.622316779246697));
#9193=DIRECTION('',(0.782765498899905,0.,-0.622316779246697));
#9194=DIRECTION('',(0.,-1.,0.));
#9195=DIRECTION('',(0.782718043144361,0.0110112601604276,-0.622279050817189));
#9196=DIRECTION('center_axis',(0.,1.,0.));
#9197=DIRECTION('ref_axis',(-0.279707665076087,0.,-0.960085216060368));
#9198=DIRECTION('center_axis',(0.,-1.,0.));
#9199=DIRECTION('ref_axis',(-0.279707665076087,0.,-0.960085216060368));
#9200=DIRECTION('',(0.,1.,0.));
#9201=DIRECTION('center_axis',(0.,-0.999843479323178,-0.0176922823548));
#9202=DIRECTION('ref_axis',(-2.19631173385114E-14,0.0176922823548,-0.999843479323178));
#9203=DIRECTION('center_axis',(-0.104528463268029,0.,0.994521895368234));
#9204=DIRECTION('ref_axis',(0.994521895368234,-1.50987865552207E-17,0.104528463268029));
#9205=DIRECTION('',(0.994521895368234,0.,0.104528463268029));
#9206=DIRECTION('',(0.,1.,0.));
#9207=DIRECTION('',(0.994521895368234,-1.1604990664885E-17,0.104528463268029));
#9208=DIRECTION('',(0.,-1.,0.));
#9209=DIRECTION('',(0.994520194165561,-0.00184963342868356,0.104528284464423));
#9210=DIRECTION('center_axis',(0.,1.,0.));
#9211=DIRECTION('ref_axis',(0.196284971675156,0.,0.980546893266448));
#9212=DIRECTION('center_axis',(0.,1.,1.11022302462516E-16));
#9213=DIRECTION('ref_axis',(0.196284971675156,0.,0.980546893266448));
#9214=DIRECTION('',(0.,1.,0.));
#9215=DIRECTION('center_axis',(0.,0.999843479323178,0.0176922823548));
#9216=DIRECTION('ref_axis',(-5.78811395563658E-14,-0.0176922823548,0.999843479323178));
#9217=DIRECTION('center_axis',(0.479298495668398,0.,0.877651953823388));
#9218=DIRECTION('ref_axis',(0.877651953823388,1.17695514722381E-16,-0.479298495668398));
#9219=DIRECTION('',(0.877651953823388,5.32128225559256E-17,-0.479298495668398));
#9220=DIRECTION('',(0.,-1.,0.));
#9221=DIRECTION('',(0.877620390355169,0.00848090678823621,-0.479281258399377));
#9222=DIRECTION('center_axis',(-0.173648177667027,0.,0.984807753012191));
#9223=DIRECTION('ref_axis',(0.984807753012191,-1.75535004283981E-17,0.173648177667027));
#9224=DIRECTION('',(0.984807753012191,0.,0.173648177667027));
#9225=DIRECTION('',(0.,-1.,0.));
#9226=DIRECTION('',(0.984803103980204,-0.00307269902736851,0.173647357917254));
#9227=DIRECTION('',(0.,1.,0.));
#9228=DIRECTION('center_axis',(0.,1.,0.));
#9229=DIRECTION('ref_axis',(0.626532187896456,0.,-0.779395546259843));
#9230=DIRECTION('center_axis',(0.,-1.,0.));
#9231=DIRECTION('ref_axis',(0.626532187896456,0.,-0.779395546259843));
#9232=DIRECTION('',(0.,1.,0.));
#9233=DIRECTION('center_axis',(0.,-0.999843479323178,-0.0176922823548));
#9234=DIRECTION('ref_axis',(9.75257556908629E-15,0.0176922823548,-0.999843479323178));
#9235=DIRECTION('center_axis',(-0.924475977590372,0.,0.381240300674425));
#9236=DIRECTION('ref_axis',(0.381240300674425,5.33723493398177E-18,0.924475977590372));
#9237=DIRECTION('',(0.381240300674425,0.,0.924475977590372));
#9238=DIRECTION('',(0.,-1.,0.));
#9239=DIRECTION('',(0.38118929991992,-0.0163564621000352,0.924352305008286));
#9240=DIRECTION('center_axis',(0.,1.,0.));
#9241=DIRECTION('ref_axis',(-0.640039091859674,0.,0.768342346152705));
#9242=DIRECTION('center_axis',(0.,1.,0.));
#9243=DIRECTION('ref_axis',(-0.640039091859674,0.,0.768342346152705));
#9244=DIRECTION('',(0.,1.,0.));
#9245=DIRECTION('center_axis',(0.,0.999843479323178,0.0176922823548));
#9246=DIRECTION('ref_axis',(-1.21312525371561E-14,-0.0176922823548,0.999843479323178));
#9247=DIRECTION('center_axis',(-0.207911690821358,0.,0.978147600733041));
#9248=DIRECTION('ref_axis',(0.978147600733041,2.30828515221174E-17,0.207911690821358));
#9249=DIRECTION('',(0.978147600733041,0.,0.207911690821358));
#9250=DIRECTION('',(0.,1.,0.));
#9251=DIRECTION('',(0.978140981136863,-0.00367898328210443,0.207910283782755));
#9252=DIRECTION('center_axis',(0.,1.,0.));
#9253=DIRECTION('ref_axis',(0.838670567945572,0.,-0.544639035014799));
#9254=DIRECTION('center_axis',(0.,1.,1.11022302462516E-16));
#9255=DIRECTION('ref_axis',(0.838670567945572,0.,-0.544639035014799));
#9256=DIRECTION('',(0.,1.,0.));
#9257=DIRECTION('center_axis',(0.,-0.999843479323178,-0.0176922823548));
#9258=DIRECTION('ref_axis',(-1.78083615676161E-13,0.0176922823548,-0.999843479323178));
#9259=DIRECTION('',(0.,-1.,0.));
#9260=DIRECTION('center_axis',(-0.207902381670468,0.,0.978149579407847));
#9261=DIRECTION('ref_axis',(0.978149579407847,-1.15526955827594E-16,0.207902381670468));
#9262=DIRECTION('',(0.978149579407847,0.,0.207902381670468));
#9263=DIRECTION('',(0.,1.,0.));
#9264=DIRECTION('',(0.978142960391038,-0.00367881855953956,0.207900974820854));
#9265=DIRECTION('center_axis',(-0.978147600733765,0.,-0.20791169081795));
#9266=DIRECTION('ref_axis',(-0.20791169081795,-3.0181679296498E-17,0.978147600733765));
#9267=DIRECTION('',(-0.20791169081795,0.,0.978147600733765));
#9268=DIRECTION('',(-0.207880554745947,-0.0173057806183341,0.978001117031932));
#9269=DIRECTION('',(0.,1.,0.));
#9270=DIRECTION('center_axis',(-0.978147998905899,0.,-0.20790981755652));
#9271=DIRECTION('ref_axis',(-0.20790981755652,3.84656080177932E-18,0.978147998905899));
#9272=DIRECTION('',(-0.20790981755652,0.,0.978147998905899));
#9273=DIRECTION('',(-0.207878681739707,-0.0173057876608458,0.978001515025207));
#9274=DIRECTION('',(0.,1.,0.));
#9275=DIRECTION('center_axis',(-0.20791169081795,0.,0.978147600733765));
#9276=DIRECTION('ref_axis',(0.978147600733765,2.30828346234835E-17,0.20791169081795));
#9277=DIRECTION('',(0.978147600733765,0.,0.20791169081795));
#9278=DIRECTION('',(0.,-1.,0.));
#9279=DIRECTION('',(-0.978147600733765,2.30828346234835E-17,-0.20791169081795));
#9280=DIRECTION('',(0.978140981137587,-0.00367898328204413,0.207910283779347));
#9281=DIRECTION('center_axis',(-0.207912158285053,0.,0.978147501370448));
#9282=DIRECTION('ref_axis',(0.978147501370448,-7.50191450274886E-18,0.207912158285053));
#9283=DIRECTION('',(0.978147501370448,0.,0.207912158285053));
#9284=DIRECTION('',(0.,1.,0.));
#9285=DIRECTION('',(0.978140881745176,-0.00367899155373088,0.207910751236959));
#9286=DIRECTION('center_axis',(0.,1.,0.));
#9287=DIRECTION('ref_axis',(-0.161944807105797,0.,-0.986799817314265));
#9288=DIRECTION('center_axis',(0.,-1.,0.));
#9289=DIRECTION('ref_axis',(-0.161944807105797,0.,-0.986799817314265));
#9290=DIRECTION('center_axis',(0.,-0.999843479323178,-0.0176922823548));
#9291=DIRECTION('ref_axis',(-1.27457440872408E-14,0.0176922823548,-0.999843479323178));
#9292=DIRECTION('center_axis',(0.,-1.,-1.11022302462516E-16));
#9293=DIRECTION('ref_axis',(-0.161944807105797,0.,-0.986799817314265));
#9294=DIRECTION('',(0.,-1.,0.));
#9295=DIRECTION('center_axis',(0.,1.,1.11022302462516E-16));
#9296=DIRECTION('ref_axis',(-1.,0.,0.));
#9297=DIRECTION('center_axis',(0.,1.,1.11022302462516E-16));
#9298=DIRECTION('ref_axis',(-1.,0.,0.));
#9299=DIRECTION('center_axis',(0.,-1.,0.));
#9300=DIRECTION('ref_axis',(-1.,0.,0.));
#9301=DIRECTION('center_axis',(0.,-1.,0.));
#9302=DIRECTION('ref_axis',(-1.,0.,0.));
#9303=DIRECTION('center_axis',(0.,1.,1.11022302462516E-16));
#9304=DIRECTION('ref_axis',(-1.,0.,0.));
#9305=DIRECTION('center_axis',(0.,1.,1.11022302462516E-16));
#9306=DIRECTION('ref_axis',(-1.,0.,0.));
#9307=DIRECTION('center_axis',(0.,-1.,0.));
#9308=DIRECTION('ref_axis',(-1.,0.,0.));
#9309=DIRECTION('',(0.,-1.,0.));
#9310=DIRECTION('center_axis',(0.,-1.,0.));
#9311=DIRECTION('ref_axis',(-1.,0.,0.));
#9312=DIRECTION('center_axis',(0.,1.,1.11022302462516E-16));
#9313=DIRECTION('ref_axis',(-1.,0.,0.));
#9314=DIRECTION('center_axis',(0.,1.,1.11022302462516E-16));
#9315=DIRECTION('ref_axis',(-1.,0.,0.));
#9316=DIRECTION('center_axis',(0.,-1.,0.));
#9317=DIRECTION('ref_axis',(-1.,0.,0.));
#9318=DIRECTION('',(0.,-1.,0.));
#9319=DIRECTION('center_axis',(0.,-1.,0.));
#9320=DIRECTION('ref_axis',(-1.,0.,0.));
#9321=DIRECTION('center_axis',(0.,1.,1.11022302462516E-16));
#9322=DIRECTION('ref_axis',(-1.,0.,0.));
#9323=DIRECTION('center_axis',(0.,1.,1.11022302462516E-16));
#9324=DIRECTION('ref_axis',(-1.,0.,0.));
#9325=DIRECTION('center_axis',(0.,-1.,0.));
#9326=DIRECTION('ref_axis',(-1.,0.,0.));
#9327=DIRECTION('',(0.,-1.,0.));
#9328=DIRECTION('center_axis',(0.,-1.,0.));
#9329=DIRECTION('ref_axis',(-1.,0.,0.));
#9330=DIRECTION('center_axis',(0.,1.,1.11022302462516E-16));
#9331=DIRECTION('ref_axis',(-1.,0.,0.));
#9332=DIRECTION('center_axis',(0.,1.,1.11022302462516E-16));
#9333=DIRECTION('ref_axis',(-1.,0.,0.));
#9334=DIRECTION('center_axis',(0.,-1.,0.));
#9335=DIRECTION('ref_axis',(-1.,0.,0.));
#9336=DIRECTION('',(0.,-1.,0.));
#9337=DIRECTION('center_axis',(0.,-1.,0.));
#9338=DIRECTION('ref_axis',(-1.,0.,0.));
#9339=DIRECTION('center_axis',(0.,1.,1.11022302462516E-16));
#9340=DIRECTION('ref_axis',(-1.,0.,0.));
#9341=DIRECTION('center_axis',(0.,1.,1.11022302462516E-16));
#9342=DIRECTION('ref_axis',(-1.,0.,0.));
#9343=DIRECTION('center_axis',(0.,1.,0.));
#9344=DIRECTION('ref_axis',(-1.,0.,0.));
#9345=DIRECTION('center_axis',(0.,-1.,0.));
#9346=DIRECTION('ref_axis',(-1.,0.,0.));
#9347=DIRECTION('',(0.,1.,0.));
#9348=DIRECTION('center_axis',(0.,1.,1.11022302462516E-16));
#9349=DIRECTION('ref_axis',(-1.,0.,0.));
#9350=DIRECTION('center_axis',(0.,1.,1.11022302462516E-16));
#9351=DIRECTION('ref_axis',(-1.,0.,0.));
#9352=DIRECTION('center_axis',(0.,1.,0.));
#9353=DIRECTION('ref_axis',(-1.,0.,0.));
#9354=DIRECTION('center_axis',(0.,-1.,0.));
#9355=DIRECTION('ref_axis',(-1.,0.,0.));
#9356=DIRECTION('',(0.,1.,0.));
#9357=DIRECTION('center_axis',(6.47826357560058E-7,0.,0.99999999999979));
#9358=DIRECTION('ref_axis',(-0.99999999999979,-7.19231738122225E-23,6.47826357560058E-7));
#9359=DIRECTION('',(-0.99999999999979,-7.19231738122225E-23,6.47826357560058E-7));
#9360=DIRECTION('center_axis',(-6.47826357560058E-7,0.,-0.99999999999979));
#9361=DIRECTION('ref_axis',(-0.99999999999979,-1.24744160070216E-15,6.47826357560058E-7));
#9362=DIRECTION('',(0.99999999999979,7.19231738122225E-23,-6.47826357560058E-7));
#9363=DIRECTION('',(0.,1.,0.));
#9364=DIRECTION('',(-0.99999999999979,-7.19231738122225E-23,6.47826357560058E-7));
#9365=DIRECTION('',(0.,-1.,0.));
#9366=DIRECTION('center_axis',(-4.18937906290637E-6,0.,0.999999999991225));
#9367=DIRECTION('ref_axis',(-0.999999999991225,4.65114509452121E-22,-4.18937906290637E-6));
#9368=DIRECTION('',(-0.999999999991225,4.65114509452121E-22,-4.18937906290637E-6));
#9369=DIRECTION('',(-0.999999999991225,4.65114509452121E-22,-4.18937906290637E-6));
#9370=DIRECTION('',(0.,1.,0.));
#9371=DIRECTION('center_axis',(0.,-1.,0.));
#9372=DIRECTION('ref_axis',(-0.473700528865925,0.,-0.880685987711933));
#9373=DIRECTION('center_axis',(0.,1.,1.11022302462516E-16));
#9374=DIRECTION('ref_axis',(-0.473700528865925,0.,-0.880685987711933));
#9375=DIRECTION('center_axis',(0.,1.,1.11022302462516E-16));
#9376=DIRECTION('ref_axis',(-0.473700528865925,9.77757861022535E-17,-0.880685987711933));
#9377=DIRECTION('',(0.,-1.,0.));
#9378=DIRECTION('center_axis',(0.,-1.,0.));
#9379=DIRECTION('ref_axis',(0.473684707883174,0.,0.880694497267714));
#9380=DIRECTION('center_axis',(0.,-1.,-1.11022302462516E-16));
#9381=DIRECTION('ref_axis',(0.473684707883174,0.,0.880694497267714));
#9382=DIRECTION('center_axis',(0.,-1.,-1.11022302462516E-16));
#9383=DIRECTION('ref_axis',(0.473684707883174,-9.77767308527293E-17,0.880694497267714));
#9384=DIRECTION('',(0.,-1.,0.));
#9385=DIRECTION('center_axis',(0.,-1.,0.));
#9386=DIRECTION('ref_axis',(-0.613784612277578,0.,-0.789473526935048));
#9387=DIRECTION('center_axis',(0.,1.,1.11022302462516E-16));
#9388=DIRECTION('ref_axis',(-0.613784612277578,0.,-0.789473526935048));
#9389=DIRECTION('center_axis',(0.,1.,1.11022302462516E-16));
#9390=DIRECTION('ref_axis',(-0.613784612277578,8.76491686935318E-17,-0.789473526935048));
#9391=DIRECTION('',(0.,-1.,0.));
#9392=DIRECTION('center_axis',(0.,-1.,0.));
#9393=DIRECTION('ref_axis',(0.61373321284922,0.,0.789513485284307));
#9394=DIRECTION('center_axis',(0.,-1.,-1.11022302462516E-16));
#9395=DIRECTION('ref_axis',(0.61373321284922,0.,0.789513485284307));
#9396=DIRECTION('center_axis',(0.,-1.,-1.11022302462516E-16));
#9397=DIRECTION('ref_axis',(0.61373321284922,-8.76536049614691E-17,0.789513485284307));
#9398=DIRECTION('',(0.,-1.,0.));
#9399=DIRECTION('center_axis',(8.69859988487847E-8,0.,0.999999999999996));
#9400=DIRECTION('ref_axis',(-0.999999999999996,-9.65738587419381E-24,8.69859988487847E-8));
#9401=DIRECTION('',(-0.999999999999996,-9.65738587419381E-24,8.69859988487847E-8));
#9402=DIRECTION('',(-0.999999999999996,-9.65738587419381E-24,8.69859988487847E-8));
#9403=DIRECTION('',(0.,-1.,0.));
#9404=DIRECTION('center_axis',(0.,-1.,0.));
#9405=DIRECTION('ref_axis',(6.46085396033838E-5,0.,0.999999997912868));
#9406=DIRECTION('center_axis',(0.,-1.,-1.11022302462516E-16));
#9407=DIRECTION('ref_axis',(6.46085396033838E-5,0.,0.999999997912868));
#9408=DIRECTION('center_axis',(0.,-1.,-1.11022302462516E-16));
#9409=DIRECTION('ref_axis',(6.46085396033838E-5,-1.11022302230797E-16,0.999999997912868));
#9410=DIRECTION('',(0.,-1.,0.));
#9411=DIRECTION('center_axis',(0.,-1.,0.));
#9412=DIRECTION('ref_axis',(-0.613786925576247,0.,-0.789471728430891));
#9413=DIRECTION('center_axis',(0.,1.,1.11022302462516E-16));
#9414=DIRECTION('ref_axis',(-0.613786925576247,0.,-0.789471728430891));
#9415=DIRECTION('center_axis',(0.,1.,1.11022302462516E-16));
#9416=DIRECTION('ref_axis',(-0.613786925576247,8.76489690194594E-17,-0.789471728430891));
#9417=DIRECTION('',(0.,-1.,0.));
#9418=DIRECTION('center_axis',(0.,-1.,0.));
#9419=DIRECTION('ref_axis',(0.613764691830403,0.,0.789489013895906));
#9420=DIRECTION('center_axis',(0.,-1.,-1.11022302462516E-16));
#9421=DIRECTION('ref_axis',(0.613764691830403,0.,0.789489013895906));
#9422=DIRECTION('center_axis',(0.,-1.,-1.11022302462516E-16));
#9423=DIRECTION('ref_axis',(0.613764691830403,-8.76508880915844E-17,0.789489013895906));
#9424=DIRECTION('',(0.,-1.,0.));
#9425=DIRECTION('center_axis',(-1.07018088306195E-7,0.,0.999999999999994));
#9426=DIRECTION('ref_axis',(-0.999999999999994,1.18813945688906E-23,-1.07018088306195E-7));
#9427=DIRECTION('',(-0.999999999999994,1.18813945688906E-23,-1.07018088306195E-7));
#9428=DIRECTION('',(-0.999999999999994,1.18813945688906E-23,-1.07018088306195E-7));
#9429=DIRECTION('',(0.,-1.,0.));
#9430=DIRECTION('center_axis',(0.,-1.,0.));
#9431=DIRECTION('ref_axis',(1.34398629147583E-5,0.,0.999999999909685));
#9432=DIRECTION('center_axis',(0.,-1.,-1.11022302462516E-16));
#9433=DIRECTION('ref_axis',(1.34398629147583E-5,0.,0.999999999909685));
#9434=DIRECTION('center_axis',(0.,-1.,-1.11022302462516E-16));
#9435=DIRECTION('ref_axis',(1.34398629147583E-5,-1.11022302452489E-16,0.999999999909685));
#9436=DIRECTION('',(0.,-1.,0.));
#9437=DIRECTION('center_axis',(0.,-1.,0.));
#9438=DIRECTION('ref_axis',(-0.473671202593381,0.,-0.880701761002974));
#9439=DIRECTION('center_axis',(0.,1.,1.11022302462516E-16));
#9440=DIRECTION('ref_axis',(-0.473671202593381,0.,-0.880701761002974));
#9441=DIRECTION('center_axis',(0.,1.,1.11022302462516E-16));
#9442=DIRECTION('ref_axis',(-0.473671202593381,9.77775372893423E-17,-0.880701761002974));
#9443=DIRECTION('',(0.,-1.,0.));
#9444=DIRECTION('center_axis',(0.,-1.,0.));
#9445=DIRECTION('ref_axis',(0.473670576293753,0.,0.880702097847816));
#9446=DIRECTION('center_axis',(0.,-1.,-1.11022302462516E-16));
#9447=DIRECTION('ref_axis',(0.473670576293753,0.,0.880702097847816));
#9448=DIRECTION('center_axis',(0.,-1.,-1.11022302462516E-16));
#9449=DIRECTION('ref_axis',(0.473670576293753,-9.77775746866322E-17,0.880702097847816));
#9450=DIRECTION('',(0.,-1.,0.));
#9451=DIRECTION('center_axis',(0.,-1.,0.));
#9452=DIRECTION('ref_axis',(-0.99999999999809,0.,1.95435467368286E-6));
#9453=DIRECTION('center_axis',(0.,1.,1.11022302462516E-16));
#9454=DIRECTION('ref_axis',(-0.99999999999809,0.,1.95435467368286E-6));
#9455=DIRECTION('center_axis',(0.,1.,1.11022302462516E-16));
#9456=DIRECTION('ref_axis',(-0.99999999999809,-2.16976955700649E-22,1.95435467368286E-6));
#9457=DIRECTION('',(0.,-1.,0.));
#9458=DIRECTION('center_axis',(0.999999999999996,0.,-8.99127573633699E-8));
#9459=DIRECTION('ref_axis',(8.99127573633699E-8,-1.11022302462515E-16,0.999999999999996));
#9460=DIRECTION('',(8.99127573633699E-8,-1.11022302462515E-16,0.999999999999996));
#9461=DIRECTION('',(8.99127573633699E-8,-1.11022302462515E-16,0.999999999999996));
#9462=DIRECTION('',(0.,-1.,0.));
#9463=DIRECTION('center_axis',(0.,-1.,0.));
#9464=DIRECTION('ref_axis',(0.613779097082667,0.,0.789477814751235));
#9465=DIRECTION('center_axis',(0.,1.,1.11022302462516E-16));
#9466=DIRECTION('ref_axis',(0.613779097082667,0.,0.789477814751235));
#9467=DIRECTION('center_axis',(0.,1.,1.11022302462516E-16));
#9468=DIRECTION('ref_axis',(0.613779097082667,-8.76496447367575E-17,0.789477814751235));
#9469=DIRECTION('',(0.,-1.,0.));
#9470=DIRECTION('center_axis',(0.,-1.,0.));
#9471=DIRECTION('ref_axis',(-0.6137720163104,0.,-0.789483319642832));
#9472=DIRECTION('center_axis',(0.,-1.,-1.11022302462516E-16));
#9473=DIRECTION('ref_axis',(-0.6137720163104,0.,-0.789483319642832));
#9474=DIRECTION('center_axis',(0.,-1.,-1.11022302462516E-16));
#9475=DIRECTION('ref_axis',(-0.6137720163104,8.76502559024974E-17,-0.789483319642832));
#9476=DIRECTION('',(0.,-1.,0.));
#9477=DIRECTION('center_axis',(2.14040818420371E-7,0.,-0.999999999999977));
#9478=DIRECTION('ref_axis',(0.999999999999977,-2.37633044819908E-23,2.14040818420371E-7));
#9479=DIRECTION('',(0.999999999999977,-2.37633044819908E-23,2.14040818420371E-7));
#9480=DIRECTION('',(0.999999999999977,-2.37633044819908E-23,2.14040818420371E-7));
#9481=DIRECTION('',(0.,-1.,0.));
#9482=DIRECTION('center_axis',(0.,-1.,0.));
#9483=DIRECTION('ref_axis',(4.37970078444149E-5,0.,-0.999999999040911));
#9484=DIRECTION('center_axis',(0.,-1.,-1.11022302462516E-16));
#9485=DIRECTION('ref_axis',(4.37970078444149E-5,0.,-0.999999999040911));
#9486=DIRECTION('center_axis',(0.,-1.,-1.11022302462516E-16));
#9487=DIRECTION('ref_axis',(4.37970078444149E-5,1.11022302356035E-16,-0.999999999040911));
#9488=DIRECTION('',(0.,-1.,0.));
#9489=DIRECTION('center_axis',(0.,-1.,0.));
#9490=DIRECTION('ref_axis',(0.473657069651873,0.,0.880709362030858));
#9491=DIRECTION('center_axis',(0.,1.,1.11022302462516E-16));
#9492=DIRECTION('ref_axis',(0.473657069651873,0.,0.880709362030858));
#9493=DIRECTION('center_axis',(0.,1.,1.11022302462516E-16));
#9494=DIRECTION('ref_axis',(0.473657069651873,-9.7778381172959E-17,0.880709362030858));
#9495=DIRECTION('',(0.,-1.,0.));
#9496=DIRECTION('center_axis',(0.,-1.,0.));
#9497=DIRECTION('ref_axis',(-0.473696432426225,0.,-0.880688191079378));
#9498=DIRECTION('center_axis',(0.,-1.,-1.11022302462516E-16));
#9499=DIRECTION('ref_axis',(-0.473696432426225,0.,-0.880688191079378));
#9500=DIRECTION('center_axis',(0.,-1.,-1.11022302462516E-16));
#9501=DIRECTION('ref_axis',(-0.473696432426225,9.77760307251804E-17,-0.880688191079378));
#9502=DIRECTION('',(0.,-1.,0.));
#9503=DIRECTION('center_axis',(0.,-1.,0.));
#9504=DIRECTION('ref_axis',(0.613768190255766,0.,0.789486294136992));
#9505=DIRECTION('center_axis',(0.,1.,1.11022302462516E-16));
#9506=DIRECTION('ref_axis',(0.613768190255766,0.,0.789486294136992));
#9507=DIRECTION('center_axis',(0.,1.,1.11022302462516E-16));
#9508=DIRECTION('ref_axis',(0.613768190255766,-8.76505861376877E-17,0.789486294136992));
#9509=DIRECTION('',(0.,-1.,0.));
#9510=DIRECTION('center_axis',(0.,-1.,0.));
#9511=DIRECTION('ref_axis',(-0.613808107834522,0.,-0.789455259502782));
#9512=DIRECTION('center_axis',(0.,-1.,-1.11022302462516E-16));
#9513=DIRECTION('ref_axis',(-0.613808107834522,0.,-0.789455259502781));
#9514=DIRECTION('center_axis',(0.,-1.,-1.11022302462516E-16));
#9515=DIRECTION('ref_axis',(-0.613808107834522,8.76471406011415E-17,-0.789455259502782));
#9516=DIRECTION('',(0.,-1.,0.));
#9517=DIRECTION('center_axis',(9.23733507887511E-5,0.,-0.999999995733582));
#9518=DIRECTION('ref_axis',(0.999999995733582,-1.02555020907448E-20,9.23733507887511E-5));
#9519=DIRECTION('',(0.999999995733582,-1.02555020907448E-20,9.23733507887511E-5));
#9520=DIRECTION('',(0.999999995733582,-1.02555020907448E-20,9.23733507887511E-5));
#9521=DIRECTION('',(0.,-1.,0.));
#9522=DIRECTION('center_axis',(0.,-1.,0.));
#9523=DIRECTION('ref_axis',(-3.78314435053078E-5,0.,-0.999999999284391));
#9524=DIRECTION('center_axis',(0.,-1.,-1.11022302462516E-16));
#9525=DIRECTION('ref_axis',(-3.78314435053078E-5,0.,-0.999999999284391));
#9526=DIRECTION('center_axis',(0.,-1.,-1.11022302462516E-16));
#9527=DIRECTION('ref_axis',(-3.78314435053078E-5,1.11022302383067E-16,-0.999999999284391));
#9528=DIRECTION('',(0.,-1.,0.));
#9529=DIRECTION('center_axis',(0.207911641460977,0.,-0.978147611224912));
#9530=DIRECTION('ref_axis',(0.978147611224912,-2.30828291437586E-17,0.207911641460977));
#9531=DIRECTION('',(0.978147611224912,-2.30828291437586E-17,0.207911641460977));
#9532=DIRECTION('',(0.978147611224912,-2.30828291437586E-17,0.207911641460977));
#9533=DIRECTION('',(0.,-1.,0.));
#9534=DIRECTION('center_axis',(0.,-1.,0.));
#9535=DIRECTION('ref_axis',(0.207904204391588,0.,-0.978149191992868));
#9536=DIRECTION('center_axis',(0.,-1.,-1.11022302462516E-16));
#9537=DIRECTION('ref_axis',(0.207904204391588,0.,-0.978149191992868));
#9538=DIRECTION('center_axis',(0.,-1.,-1.11022302462516E-16));
#9539=DIRECTION('ref_axis',(0.207904204391588,1.08596375446897E-16,-0.978149191992868));
#9540=DIRECTION('',(0.,-1.,0.));
#9541=DIRECTION('center_axis',(0.,-1.,0.));
#9542=DIRECTION('ref_axis',(0.613746695962148,0.,0.789503003918001));
#9543=DIRECTION('center_axis',(0.,1.,1.11022302462516E-16));
#9544=DIRECTION('ref_axis',(0.613746695962148,0.,0.789503003918001));
#9545=DIRECTION('center_axis',(0.,1.,1.11022302462516E-16));
#9546=DIRECTION('ref_axis',(0.613746695962148,-8.76524412960489E-17,0.789503003918001));
#9547=DIRECTION('',(0.,-1.,0.));
#9548=DIRECTION('center_axis',(0.,-1.,0.));
#9549=DIRECTION('ref_axis',(-0.613799839253857,0.,-0.789461688324354));
#9550=DIRECTION('center_axis',(0.,-1.,-1.11022302462516E-16));
#9551=DIRECTION('ref_axis',(-0.613799839253857,0.,-0.789461688324354));
#9552=DIRECTION('center_axis',(0.,-1.,-1.11022302462516E-16));
#9553=DIRECTION('ref_axis',(-0.613799839253857,8.76478543437146E-17,-0.789461688324354));
#9554=DIRECTION('',(0.,-1.,0.));
#9555=DIRECTION('center_axis',(0.,1.,0.));
#9556=DIRECTION('ref_axis',(-0.613799839253857,4.1305166007848E-17,-0.789461688324354));
#9557=DIRECTION('',(-1.29933825183083E-5,-0.707106781186545,0.70710678106717));
#9558=DIRECTION('',(0.433984450645674,-0.707106781186546,0.558262927837568));
#9559=DIRECTION('center_axis',(0.,-1.,0.));
#9560=DIRECTION('ref_axis',(0.613746695962148,-4.59535815721328E-17,0.789503003918001));
#9561=DIRECTION('',(-0.415400266489985,-0.707106781186558,0.572226020554846));
#9562=DIRECTION('center_axis',(0.,1.,0.));
#9563=DIRECTION('ref_axis',(0.207904204391588,5.11775208405546E-17,-0.978149191992868));
#9564=DIRECTION('',(-0.147015731564681,-0.707106781186555,0.691654808898551));
#9565=DIRECTION('center_axis',(0.147015731564684,-0.70710678118654,-0.691654808898565));
#9566=DIRECTION('ref_axis',(-0.978147611224912,0.,-0.207911641460977));
#9567=DIRECTION('',(-0.147045226703992,-0.707106781186547,0.691648538857398));
#9568=DIRECTION('center_axis',(0.,1.,0.));
#9569=DIRECTION('ref_axis',(-3.78314435053077E-5,5.23195989632392E-17,-0.999999999284391));
#9570=DIRECTION('',(-6.53178227513147E-5,-0.707106781186552,0.70710677816973));
#9571=DIRECTION('center_axis',(6.531782274365E-5,-0.707106781186543,-0.707106778169739));
#9572=DIRECTION('ref_axis',(-0.999999995733582,0.,-9.23733507887511E-5));
#9573=DIRECTION('',(-1.73670322313674E-5,-0.707106781186553,0.707106780973269));
#9574=DIRECTION('center_axis',(0.,1.,0.));
#9575=DIRECTION('ref_axis',(-0.613808107834522,4.13047433672738E-17,-0.789455259502782));
#9576=DIRECTION('',(0.433999649406449,-0.707106781186549,0.558251112238102));
#9577=DIRECTION('center_axis',(0.,-1.,0.));
#9578=DIRECTION('ref_axis',(0.613768190255766,-4.59526689018328E-17,0.789486294136992));
#9579=DIRECTION('',(-0.334954535236883,-0.707106781186555,0.622740282400483));
#9580=DIRECTION('center_axis',(0.,1.,0.));
#9581=DIRECTION('ref_axis',(-0.473696432426225,4.60782864703845E-17,-0.880688191079378));
#9582=DIRECTION('',(0.334926125907789,-0.707106781186547,0.622755562146498));
#9583=DIRECTION('center_axis',(0.,-1.,0.));
#9584=DIRECTION('ref_axis',(0.473657069651873,-5.12623464718008E-17,0.880709362030858));
#9585=DIRECTION('',(-0.433988026860544,-0.70710678118655,0.558260147728358));
#9586=DIRECTION('center_axis',(0.,1.,0.));
#9587=DIRECTION('ref_axis',(4.37970078444149E-5,5.23212993259797E-17,-0.999999999040911));
#9588=DIRECTION('',(-1.51349728274024E-7,-0.707106781186544,0.707106781186535));
#9589=DIRECTION('center_axis',(1.51349714155762E-7,-0.707106781186551,-0.707106781186528));
#9590=DIRECTION('ref_axis',(-0.999999999999977,0.,-2.14040818420371E-7));
#9591=DIRECTION('',(1.34790669025855E-5,-0.707106781186546,0.707106781058078));
#9592=DIRECTION('center_axis',(0.,1.,0.));
#9593=DIRECTION('ref_axis',(-0.6137720163104,4.13065815972943E-17,-0.789483319642832));
#9594=DIRECTION('',(0.434007361697707,-0.707106781186552,0.558245116406932));
#9595=DIRECTION('center_axis',(0.,-1.,0.));
#9596=DIRECTION('ref_axis',(0.613779097082667,-4.59522377991351E-17,0.789477814751236));
#9597=DIRECTION('',(-0.707106781186551,-0.707106781186541,6.35779423405766E-8));
#9598=DIRECTION('center_axis',(0.707106781186538,-0.707106781186554,-6.35779205253236E-8));
#9599=DIRECTION('ref_axis',(-8.99127574743922E-8,0.,-0.999999999999996));
#9600=DIRECTION('',(-0.707106781185203,-0.707106781186542,1.38193743944137E-6));
#9601=DIRECTION('center_axis',(0.,-1.,0.));
#9602=DIRECTION('ref_axis',(-0.99999999999809,-1.13754913438373E-22,1.95435467368286E-6));
#9603=DIRECTION('',(0.33493621646398,-0.707106781186542,-0.622750135207373));
#9604=DIRECTION('center_axis',(0.,1.,0.));
#9605=DIRECTION('ref_axis',(0.473670576293753,-4.6079176195179E-17,0.880702097847816));
#9606=DIRECTION('',(-0.334936119406566,-0.70710678118654,-0.622750187408147));
#9607=DIRECTION('center_axis',(0.,-1.,0.));
#9608=DIRECTION('ref_axis',(-0.473671202593381,5.12619600678696E-17,-0.880701761002974));
#9609=DIRECTION('',(0.434019725206783,-0.707106781186538,-0.55823550418389));
#9610=DIRECTION('center_axis',(0.,1.,0.));
#9611=DIRECTION('ref_axis',(1.34398629147583E-5,-5.2320705950421E-17,0.999999999909685));
#9612=DIRECTION('',(7.56732061193761E-8,-0.707106781186546,-0.707106781186544));
#9613=DIRECTION('center_axis',(-7.56732159509311E-8,-0.707106781186549,
0.707106781186542));
#9614=DIRECTION('ref_axis',(0.999999999999994,0.,1.07018088306195E-7));
#9615=DIRECTION('',(-1.89089340693383E-5,-0.707106781186531,-0.70710678093374));
#9616=DIRECTION('center_axis',(0.,1.,0.));
#9617=DIRECTION('ref_axis',(0.613764691830403,-4.13069447753929E-17,0.789489013895906));
#9618=DIRECTION('',(-0.434012897278612,-0.707106781186545,-0.558240812728548));
#9619=DIRECTION('center_axis',(0.,-1.,0.));
#9620=DIRECTION('ref_axis',(-0.613786925576247,4.5951893319311E-17,-0.789471728430891));
#9621=DIRECTION('',(0.434049331006869,-0.707106781186538,-0.558212484859039));
#9622=DIRECTION('center_axis',(0.,1.,0.));
#9623=DIRECTION('ref_axis',(6.46085396033838E-5,-5.23201716447938E-17,0.999999997912868));
#9624=DIRECTION('',(-6.15083846296771E-8,-0.707106781186553,-0.707106781186539));
#9625=DIRECTION('center_axis',(6.15083896542614E-8,-0.707106781186542,0.707106781186551));
#9626=DIRECTION('ref_axis',(0.999999999999996,0.,-8.69859988487848E-8));
#9627=DIRECTION('',(-4.39349392386123E-5,-0.707106781186544,-0.707106779821637));
#9628=DIRECTION('center_axis',(0.,1.,0.));
#9629=DIRECTION('ref_axis',(0.61373321284922,-4.1308534418315E-17,0.789513485284307));
#9630=DIRECTION('',(-0.434011261529436,-0.707106781186539,-0.558242084463039));
#9631=DIRECTION('center_axis',(0.,-1.,0.));
#9632=DIRECTION('ref_axis',(-0.613784612277578,4.59520008141077E-17,-0.789473526935048));
#9633=DIRECTION('',(0.334945552288068,-0.707106781186544,-0.622745113993234));
#9634=DIRECTION('center_axis',(0.,1.,0.));
#9635=DIRECTION('ref_axis',(0.473684707883174,-4.60786864715458E-17,0.880694497267714));
#9636=DIRECTION('',(-0.334956856212755,-0.707106781186534,-0.622739034007093));
#9637=DIRECTION('center_axis',(0.,-1.,0.));
#9638=DIRECTION('ref_axis',(-0.473700528865925,5.12612364248026E-17,-0.880685987711933));
#9639=DIRECTION('',(2.96233834330279E-6,-0.707106781186542,-0.707106781180348));
#9640=DIRECTION('center_axis',(-2.96233834434202E-6,-0.707106781186553,
0.707106781180337));
#9641=DIRECTION('ref_axis',(0.999999999991225,0.,4.18937906290637E-6));
#9642=DIRECTION('',(-4.58082406928094E-7,-0.70710678118655,-0.707106781186397));
#9643=DIRECTION('center_axis',(4.580824104621E-7,-0.707106781186545,0.707106781186401));
#9644=DIRECTION('ref_axis',(0.99999999999979,0.,-6.47826357560058E-7));
#9645=DIRECTION('center_axis',(0.,0.,1.));
#9646=DIRECTION('ref_axis',(-1.,-1.24744160070242E-15,0.));
#9647=DIRECTION('center_axis',(2.0598663000023E-7,0.,0.999999999999979));
#9648=DIRECTION('ref_axis',(-0.999999999999979,-1.2474416007024E-15,2.0598663000023E-7));
#9649=DIRECTION('',(0.,0.,1.));
#9650=DIRECTION('center_axis',(0.,1.,0.));
#9651=DIRECTION('ref_axis',(-0.707106854013816,0.,-0.707106708359272));
#9652=DIRECTION('center_axis',(0.,-1.,0.));
#9653=DIRECTION('ref_axis',(-0.707106854013816,0.,-0.707106708359272));
#9654=DIRECTION('',(0.,1.,0.));
#9655=DIRECTION('center_axis',(0.,-1.,-1.11022302462516E-16));
#9656=DIRECTION('ref_axis',(-0.707106854013816,0.,-0.707106708359272));
#9657=DIRECTION('',(0.,-1.,0.));
#9658=DIRECTION('center_axis',(-1.,0.,1.77920356510442E-16));
#9659=DIRECTION('ref_axis',(1.77920356510442E-16,0.,1.));
#9660=DIRECTION('',(-1.77920356510442E-16,0.,-1.));
#9661=DIRECTION('',(1.77920356510442E-16,-1.11022302462516E-16,1.));
#9662=DIRECTION('',(0.,1.,0.));
#9663=DIRECTION('center_axis',(0.,1.,0.));
#9664=DIRECTION('ref_axis',(-0.20791169081795,0.,0.978147600733765));
#9665=DIRECTION('center_axis',(0.,1.,0.));
#9666=DIRECTION('ref_axis',(-0.20791169081795,0.,0.978147600733765));
#9667=DIRECTION('center_axis',(0.,1.,1.11022302462516E-16));
#9668=DIRECTION('ref_axis',(-0.20791169081795,0.,0.978147600733765));
#9669=DIRECTION('center_axis',(-0.978147600733733,0.,-0.2079116908181));
#9670=DIRECTION('ref_axis',(-0.2079116908181,1.60776159620855E-17,0.978147600733733));
#9671=DIRECTION('',(-0.2079116908181,0.,0.978147600733733));
#9672=DIRECTION('',(-0.207880554746097,-0.0173057806183335,0.9780011170319));
#9673=DIRECTION('',(-0.2079116908181,-1.08596198781644E-16,0.978147600733733));
#9674=DIRECTION('',(0.,1.,0.));
#9675=DIRECTION('center_axis',(0.,-1.,0.));
#9676=DIRECTION('ref_axis',(0.104528463267837,0.,-0.994521895368254));
#9677=DIRECTION('center_axis',(0.,1.,0.));
#9678=DIRECTION('ref_axis',(0.104528463267837,0.,-0.994521895368254));
#9679=DIRECTION('center_axis',(0.,1.,1.11022302462516E-16));
#9680=DIRECTION('ref_axis',(0.104528463267837,0.,-0.994521895368254));
#9681=DIRECTION('',(0.,1.,0.));
#9682=DIRECTION('center_axis',(0.,-1.,0.));
#9683=DIRECTION('ref_axis',(0.989717149286697,0.,-0.143038331952712));
#9684=DIRECTION('center_axis',(0.,-1.,0.));
#9685=DIRECTION('ref_axis',(0.989717149286697,0.,-0.143038331952712));
#9686=DIRECTION('center_axis',(0.,-1.,-1.11022302462516E-16));
#9687=DIRECTION('ref_axis',(0.989717149286697,0.,-0.143038331952712));
#9688=DIRECTION('',(0.,-1.,0.));
#9689=DIRECTION('center_axis',(-0.989717149286697,0.,0.143038331952712));
#9690=DIRECTION('ref_axis',(0.143038331952712,0.,0.989717149286697));
#9691=DIRECTION('',(-0.143038331952712,0.,-0.989717149286697));
#9692=DIRECTION('',(0.143038331952712,-1.09880676700446E-16,0.989717149286697));
#9693=DIRECTION('',(0.,-1.,0.));
#9694=DIRECTION('center_axis',(0.,1.,0.));
#9695=DIRECTION('ref_axis',(-0.999763501036659,0.,-0.0217472295919069));
#9696=DIRECTION('center_axis',(0.,-1.,0.));
#9697=DIRECTION('ref_axis',(-0.999763501036659,0.,-0.0217472295919069));
#9698=DIRECTION('center_axis',(0.,-1.,-1.11022302462516E-16));
#9699=DIRECTION('ref_axis',(-0.999763501036659,0.,-0.0217472295919069));
#9700=DIRECTION('',(0.,-1.,0.));
#9701=DIRECTION('center_axis',(-0.999999999999996,0.,8.69565217416305E-8));
#9702=DIRECTION('ref_axis',(8.69565217416305E-8,-1.11022302462515E-16,0.999999999999996));
#9703=DIRECTION('',(-8.69565217416305E-8,0.,-0.999999999999996));
#9704=DIRECTION('',(8.69565217416305E-8,-1.11022302462515E-16,0.999999999999996));
#9705=DIRECTION('',(0.,1.,0.));
#9706=DIRECTION('center_axis',(-0.999738690532798,0.,0.0228593668277649));
#9707=DIRECTION('ref_axis',(0.0228593668277649,-1.10993291283812E-16,0.999738690532798));
#9708=DIRECTION('',(-0.0228593668277649,0.,-0.999738690532798));
#9709=DIRECTION('',(0.0228593668277649,-1.10993291283812E-16,0.999738690532798));
#9710=DIRECTION('',(0.,1.,0.));
#9711=DIRECTION('center_axis',(0.,1.,0.));
#9712=DIRECTION('ref_axis',(-0.995187329611471,0.,0.0979907086452096));
#9713=DIRECTION('center_axis',(0.,-1.,0.));
#9714=DIRECTION('ref_axis',(-0.995187329611471,0.,0.0979907086452096));
#9715=DIRECTION('center_axis',(0.,1.,1.11022302462516E-16));
#9716=DIRECTION('ref_axis',(-0.995187329611471,-1.08791540937247E-17,0.0979907086452096));
#9717=DIRECTION('',(0.,1.,0.));
#9718=DIRECTION('center_axis',(-0.0227881908867588,0.,0.999740315460024));
#9719=DIRECTION('ref_axis',(0.999740315460024,-2.52999742120328E-18,0.0227881908867588));
#9720=DIRECTION('',(-0.999740315460024,0.,-0.0227881908867588));
#9721=DIRECTION('',(0.999740315460024,-2.52999742120328E-18,0.0227881908867588));
#9722=DIRECTION('',(0.,1.,0.));
#9723=DIRECTION('center_axis',(0.,1.,0.));
#9724=DIRECTION('ref_axis',(0.707106781186549,0.,0.707106781186546));
#9725=DIRECTION('center_axis',(0.,-1.,0.));
#9726=DIRECTION('ref_axis',(0.707106781186549,0.,0.707106781186546));
#9727=DIRECTION('center_axis',(0.,-0.999843479323178,-0.0176922823548));
#9728=DIRECTION('ref_axis',(2.53725543260781E-15,-0.0176922823548,0.999843479323178));
#9729=DIRECTION('',(0.,-1.,0.));
#9730=DIRECTION('center_axis',(-1.,0.,0.));
#9731=DIRECTION('ref_axis',(0.,-3.71895568873586E-17,1.));
#9732=DIRECTION('',(0.,0.,1.));
#9733=DIRECTION('',(0.,-0.0176922823548,0.999843479323178));
#9734=DIRECTION('',(0.,1.,0.));
#9735=DIRECTION('center_axis',(0.,1.,0.));
#9736=DIRECTION('ref_axis',(0.707106781186549,0.,-0.707106781186546));
#9737=DIRECTION('center_axis',(0.,-1.,0.));
#9738=DIRECTION('ref_axis',(0.707106781186549,0.,-0.707106781186546));
#9739=DIRECTION('center_axis',(0.,-0.999843479323178,-0.0176922823548));
#9740=DIRECTION('ref_axis',(2.53725543260781E-15,0.0176922823548,-0.999843479323178));
#9741=DIRECTION('',(0.,-1.,0.));
#9742=DIRECTION('center_axis',(6.86501886095954E-16,0.,1.));
#9743=DIRECTION('ref_axis',(1.,0.,-6.86501886095954E-16));
#9744=DIRECTION('',(1.,0.,-6.86501886095954E-16));
#9745=DIRECTION('',(1.,1.21476865700362E-17,-6.86501886095954E-16));
#9746=DIRECTION('center_axis',(0.,1.,0.));
#9747=DIRECTION('ref_axis',(-0.544639035014862,0.,-0.838670567945531));
#9748=DIRECTION('center_axis',(0.,-1.,0.));
#9749=DIRECTION('ref_axis',(-0.544639035014862,0.,-0.838670567945531));
#9750=DIRECTION('center_axis',(0.,-0.999843479323178,-0.0176922823548));
#9751=DIRECTION('ref_axis',(-8.78524693540456E-14,0.0176922823548,-0.999843479323178));
#9752=DIRECTION('',(0.,-1.,0.));
#9753=DIRECTION('center_axis',(-0.207911690817927,0.,0.97814760073377));
#9754=DIRECTION('ref_axis',(0.97814760073377,-6.27997443252852E-17,0.207911690817927));
#9755=DIRECTION('',(0.97814760073377,0.,0.207911690817927));
#9756=DIRECTION('',(0.978140981137592,-0.00367898328204372,0.207910283779324));
#9757=DIRECTION('center_axis',(0.978147600733764,0.,0.207911690817957));
#9758=DIRECTION('ref_axis',(0.207911690817957,-4.18414842716767E-17,-0.978147600733764));
#9759=DIRECTION('',(0.,1.,0.));
#9760=DIRECTION('',(0.207911690817957,0.,-0.978147600733764));
#9761=DIRECTION('',(0.207880554745955,0.0173057806183341,-0.97800111703193));
#9762=DIRECTION('center_axis',(0.,1.,0.));
#9763=DIRECTION('ref_axis',(-0.838670567945553,0.,0.544639035014828));
#9764=DIRECTION('',(0.,-1.,0.));
#9765=DIRECTION('center_axis',(0.,-1.,0.));
#9766=DIRECTION('ref_axis',(-0.838670567945553,0.,0.544639035014828));
#9767=DIRECTION('center_axis',(0.207911690818021,0.,-0.97814760073375));
#9768=DIRECTION('ref_axis',(-0.97814760073375,-1.62300892012881E-16,-0.207911690818021));
#9769=DIRECTION('',(0.978140981137572,-0.00367898328204487,0.207910283779418));
#9770=DIRECTION('',(0.,1.,0.));
#9771=DIRECTION('',(-0.97814760073375,0.,-0.207911690818021));
#9772=DIRECTION('center_axis',(0.207911690818021,0.,-0.97814760073375));
#9773=DIRECTION('ref_axis',(4.13973468179984E-12,-1.,8.79914243663876E-13));
#9774=DIRECTION('center_axis',(0.,1.,0.));
#9775=DIRECTION('ref_axis',(0.544639035014862,0.,0.838670567945531));
#9776=DIRECTION('center_axis',(0.,-1.,0.));
#9777=DIRECTION('ref_axis',(0.544639035014862,0.,0.838670567945531));
#9778=DIRECTION('',(0.,-1.,0.));
#9779=DIRECTION('center_axis',(0.207911690817949,0.,-0.978147600733765));
#9780=DIRECTION('ref_axis',(-0.978147600733765,6.18454416704568E-17,-0.207911690817949));
#9781=DIRECTION('',(0.978140981137588,-0.0036789832820436,0.207910283779346));
#9782=DIRECTION('center_axis',(0.207911690817949,0.,-0.978147600733765));
#9783=DIRECTION('ref_axis',(-2.36331084588311E-13,-1.,-5.02439441812044E-14));
#9784=DIRECTION('',(-0.978147600733765,0.,-0.207911690817949));
#9785=DIRECTION('',(0.,1.,0.));
#9786=DIRECTION('center_axis',(0.207912158285051,0.,-0.978147501370449));
#9787=DIRECTION('ref_axis',(-0.978147501370449,-2.66294968365421E-17,-0.207912158285051));
#9788=DIRECTION('',(0.978140881745177,-0.00367899155373035,0.207910751236958));
#9789=DIRECTION('',(-0.978147501370449,0.,-0.207912158285051));
#9790=DIRECTION('center_axis',(0.,0.,1.));
#9791=DIRECTION('ref_axis',(-1.,0.,0.));
#9792=DIRECTION('',(-1.,0.,0.));
#9793=DIRECTION('',(0.,-1.,0.));
#9794=DIRECTION('center_axis',(0.,-0.999843479323178,-0.0176922823547976));
#9795=DIRECTION('ref_axis',(0.,0.0176922823547976,-0.999843479323178));
#9796=DIRECTION('',(-0.978140979991409,0.00367898337743155,-0.207910289170003));
#9797=DIRECTION('',(-0.207880554745951,-0.0173057806183317,0.978001117031931));
#9798=DIRECTION('',(0.207880554745951,0.0173057806183317,-0.978001117031932));
#9799=DIRECTION('center_axis',(0.,0.999843479323178,0.0176922823548));
#9800=DIRECTION('ref_axis',(0.,-0.0176922823548,0.999843479323178));
#9801=DIRECTION('',(-1.,0.,0.));
#9802=DIRECTION('center_axis',(0.,-0.999843479323178,-0.0176922823548));
#9803=DIRECTION('ref_axis',(-1.11004925176592E-16,0.0176922823548,-0.999843479323178));
#9804=DIRECTION('',(0.,0.0176922823548,-0.999843479323178));
#9805=DIRECTION('center_axis',(0.,-0.999843479323178,-0.0176922823548));
#9806=DIRECTION('ref_axis',(3.43726750809317E-13,-0.0176922823548,0.999843479323178));
#9807=DIRECTION('',(-1.,4.02228045350845E-16,-2.27311027644683E-14));
#9808=DIRECTION('',(-0.207880554745951,-0.0173057806183341,0.978001117031932));
#9809=DIRECTION('',(0.207880554745951,0.0173057806183341,-0.978001117031931));
#9810=DIRECTION('center_axis',(0.,-0.999843479323178,-0.0176922823548));
#9811=DIRECTION('ref_axis',(-4.95557701681214E-16,-0.0176922823548,0.999843479323178));
#9812=DIRECTION('',(1.,0.,0.));
#9813=DIRECTION('center_axis',(1.,-4.02228045350845E-16,2.27311027644683E-14));
#9814=DIRECTION('ref_axis',(-1.55638482283191E-14,0.700823700243222,0.713334522631142));
#9815=DIRECTION('center_axis',(-1.,3.92909082964957E-16,-2.22044604925031E-14));
#9816=DIRECTION('ref_axis',(-2.22044604925031E-14,0.,1.));
#9817=DIRECTION('center_axis',(-1.,4.71490899557949E-16,-2.66453525910037E-14));
#9818=DIRECTION('ref_axis',(-2.66453525910037E-14,0.,1.));
#9819=DIRECTION('center_axis',(2.2225538009354E-15,0.0176922823547998,-0.999843479323178));
#9820=DIRECTION('ref_axis',(-1.,1.38777878078145E-16,-2.22044604925032E-15));
#9821=DIRECTION('center_axis',(0.,-0.0176922823548,0.999843479323178));
#9822=DIRECTION('ref_axis',(-0.707106781186546,0.706996104354572,0.0125103328277445));
#9823=DIRECTION('center_axis',(0.,0.017692282354802,-0.999843479323178));
#9824=DIRECTION('ref_axis',(-1.,0.,0.));
#9825=DIRECTION('center_axis',(1.,0.,0.));
#9826=DIRECTION('ref_axis',(0.,0.,-1.));
#9827=DIRECTION('center_axis',(-1.,0.,0.));
#9828=DIRECTION('ref_axis',(0.,0.713334522631143,-0.700823700243221));
#9829=DIRECTION('center_axis',(0.999968438257137,-0.000140564587161951,
0.00794372275318686));
#9830=DIRECTION('ref_axis',(-4.44089209850063E-15,0.999843479323178,0.017692282354802));
#9831=DIRECTION('center_axis',(0.,-1.,0.));
#9832=DIRECTION('ref_axis',(0.104528466008266,0.,-0.994521895080223));
#9833=DIRECTION('',(0.,1.,0.));
#9834=DIRECTION('center_axis',(-0.207911696208715,0.,0.978147599587923));
#9835=DIRECTION('ref_axis',(-0.978147599587923,2.30828352219786E-17,-0.207911696208715));
#9836=DIRECTION('',(0.978140979991409,-0.00367898337743155,0.207910289170003));
#9837=DIRECTION('',(0.,-1.,0.));
#9838=DIRECTION('center_axis',(-0.969164382190187,-0.135216387671438,-0.20600225435417));
#9839=DIRECTION('ref_axis',(-0.207911696208714,1.38777878078145E-16,0.978147599587923));
#9840=DIRECTION('center_axis',(-0.978140979991409,0.00367898337743199,-0.207910289170003));
#9841=DIRECTION('ref_axis',(-0.207911696208715,0.,0.978147599587923));
#9842=DIRECTION('center_axis',(-0.978140979991409,0.00367898337743155,-0.207910289170003));
#9843=DIRECTION('ref_axis',(-0.145759943927166,0.70095685879927,0.698150070435154));
#9844=DIRECTION('center_axis',(-0.97814097999141,0.00367898337743055,-0.207910289169999));
#9845=DIRECTION('ref_axis',(-0.207911696208711,1.38777878078144E-16,0.978147599587923));
#9846=DIRECTION('center_axis',(0.972097776861477,-0.111048209236443,0.206625766656418));
#9847=DIRECTION('ref_axis',(0.0983903218992489,0.992641024578656,0.0705913654776503));
#9848=DIRECTION('center_axis',(-0.968635309737183,0.248367523198982,-0.00769481321121512));
#9849=DIRECTION('ref_axis',(-0.00794372283166479,4.16333634234434E-16,0.999968448136027));
#9850=DIRECTION('center_axis',(-0.968635309737183,0.248367523198982,-0.00769481321121512));
#9851=DIRECTION('ref_axis',(-0.00794372283166479,4.16333634234434E-16,0.999968448136027));
#9852=DIRECTION('center_axis',(-0.207880554745951,-0.0173057806183317,0.978001117031932));
#9853=DIRECTION('ref_axis',(-0.371666425470682,-0.923457744403267,-0.0953407702899259));
#9854=DIRECTION('center_axis',(-0.207880554745951,-0.0173057806183317,0.978001117031932));
#9855=DIRECTION('ref_axis',(-0.371666425470683,-0.923457744403267,-0.0953407702899259));
#9856=DIRECTION('',(0.207880554745951,0.0173057806183317,-0.978001117031932));
#9857=DIRECTION('center_axis',(-0.207880554745938,-0.0173057806183343,0.978001117031934));
#9858=DIRECTION('ref_axis',(0.354997065261724,0.930337530715347,0.0919193265751805));
#9859=DIRECTION('center_axis',(0.207880554745951,0.0173057806183317,-0.978001117031932));
#9860=DIRECTION('ref_axis',(0.180603691724448,0.981973837936472,0.0557645778592028));
#9861=DIRECTION('center_axis',(-0.207880554745959,-0.0173057806183335,0.97800111703193));
#9862=DIRECTION('ref_axis',(0.354997051491108,0.930337536249443,0.0919193237460791));
#9863=DIRECTION('center_axis',(-0.761323333838112,-0.0114711877392966,0.648270925775229));
#9864=DIRECTION('ref_axis',(0.235310842911955,0.926783891574987,0.292746350148363));
#9865=DIRECTION('center_axis',(0.,0.,1.));
#9866=DIRECTION('ref_axis',(1.,0.,0.));
#9867=DIRECTION('center_axis',(0.207880554745951,0.0173057806183317,-0.978001117031931));
#9868=DIRECTION('ref_axis',(0.371666425470682,-0.926252692344592,0.0626100479335508));
#9869=DIRECTION('',(-0.207880554745951,-0.0173057806183317,0.978001117031931));
#9870=DIRECTION('center_axis',(0.207880554745946,0.0173057806183317,-0.978001117031933));
#9871=DIRECTION('ref_axis',(0.371666425470675,-0.926252692344594,0.0626100479335472));
#9872=DIRECTION('center_axis',(0.960171544128477,0.278958798149695,0.0158932306600418));
#9873=DIRECTION('ref_axis',(-0.273671510555022,0.927455078457241,0.254815583813875));
#9874=DIRECTION('center_axis',(0.,-1.,0.));
#9875=DIRECTION('ref_axis',(-0.104528466008254,0.,0.994521895080225));
#9876=DIRECTION('center_axis',(-7.33330284228551E-18,0.99986364897343,0.016513129973956));
#9877=DIRECTION('ref_axis',(-4.44028657830411E-16,-0.016513129973956,0.99986364897343));
#9878=DIRECTION('center_axis',(1.,0.,0.));
#9879=DIRECTION('ref_axis',(0.,0.70082370024322,0.713334522631143));
#9880=DIRECTION('center_axis',(-1.,1.09075137053945E-15,1.11022302462516E-15));
#9881=DIRECTION('ref_axis',(1.11022302462516E-15,0.,1.));
#9882=DIRECTION('center_axis',(-0.999862992791222,0.000292857056522468,
-0.0165502229992594));
#9883=DIRECTION('ref_axis',(-0.0165502237089766,-9.71445146547015E-16,0.999863035667977));
#9884=DIRECTION('center_axis',(0.,0.,1.));
#9885=DIRECTION('ref_axis',(1.,0.,0.));
#9886=DIRECTION('center_axis',(-0.656793036751697,0.013341235098234,-0.753952862134323));
#9887=DIRECTION('ref_axis',(-0.273671510546239,0.927455078461293,0.254815583808559));
#9888=DIRECTION('center_axis',(-0.207880554745965,-0.0173057806183365,0.978001117031929));
#9889=DIRECTION('ref_axis',(0.,0.999843479323178,0.0176922823548026));
#9890=DIRECTION('center_axis',(0.207880554745963,0.0173057806183322,-0.978001117031929));
#9891=DIRECTION('ref_axis',(-0.354997051491114,0.933007129761916,-0.0589473429939572));
#9892=DIRECTION('center_axis',(-0.207880554745951,-0.0173057806183317,0.978001117031931));
#9893=DIRECTION('ref_axis',(-0.180603691724449,0.98333198567807,-0.0209883891216896));
#9894=DIRECTION('center_axis',(2.66897104576083E-7,-0.707106781186546,-0.707106781186499));
#9895=DIRECTION('ref_axis',(-0.999999999999929,0.,-3.77449505049605E-7));
#9896=DIRECTION('',(0.999999999999929,-4.19053131139441E-23,3.77449505049606E-7));
#9897=DIRECTION('center_axis',(3.77449505049606E-7,0.,-0.999999999999929));
#9898=DIRECTION('ref_axis',(0.999999999999929,-4.19053131139441E-23,3.77449505049606E-7));
#9899=DIRECTION('',(0.999999999999929,-4.19053131139441E-23,3.77449505049606E-7));
#9900=DIRECTION('center_axis',(0.,1.,0.));
#9901=DIRECTION('ref_axis',(-1.,0.,0.));
#9902=DIRECTION('',(-0.999999999999997,0.,-7.69230707092232E-8));
#9903=DIRECTION('center_axis',(-7.69230707092232E-8,0.,0.999999999999997));
#9904=DIRECTION('ref_axis',(0.999999999999997,-8.54017642262485E-24,7.69230707092232E-8));
#9905=DIRECTION('',(0.999999999999997,-8.54017642262485E-24,7.69230707092232E-8));
#9906=DIRECTION('center_axis',(0.,1.,1.11022302462516E-16));
#9907=DIRECTION('ref_axis',(-1.,0.,0.));
#9908=DIRECTION('',(-0.999999999999979,-2.28691099391198E-23,2.0598663000023E-7));
#9909=DIRECTION('center_axis',(-2.0598663000023E-7,0.,-0.999999999999979));
#9910=DIRECTION('ref_axis',(-0.999999999999979,0.,2.0598663000023E-7));
#9911=DIRECTION('',(-0.999999999999979,0.,2.0598663000023E-7));
#9912=DIRECTION('center_axis',(0.,1.,0.));
#9913=DIRECTION('ref_axis',(-1.,0.,0.));
#9914=DIRECTION('',(1.,0.,0.));
#9915=DIRECTION('center_axis',(0.,-0.707106781186546,-0.707106781186549));
#9916=DIRECTION('ref_axis',(-1.,0.,0.));
#9917=CARTESIAN_POINT('',(0.,0.,0.));
#9918=CARTESIAN_POINT('Origin',(80.750775,1.55,35.5508550000001));
#9919=CARTESIAN_POINT('',(82.500775,2.05,35.5508550000001));
#9920=CARTESIAN_POINT('',(106.500775,2.04999999999999,35.550855));
#9921=CARTESIAN_POINT('',(40.3753877501459,2.05,35.5508550000001));
#9922=CARTESIAN_POINT('',(82.500775,4.51754036756808,35.5508550000001));
#9923=CARTESIAN_POINT('',(82.500775,1.55,35.5508550000001));
#9924=CARTESIAN_POINT('',(106.500775,4.51754036756808,35.550855));
#9925=CARTESIAN_POINT('',(40.3753877501459,4.51754036756808,35.5508550000001));
#9926=CARTESIAN_POINT('',(106.500775,1.55,35.550855));
#9927=CARTESIAN_POINT('Origin',(108.250767,1.54999999999999,-23.9491580000001));
#9928=CARTESIAN_POINT('',(108.250767,2.05,-23.9491580000001));
#9929=CARTESIAN_POINT('',(108.250767,2.05,-37.199158));
#9930=CARTESIAN_POINT('',(108.250767,2.05,-11.9995974258755));
#9931=CARTESIAN_POINT('',(108.250767,5.5703961913845,-23.9491580000001));
#9932=CARTESIAN_POINT('',(108.250767,1.55,-23.9491580000001));
#9933=CARTESIAN_POINT('',(108.250767,5.80485563033567,-37.199158));
#9934=CARTESIAN_POINT('',(108.250767,5.35782978097075,-11.9363981359422));
#9935=CARTESIAN_POINT('',(108.250767,1.54999999999999,-37.199158));
#9936=CARTESIAN_POINT('Origin',(108.2507715,1.54999999999999,-1.9491451363637));
#9937=CARTESIAN_POINT('',(108.2507715,2.04999999999999,-1.9491451363637));
#9938=CARTESIAN_POINT('',(108.250771694225,2.05,-0.999602065152413));
#9939=CARTESIAN_POINT('',(108.2507715,5.18110481984285,-1.9491451363637));
#9940=CARTESIAN_POINT('',(108.2507715,1.54999999999999,-1.9491451363637));
#9941=CARTESIAN_POINT('',(108.250771706447,5.16324521842259,-0.939845959171122));
#9942=CARTESIAN_POINT('Origin',(108.25077,1.54999999999999,10.0508549999999));
#9943=CARTESIAN_POINT('',(108.25077,2.05,10.0508549999999));
#9944=CARTESIAN_POINT('',(108.250770631305,2.05,5.00041583979765));
#9945=CARTESIAN_POINT('',(108.25077,4.96876419347411,10.0508549999999));
#9946=CARTESIAN_POINT('',(108.25077,1.54999999999999,10.0508549999999));
#9947=CARTESIAN_POINT('',(108.25077062407,5.05710782281199,5.05829383904485));
#9948=CARTESIAN_POINT('Origin',(108.25077,1.54999999999999,13.050855));
#9949=CARTESIAN_POINT('',(108.25077,2.05,11.300855));
#9950=CARTESIAN_POINT('',(108.25077,2.05,6.50040907412459));
#9951=CARTESIAN_POINT('',(108.25077,4.94664537847872,11.300855));
#9952=CARTESIAN_POINT('',(108.25077,1.55,11.300855));
#9953=CARTESIAN_POINT('',(108.25077,5.03057367277327,6.55781755020718));
#9954=CARTESIAN_POINT('Origin',(106.50077,1.55,11.300855));
#9955=CARTESIAN_POINT('',(106.50077,2.05,13.050855));
#9956=CARTESIAN_POINT('Origin',(106.50077,2.05,11.300855));
#9957=CARTESIAN_POINT('',(106.50077,4.91567903748517,13.050855));
#9958=CARTESIAN_POINT('',(106.50077,1.55,13.050855));
#9959=CARTESIAN_POINT('Origin',(106.50077,4.94664537847872,11.300855));
#9960=CARTESIAN_POINT('Origin',(89.4269235060717,1.55,13.050855));
#9961=CARTESIAN_POINT('',(90.8686548704463,2.05,13.050855));
#9962=CARTESIAN_POINT('',(44.7134620031817,2.05,13.050855));
#9963=CARTESIAN_POINT('',(90.8686548704463,4.91567903748517,13.050855));
#9964=CARTESIAN_POINT('',(90.8686548704463,1.55,13.050855));
#9965=CARTESIAN_POINT('',(44.7134620031817,4.91567903748517,13.050855));
#9966=CARTESIAN_POINT('Origin',(90.8686548704463,1.55,11.300855));
#9967=CARTESIAN_POINT('',(89.1510024343408,2.05,11.635773062727));
#9968=CARTESIAN_POINT('Origin',(90.8686548704463,2.05,11.300855));
#9969=CARTESIAN_POINT('',(89.1510024343408,4.94071898594426,11.635773062727));
#9970=CARTESIAN_POINT('',(89.1510024343408,1.55,11.635773062727));
#9971=CARTESIAN_POINT('Origin',(90.8686548704463,4.94664537847872,11.300855));
#9972=CARTESIAN_POINT('Origin',(88.4224965101082,1.54999999999999,7.89957572154215));
#9973=CARTESIAN_POINT('',(88.7292126595482,2.05,9.47259252747047));
#9974=CARTESIAN_POINT('',(86.0565280062893,2.05,-4.2344714279127));
#9975=CARTESIAN_POINT('',(88.7292126595482,4.97899657799304,9.47259252747048));
#9976=CARTESIAN_POINT('',(88.7292126595482,1.55,9.47259252747048));
#9977=CARTESIAN_POINT('',(86.0679431795133,5.22050785582983,-4.17592785478584));
#9978=CARTESIAN_POINT('Origin',(87.0115602234427,1.55,9.80751059019747));
#9979=CARTESIAN_POINT('',(86.8286354127236,2.05,8.06709727330306));
#9980=CARTESIAN_POINT('Origin',(87.0115602234427,2.05,9.80751059019747));
#9981=CARTESIAN_POINT('',(86.8286354127236,5.00386688959611,8.06709727330306));
#9982=CARTESIAN_POINT('',(86.8286354127236,1.55,8.06709727330306));
#9983=CARTESIAN_POINT('Origin',(87.0115602234427,4.97307018545858,9.80751059019747));
#9984=CARTESIAN_POINT('Origin',(71.6963696684121,1.55,9.65756249220165));
#9985=CARTESIAN_POINT('',(72.9739263515599,2.05,9.52328587401037));
#9986=CARTESIAN_POINT('',(36.7444503539517,2.05,13.3311572428289));
#9987=CARTESIAN_POINT('',(72.9739263515599,4.97809955659015,9.52328587401037));
#9988=CARTESIAN_POINT('',(72.9739263515599,1.55,9.52328587401037));
#9989=CARTESIAN_POINT('',(36.7387028999731,4.91070838546556,13.331761324584));
#9990=CARTESIAN_POINT('Origin',(72.7910015408408,1.55,7.78287255711596));
#9991=CARTESIAN_POINT('',(71.1854003792955,2.05,8.47896515874631));
#9992=CARTESIAN_POINT('Origin',(72.7910015408408,2.05,7.78287255711596));
#9993=CARTESIAN_POINT('',(71.1854003792955,4.99657886594758,8.4789651587463));
#9994=CARTESIAN_POINT('',(71.1854003792955,1.55,8.4789651587463));
#9995=CARTESIAN_POINT('Origin',(72.7910015408408,5.00889626072767,7.78287255711596));
#9996=CARTESIAN_POINT('Origin',(70.3703006607581,1.54999999999999,6.59886321283605));
#9997=CARTESIAN_POINT('',(70.9196601652352,2.05,7.86601108429524));
#9998=CARTESIAN_POINT('',(63.5901056292337,2.05,-9.04027587960925));
#9999=CARTESIAN_POINT('',(70.9196601652352,5.00742512016634,7.86601108429524));
#10000=CARTESIAN_POINT('',(70.9196601652352,1.55,7.86601108429524));
#10001=CARTESIAN_POINT('',(63.6128330262829,5.30565512258386,-8.987853062565));
#10002=CARTESIAN_POINT('Origin',(69.3140590036899,1.55,8.56210368592558));
#10003=CARTESIAN_POINT('',(69.0101746927726,2.05,6.83869011815425));
#10004=CARTESIAN_POINT('Origin',(69.3140590036899,2.05,8.56210368592558));
#10005=CARTESIAN_POINT('',(69.0101746927726,5.02560361807911,6.83869011815425));
#10006=CARTESIAN_POINT('',(69.0101746927726,1.55,6.83869011815425));
#10007=CARTESIAN_POINT('Origin',(69.3140590036899,4.99510772538624,8.56210368592558));
#10008=CARTESIAN_POINT('Origin',(55.2035511259783,1.55,9.27317036546692));
#10009=CARTESIAN_POINT('',(56.5996441242408,2.05,9.02700150229491));
#10010=CARTESIAN_POINT('',(29.2312523456953,2.05,13.8527873914551));
#10011=CARTESIAN_POINT('',(56.5996441242408,4.98688133435261,9.02700150229491));
#10012=CARTESIAN_POINT('',(56.5996441242408,1.55,9.02700150229491));
#10013=CARTESIAN_POINT('',(29.2218256220529,4.90145938965813,13.854449577173));
#10014=CARTESIAN_POINT('Origin',(56.9035284351581,1.55,10.7504150700662));
#10015=CARTESIAN_POINT('',(55.1545731865281,2.05,10.6899540223603));
#10016=CARTESIAN_POINT('Origin',(56.9035284351581,2.05,10.7504150700662));
#10017=CARTESIAN_POINT('',(55.1545731865281,4.95745530304265,10.6899540223603));
#10018=CARTESIAN_POINT('',(55.1545731865281,1.55,10.6899540223603));
#10019=CARTESIAN_POINT('Origin',(56.9035284351581,4.95638544165974,10.7504150700662));
#10020=CARTESIAN_POINT('Origin',(55.0603466089843,1.55,13.4156439269943));
#10021=CARTESIAN_POINT('',(55.1076010242578,2.05,12.048716611816));
#10022=CARTESIAN_POINT('',(55.259960528498,2.05,7.64141695807124));
#10023=CARTESIAN_POINT('',(55.1076010242578,4.93341192837159,12.048716611816));
#10024=CARTESIAN_POINT('',(55.1076010242578,1.54999999999999,12.048716611816));
#10025=CARTESIAN_POINT('',(55.2579906286878,5.0103910034488,7.69840020171187));
#10026=CARTESIAN_POINT('Origin',(53.3586457756278,1.54999999999999,11.98825556411));
#10027=CARTESIAN_POINT('',(53.7224912345593,2.05,13.7000138653941));
#10028=CARTESIAN_POINT('Origin',(53.3586457756278,2.05,11.98825556411));
#10029=CARTESIAN_POINT('',(53.7224912345593,4.90419213760815,13.7000138653941));
#10030=CARTESIAN_POINT('',(53.7224912345593,1.54999999999999,13.7000138653941));
#10031=CARTESIAN_POINT('Origin',(53.3586457756278,4.93448178975449,11.98825556411));
#10032=CARTESIAN_POINT('Origin',(39.6236379030873,1.54999999999999,16.6968176530246));
#10033=CARTESIAN_POINT('',(39.6236379030873,2.05,16.6968176530246));
#10034=CARTESIAN_POINT('',(22.3711199070789,2.05,20.3639535584098));
#10035=CARTESIAN_POINT('',(39.6236379030873,4.85116353876327,16.6968176530246));
#10036=CARTESIAN_POINT('',(39.6236379030873,1.54999999999999,16.6968176530246));
#10037=CARTESIAN_POINT('',(22.3603241299996,4.78623277316954,20.3662482716664));
#10038=CARTESIAN_POINT('Origin',(34.7328607126979,1.55,17.736322672376));
#10039=CARTESIAN_POINT('',(34.7328607126979,2.05,17.736322672376));
#10040=CARTESIAN_POINT('',(19.9255415206991,2.05,20.8835285302646));
#10041=CARTESIAN_POINT('',(34.7328607126979,4.83276944339542,17.736322672376));
#10042=CARTESIAN_POINT('',(34.7328607126979,1.55,17.736322672376));
#10043=CARTESIAN_POINT('',(19.9147794126347,4.77703899606742,20.8858159510397));
#10044=CARTESIAN_POINT('Origin',(19.0825050103908,1.54999999999999,21.0629084693744));
#10045=CARTESIAN_POINT('',(20.7942633116749,2.05,20.699063010443));
#10046=CARTESIAN_POINT('',(12.1005471802967,2.05,22.5469694194657));
#10047=CARTESIAN_POINT('',(20.7942633116749,4.78034359906175,20.699063010443));
#10048=CARTESIAN_POINT('',(20.7942633116749,1.54999999999999,20.699063010443));
#10049=CARTESIAN_POINT('',(12.089890410644,4.74760471683402,22.5492345857816));
#10050=CARTESIAN_POINT('Origin',(20.4304178527435,1.54999999999999,18.9873047091589));
#10051=CARTESIAN_POINT('',(18.7186595514594,2.04999999999999,19.3511501680903));
#10052=CARTESIAN_POINT('Origin',(20.4304178527435,2.05,18.9873047091589));
#10053=CARTESIAN_POINT('',(18.7186595514594,4.80419498689368,19.3511501680903));
#10054=CARTESIAN_POINT('',(18.7186595514594,1.54999999999999,19.3511501680903));
#10055=CARTESIAN_POINT('Origin',(20.4304178527435,4.81063325120809,18.9873047091589));
#10056=CARTESIAN_POINT('Origin',(11.7038411727306,1.54999999999999,27.2318604194394));
#10057=CARTESIAN_POINT('',(12.067686631662,2.04999999999999,28.9436187207232));
#10058=CARTESIAN_POINT('',(15.0824061485224,2.05,43.1267589313629));
#10059=CARTESIAN_POINT('',(8.67674179723211,2.05,12.9904775530994));
#10060=CARTESIAN_POINT('',(12.067686631662,4.63445575708182,28.9436187207232));
#10061=CARTESIAN_POINT('',(12.067686631662,1.54999999999999,28.9436187207232));
#10062=CARTESIAN_POINT('',(15.0824061485224,4.38348435358353,43.126758931363));
#10063=CARTESIAN_POINT('',(8.68800387212801,4.91580986674128,13.0434614497499));
#10064=CARTESIAN_POINT('',(15.0824061485224,1.54999999999999,43.126758931363));
#10065=CARTESIAN_POINT('Origin',(13.7794449329461,1.54999999999999,28.5797732617918));
#10066=CARTESIAN_POINT('',(13.4155994740147,2.04999999999999,26.8680149605077));
#10067=CARTESIAN_POINT('Origin',(13.7794449329461,2.05,28.5797732617918));
#10068=CARTESIAN_POINT('',(13.4155994740147,4.67118367354258,26.8680149605077));
#10069=CARTESIAN_POINT('',(13.4155994740147,1.54999999999999,26.8680149605077));
#10070=CARTESIAN_POINT('Origin',(13.7794449329461,4.64089402139624,28.5797732617918));
#10071=CARTESIAN_POINT('Origin',(13.5879525814719,-1.505,20.9529214999935));
#10072=CARTESIAN_POINT('',(13.5879525814719,-1.00500000000001,50.9529214999935));
#10073=CARTESIAN_POINT('',(13.587952581472,-2.00500000000001,49.9529214999935));
#10074=CARTESIAN_POINT('',(13.5879525814719,-1.00500000000001,50.9529214999935));
#10075=CARTESIAN_POINT('',(19.6173917715247,-2.00500000000001,49.3192018880433));
#10076=CARTESIAN_POINT('Origin',(13.5879525814719,-2.005,20.9529214999935));
#10077=CARTESIAN_POINT('',(19.8253034677334,-1.005,50.2973494876312));
#10078=CARTESIAN_POINT('',(19.8253034677334,-1.005,50.2973494876312));
#10079=CARTESIAN_POINT('Origin',(13.5879525814719,-1.00499999999999,20.9529214999935));
#10080=CARTESIAN_POINT('Origin',(13.8146130131399,-1.50500000000001,51.063790920515));
#10081=CARTESIAN_POINT('',(56.7139726687095,-1.00500000000001,42.4564205851954));
#10082=CARTESIAN_POINT('',(56.5060609725008,-2.005,41.4782729856075));
#10083=CARTESIAN_POINT('',(56.7139726687095,-1.00500000000001,42.4564205851954));
#10084=CARTESIAN_POINT('',(13.9185688612443,-1.00500000000001,51.552864720309));
#10085=CARTESIAN_POINT('',(13.7106571650356,-2.00500000000001,50.5747171207211));
#10086=CARTESIAN_POINT('Origin',(62.951323554971,-1.505,71.8008485728331));
#10087=CARTESIAN_POINT('',(62.9513235549703,-2.00500000000001,40.8008485728331));
#10088=CARTESIAN_POINT('Origin',(62.951323554971,-2.00500000000001,71.8008485728331));
#10089=CARTESIAN_POINT('',(62.9513235549703,-1.00499999999999,41.8008485728331));
#10090=CARTESIAN_POINT('',(62.9513235549703,-1.00499999999999,41.8008485728331));
#10091=CARTESIAN_POINT('Origin',(62.951323554971,-1.005,71.8008485728331));
#10092=CARTESIAN_POINT('Origin',(29.8990984568544,-1.50500000000001,41.3008485728339));
#10093=CARTESIAN_POINT('',(110.000768499969,-1.00500000000001,41.800848572832));
#10094=CARTESIAN_POINT('',(110.000768499969,-2.00500000000001,40.800848572832));
#10095=CARTESIAN_POINT('',(110.000768499969,-1.00500000000001,41.800848572832));
#10096=CARTESIAN_POINT('',(29.8990984568544,-1.00500000000001,41.8008485728339));
#10097=CARTESIAN_POINT('',(29.8990984568544,-2.00500000000001,40.8008485728338));
#10098=CARTESIAN_POINT('Origin',(110.000768499969,-1.505,37.300848572832));
#10099=CARTESIAN_POINT('',(113.500768499969,-2.005,37.300848572832));
#10100=CARTESIAN_POINT('Origin',(110.000768499969,-2.005,37.300848572832));
#10101=CARTESIAN_POINT('',(114.500768499969,-1.005,37.300848572832));
#10102=CARTESIAN_POINT('',(114.500768499969,-1.005,37.300848572832));
#10103=CARTESIAN_POINT('Origin',(110.000768499969,-1.005,37.300848572832));
#10104=CARTESIAN_POINT('Origin',(114.000768499969,-1.505,20.8754058605405));
#10105=CARTESIAN_POINT('',(114.500768499969,-1.005,-46.5529952034952));
#10106=CARTESIAN_POINT('',(113.500768499969,-2.005,-46.5529952034952));
#10107=CARTESIAN_POINT('',(114.500768499969,-1.005,-46.5529952034952));
#10108=CARTESIAN_POINT('',(114.500768499969,-1.005,20.8754058605405));
#10109=CARTESIAN_POINT('',(113.500768499969,-2.005,20.8754058605405));
#10110=CARTESIAN_POINT('Origin',(110.000768499969,-1.505,-46.5529952034952));
#10111=CARTESIAN_POINT('',(110.000768499969,-2.00499999999999,-50.0529952034952));
#10112=CARTESIAN_POINT('Origin',(110.000768499969,-2.005,-46.5529952034952));
#10113=CARTESIAN_POINT('',(110.000768499969,-1.00500000000001,-51.0529952034952));
#10114=CARTESIAN_POINT('',(110.000768499969,-1.00500000000001,-51.0529952034952));
#10115=CARTESIAN_POINT('Origin',(110.000768499969,-1.00500000000001,-46.5529952034952));
#10116=CARTESIAN_POINT('Origin',(57.2503845001305,-1.50499999999999,-50.5529952034952));
#10117=CARTESIAN_POINT('',(5.970769,-1.00499999999999,-51.0529952034952));
#10118=CARTESIAN_POINT('',(4.97076900000002,-2.005,-50.0529952034952));
#10119=CARTESIAN_POINT('',(14.3786215833548,7.40285258335497,-59.4608477868502));
#10120=CARTESIAN_POINT('',(57.2503845001305,-1.00499999999999,-51.0529952034952));
#10121=CARTESIAN_POINT('',(57.2503845001305,-2.005,-50.0529952034952));
#10122=CARTESIAN_POINT('Origin',(5.470769,0.162499999999473,-50.5529952034952));
#10123=CARTESIAN_POINT('',(4.970769,0.375000000000006,-50.0529952034952));
#10124=CARTESIAN_POINT('',(4.970769,0.162499999999468,-50.0529952034952));
#10125=CARTESIAN_POINT('',(5.970769,0.375000000000004,-51.0529952034952));
#10126=CARTESIAN_POINT('',(4.970769,0.375000000000006,-50.0529952034952));
#10127=CARTESIAN_POINT('',(5.97076899999999,0.162499999999478,-51.0529952034952));
#10128=CARTESIAN_POINT('Origin',(3.190769,0.375000000000008,-50.5529952034952));
#10129=CARTESIAN_POINT('',(3.190769,2.15500000000001,-50.0529952034952));
#10130=CARTESIAN_POINT('Origin',(3.190769,0.375000000000008,-50.0529952034952));
#10131=CARTESIAN_POINT('',(3.19076900000001,3.15500000000001,-51.0529952034952));
#10132=CARTESIAN_POINT('',(3.190769,2.15500000000001,-50.0529952034952));
#10133=CARTESIAN_POINT('Origin',(3.190769,0.375000000000008,-51.0529952034952));
#10134=CARTESIAN_POINT('Origin',(4.970769,0.375000000000006,-51.0529952034952));
#10135=CARTESIAN_POINT('',(4.97076900000002,-2.005,-48.9529829781304));
#10136=CARTESIAN_POINT('',(4.97076900000002,-1.505,-48.4529829781302));
#10137=CARTESIAN_POINT('',(4.97076900000002,-1.81000471159681,-48.7579876897271));
#10138=CARTESIAN_POINT('',(4.970769,0.375000000000006,-48.4529829781302));
#10139=CARTESIAN_POINT('',(4.970769,0.162500000000081,-48.4529829781302));
#10140=CARTESIAN_POINT('',(4.970769,0.375000000000006,-51.0529952034952));
#10141=CARTESIAN_POINT('',(4.97076900000002,-2.005,-25.551516027623));
#10142=CARTESIAN_POINT('Origin',(110.000768499969,-0.0500000000000047,37.300848572832));
#10143=CARTESIAN_POINT('',(114.500768499969,2.48626104994484,37.300848572832));
#10144=CARTESIAN_POINT('',(110.000768499969,2.44202341995405,41.800848572832));
#10145=CARTESIAN_POINT('Origin',(110.000768499969,2.48626104994484,37.300848572832));
#10146=CARTESIAN_POINT('',(110.000768499969,-0.0500000000000047,41.800848572832));
#10147=CARTESIAN_POINT('',(114.500768499969,-0.0500000000000047,37.300848572832));
#10148=CARTESIAN_POINT('Origin',(114.500768499969,-0.0500000000000047,41.8008485728319));
#10149=CARTESIAN_POINT('',(114.500768499969,3.97005917565782,-46.5529952034952));
#10150=CARTESIAN_POINT('',(114.500768499969,2.77634960600459,20.9070817661474));
#10151=CARTESIAN_POINT('',(114.500768499969,-0.0499999999999995,-46.5529952034952));
#10152=CARTESIAN_POINT('Origin',(110.000768499969,-0.0499999999999995,-46.5529952034952));
#10153=CARTESIAN_POINT('',(110.000768499969,4.01429680564861,-51.0529952034952));
#10154=CARTESIAN_POINT('Origin',(110.000768499969,3.97005917565782,-46.5529952034952));
#10155=CARTESIAN_POINT('',(110.000768499969,-0.0499999999999995,-51.0529952034952));
#10156=CARTESIAN_POINT('Origin',(59.7981964134161,-0.0500000000000047,41.8008485728332));
#10157=CARTESIAN_POINT('',(62.9513235549703,2.44202341995404,41.8008485728331));
#10158=CARTESIAN_POINT('',(29.8990984568544,2.44202341995402,41.8008485728339));
#10159=CARTESIAN_POINT('',(62.9513235549703,-0.0500000000000052,41.8008485728331));
#10160=CARTESIAN_POINT('Origin',(106.500775,1.55,33.800855));
#10161=CARTESIAN_POINT('',(108.250775,2.04999999999999,33.800855));
#10162=CARTESIAN_POINT('Origin',(106.500775,2.05,33.800855));
#10163=CARTESIAN_POINT('',(108.250775,4.54850670856163,33.800855));
#10164=CARTESIAN_POINT('Origin',(106.500775,4.54850670856163,33.800855));
#10165=CARTESIAN_POINT('',(108.250775,1.55,33.800855));
#10166=CARTESIAN_POINT('Origin',(108.250775,1.54999999999999,35.550855));
#10167=CARTESIAN_POINT('',(108.250775,2.05,19.300855));
#10168=CARTESIAN_POINT('',(108.250775,2.05,17.7504090741246));
#10169=CARTESIAN_POINT('',(108.250775,4.8050849625082,19.300855));
#10170=CARTESIAN_POINT('',(108.250775,4.83156664987187,17.8042961105893));
#10171=CARTESIAN_POINT('',(108.250775,1.54999999999999,19.300855));
#10172=CARTESIAN_POINT('Origin',(106.500767,1.54999999999999,-37.199158));
#10173=CARTESIAN_POINT('',(106.500767,2.05,-38.949158));
#10174=CARTESIAN_POINT('Origin',(106.500767,2.05,-37.199158));
#10175=CARTESIAN_POINT('',(106.500767,5.83582197132922,-38.949158));
#10176=CARTESIAN_POINT('Origin',(106.500767,5.80485563033567,-37.199158));
#10177=CARTESIAN_POINT('',(106.500767,1.54999999999999,-38.949158));
#10178=CARTESIAN_POINT('Origin',(108.250767,1.55,-38.949158));
#10179=CARTESIAN_POINT('',(91.2107200302693,2.05,-38.949158));
#10180=CARTESIAN_POINT('',(54.1253837501459,2.05,-38.949158));
#10181=CARTESIAN_POINT('',(91.2107200302693,5.83582197132922,-38.949158));
#10182=CARTESIAN_POINT('',(54.1253837501459,5.83582197132922,-38.949158));
#10183=CARTESIAN_POINT('',(91.2107200302693,1.55,-38.949158));
#10184=CARTESIAN_POINT('Origin',(106.500775,1.54999999999999,19.300855));
#10185=CARTESIAN_POINT('',(106.500775,2.04999999999999,17.550855));
#10186=CARTESIAN_POINT('Origin',(106.500775,2.05,19.300855));
#10187=CARTESIAN_POINT('',(106.500775,4.83605130350175,17.550855));
#10188=CARTESIAN_POINT('Origin',(106.500775,4.8050849625082,19.300855));
#10189=CARTESIAN_POINT('',(106.500775,1.54999999999999,17.550855));
#10190=CARTESIAN_POINT('Origin',(56.2095719896092,1.54999999999999,17.7718655306256));
#10191=CARTESIAN_POINT('',(54.4978136883251,2.05,18.135710989557));
#10192=CARTESIAN_POINT('',(40.5592104350165,2.05,21.0984525715657));
#10193=CARTESIAN_POINT('',(31.131884626816,2.05,23.1022925311018));
#10194=CARTESIAN_POINT('',(54.4978136883251,4.82570224635618,18.135710989557));
#10195=CARTESIAN_POINT('',(54.4978136883251,1.55,18.135710989557));
#10196=CARTESIAN_POINT('',(40.5592104350165,4.77327638001089,21.0984525715657));
#10197=CARTESIAN_POINT('',(31.1212632183524,4.73777837849935,23.1045501811649));
#10198=CARTESIAN_POINT('',(40.5592104350165,1.55,21.0984525715657));
#10199=CARTESIAN_POINT('Origin',(91.2107200302693,1.55,-40.699158));
#10200=CARTESIAN_POINT('',(90.1216656665875,2.05,-39.3293183769252));
#10201=CARTESIAN_POINT('Origin',(91.2107200302693,2.05,-40.699158));
#10202=CARTESIAN_POINT('',(90.1216656665875,5.84254892896585,-39.3293183769252));
#10203=CARTESIAN_POINT('Origin',(91.2107200302693,5.86678831232277,-40.699158));
#10204=CARTESIAN_POINT('',(90.1216656665875,1.55,-39.3293183769252));
#10205=CARTESIAN_POINT('Origin',(90.5998408291888,1.55,-38.949158));
#10206=CARTESIAN_POINT('',(84.8647519300286,2.05,-43.5086870766325));
#10207=CARTESIAN_POINT('',(72.3180185858559,2.05,-53.4836319302139));
#10208=CARTESIAN_POINT('',(84.8647519300286,5.91650307541894,-43.5086870766325));
#10209=CARTESIAN_POINT('',(72.3551373120686,6.0924880578421,-53.4541216794698));
#10210=CARTESIAN_POINT('',(84.8647519300286,1.55,-43.5086870766325));
#10211=CARTESIAN_POINT('Origin',(83.7756975663469,1.55,-42.1388474535577));
#10212=CARTESIAN_POINT('',(83.5927727556279,2.05,-43.8792607704521));
#10213=CARTESIAN_POINT('Origin',(83.7756975663469,2.05,-42.1388474535577));
#10214=CARTESIAN_POINT('',(83.5927727556279,5.92306039619954,-43.8792607704521));
#10215=CARTESIAN_POINT('Origin',(83.7756975663469,5.89226369206202,-42.1388474535577));
#10216=CARTESIAN_POINT('',(83.5927727556279,1.55,-43.8792607704521));
#10217=CARTESIAN_POINT('Origin',(84.3045378553376,1.54999999999999,-43.9540702969462));
#10218=CARTESIAN_POINT('',(68.6549069925053,2.04999999999999,-42.3092278129121));
#10219=CARTESIAN_POINT('',(40.330792823541,2.05,-39.3322434535946));
#10220=CARTESIAN_POINT('',(67.8438169915181,5.89377009599343,-42.2239788186264));
#10221=CARTESIAN_POINT('',(40.3233311753874,5.84258681099051,-39.3314592027715));
#10222=CARTESIAN_POINT('',(67.8438169915181,3.56000000000001,-42.2239788186264));
#10223=CARTESIAN_POINT('',(67.8438169915181,1.54999999999999,-42.2239788186264));
#10224=CARTESIAN_POINT('',(68.6549069925053,3.56000000000001,-42.3092278129121));
#10225=CARTESIAN_POINT('',(75.0585147653941,3.56000000000001,-42.9822741108253));
#10226=CARTESIAN_POINT('',(68.6549069925053,3.56000000000001,-42.3092278129121));
#10227=CARTESIAN_POINT('Origin',(67.660892180799,1.54999999999999,-43.9643921355208));
#10228=CARTESIAN_POINT('',(66.8221198133793,3.56000000000001,-42.4285012163298));
#10229=CARTESIAN_POINT('Origin',(67.660892180799,3.56000000000001,-43.9643921355208));
#10230=CARTESIAN_POINT('',(66.8221198133793,5.8973891304552,-42.4285012163298));
#10231=CARTESIAN_POINT('Origin',(67.660892180799,5.92456680013095,-43.9643921355208));
#10232=CARTESIAN_POINT('',(66.8221198133793,1.54999999999999,-42.4285012163298));
#10233=CARTESIAN_POINT('Origin',(67.301078818707,1.54999999999999,-42.1669347380234));
#10234=CARTESIAN_POINT('',(63.0015003526778,3.56000000000001,-44.5149970670576));
#10235=CARTESIAN_POINT('',(66.3747447143114,3.56000000000001,-42.6728192641034));
#10236=CARTESIAN_POINT('',(63.0015003526778,5.93430978302392,-44.5149970670576));
#10237=CARTESIAN_POINT('',(50.2711601444153,6.05732974686628,-51.4672209920271));
#10238=CARTESIAN_POINT('',(63.0015003526778,1.54999999999999,-44.5149970670576));
#10239=CARTESIAN_POINT('Origin',(62.4630431379465,1.55,-44.8090563828014));
#10240=CARTESIAN_POINT('',(61.8588436743408,2.05,-44.702519715638));
#10241=CARTESIAN_POINT('',(45.5610106796713,2.05,-41.8287720315955));
#10242=CARTESIAN_POINT('',(28.3461458501403,2.05,-38.7933268928982));
#10243=CARTESIAN_POINT('',(61.8588436743408,5.93762800604104,-44.702519715638));
#10244=CARTESIAN_POINT('',(61.8588436743408,1.54999999999999,-44.702519715638));
#10245=CARTESIAN_POINT('',(45.5610106796713,5.88677689134762,-41.8287720315955));
#10246=CARTESIAN_POINT('',(28.3339001750424,5.83302632387072,-38.7911676499815));
#10247=CARTESIAN_POINT('',(45.5610106796713,1.55,-41.8287720315955));
#10248=CARTESIAN_POINT('Origin',(45.8648949905886,1.55,-40.1053584638242));
#10249=CARTESIAN_POINT('',(44.2470620298055,2.05,-40.7725289900044));
#10250=CARTESIAN_POINT('Origin',(45.8648949905886,2.05,-40.1053584638242));
#10251=CARTESIAN_POINT('',(44.2470620298055,5.86808661580592,-40.7725289900044));
#10252=CARTESIAN_POINT('Origin',(45.8648949905886,5.85628099865475,-40.1053584638242));
#10253=CARTESIAN_POINT('',(44.2470620298055,1.55,-40.7725289900044));
#10254=CARTESIAN_POINT('Origin',(44.6137622911863,1.54999999999999,-41.6617465832729));
#10255=CARTESIAN_POINT('',(43.0958816682991,2.05,-37.9810124892468));
#10256=CARTESIAN_POINT('',(34.0386157464443,2.05,-16.0178969618741));
#10257=CARTESIAN_POINT('',(43.0958816682991,5.81869058617644,-37.9810124892468));
#10258=CARTESIAN_POINT('',(34.0158969742593,5.42907727450121,-15.9628058314553));
#10259=CARTESIAN_POINT('',(43.0958816682991,1.54999999999999,-37.9810124892468));
#10260=CARTESIAN_POINT('Origin',(41.478048707516,1.54999999999999,-38.648183015427));
#10261=CARTESIAN_POINT('',(41.8418941664533,2.05,-36.9364247141442));
#10262=CARTESIAN_POINT('Origin',(41.478048707516,2.05,-38.648183015427));
#10263=CARTESIAN_POINT('',(41.8418941664533,5.80020655118129,-36.9364247141442));
#10264=CARTESIAN_POINT('Origin',(41.478048707516,5.83049620332761,-38.648183015427));
#10265=CARTESIAN_POINT('',(41.8418941664533,1.54999999999999,-36.9364247141442));
#10266=CARTESIAN_POINT('Origin',(42.7442009068663,1.54999999999999,-37.1282159324616));
#10267=CARTESIAN_POINT('',(28.8122266870253,2.05,-34.1668833949632));
#10268=CARTESIAN_POINT('',(18.5256947520316,2.05,-31.9804135353125));
#10269=CARTESIAN_POINT('',(28.8122266870253,5.75119937353244,-34.1668833949632));
#10270=CARTESIAN_POINT('',(18.5115658540629,5.71245653407482,-31.97741034534));
#10271=CARTESIAN_POINT('',(28.8122266870253,1.55,-34.1668833949632));
#10272=CARTESIAN_POINT('Origin',(10.346739335883,1.54999999999999,-28.4528755014807));
#10273=CARTESIAN_POINT('',(8.63498103459896,4.06,-28.089030042549));
#10274=CARTESIAN_POINT('',(9.98289387695158,4.06,-30.1646338027648));
#10275=CARTESIAN_POINT('Origin',(10.346739335883,4.06,-28.4528755014807));
#10276=CARTESIAN_POINT('',(9.98289387695158,5.68037935889625,-30.1646338027648));
#10277=CARTESIAN_POINT('',(9.98289387695158,1.54999999999999,-30.1646338027648));
#10278=CARTESIAN_POINT('',(8.63498103459896,5.64365144243549,-28.089030042549));
#10279=CARTESIAN_POINT('Origin',(10.346739335883,5.65008970674991,-28.4528755014807));
#10280=CARTESIAN_POINT('',(8.63498103459896,1.54999999999999,-28.089030042549));
#10281=CARTESIAN_POINT('Origin',(28.8122266870253,1.55,-34.1668833949632));
#10282=CARTESIAN_POINT('',(23.9214971874079,2.04999999999999,-33.1273753969206));
#10283=CARTESIAN_POINT('',(11.5598001897779,2.05,-30.4999385494276));
#10284=CARTESIAN_POINT('',(23.9214971874079,5.73280522545649,-33.1273753969206));
#10285=CARTESIAN_POINT('',(11.545766163681,5.68625981152256,-30.4969556646916));
#10286=CARTESIAN_POINT('',(23.9214971874079,1.54999999999999,-33.1273753969206));
#10287=CARTESIAN_POINT('Origin',(15.9638296481215,1.54999999999999,6.39069445836801));
#10288=CARTESIAN_POINT('',(15.9638296481215,2.05,6.39069445836801));
#10289=CARTESIAN_POINT('',(14.9638729043008,2.05,1.68626785321727));
#10290=CARTESIAN_POINT('',(15.9638296481215,5.03353092457315,6.39069445836801));
#10291=CARTESIAN_POINT('',(15.9638296481215,1.54999999999999,6.39069445836801));
#10292=CARTESIAN_POINT('',(14.9758545890636,5.11577853859043,1.74263724811464));
#10293=CARTESIAN_POINT('Origin',(11.3898105397648,1.54999999999999,-15.1285762060885));
#10294=CARTESIAN_POINT('',(11.3898105397648,2.05,-15.1285762060885));
#10295=CARTESIAN_POINT('',(12.6768752017399,2.05,-9.0733560227933));
#10296=CARTESIAN_POINT('',(11.3898105397648,5.41431553790348,-15.1285762060885));
#10297=CARTESIAN_POINT('',(11.3898105397648,1.54999999999999,-15.1285762060885));
#10298=CARTESIAN_POINT('',(12.6895417198409,5.30611362113963,-9.01376417917944));
#10299=CARTESIAN_POINT('Origin',(23.9214971874079,1.54999999999999,-33.1273753969206));
#10300=CARTESIAN_POINT('',(11.3165923816359,2.05,-30.4481201712252));
#10301=CARTESIAN_POINT('',(9.11433794555899,2.05,-29.9800165403697));
#10302=CARTESIAN_POINT('',(9.10033642643525,5.67705988433327,-29.9770404256066));
#10303=CARTESIAN_POINT('',(11.3165923816359,4.06,-30.4481201712252));
#10304=CARTESIAN_POINT('',(8.47502433283912,4.06,-29.844126237021));
#10305=CARTESIAN_POINT('',(11.3165923816359,1.54999999999999,-30.4481201712252));
#10306=CARTESIAN_POINT('Origin',(40.5592104350165,1.55,21.0984525715657));
#10307=CARTESIAN_POINT('',(20.9962428057502,2.05,25.2566994786658));
#10308=CARTESIAN_POINT('',(23.3067124081909,2.05,24.7655928500414));
#10309=CARTESIAN_POINT('',(20.9962428057502,4.69969598477624,25.2566994786658));
#10310=CARTESIAN_POINT('',(23.2961968907661,4.7083465910546,24.7678279975219));
#10311=CARTESIAN_POINT('',(20.9962428057502,1.54999999999999,25.2566994786658));
#10312=CARTESIAN_POINT('Origin',(62.1627279852581,1.54999999999999,-42.9791061478667));
#10313=CARTESIAN_POINT('',(62.6013229615847,2.05,-44.6732532627127));
#10314=CARTESIAN_POINT('Origin',(62.1627279852581,2.05,-42.9791061478667));
#10315=CARTESIAN_POINT('',(62.6013229615847,3.56000000000001,-44.6732532627127));
#10316=CARTESIAN_POINT('',(62.6013229615847,3.56000000000001,-44.6732532627127));
#10317=CARTESIAN_POINT('Origin',(62.1627279852581,3.56000000000001,-42.9791061478667));
#10318=CARTESIAN_POINT('Origin',(62.1627279852581,5.90713211334817,-42.9791061478667));
#10319=CARTESIAN_POINT('Origin',(65.650762,3.56000000000001,-43.549233));
#10320=CARTESIAN_POINT('Origin',(65.650762,3.56000000000001,-43.549233));
#10321=CARTESIAN_POINT('Origin',(65.650762,3.56000000000001,-43.549233));
#10322=CARTESIAN_POINT('Origin',(65.650762,2.05,-43.549233));
#10323=CARTESIAN_POINT('Origin',(9.805713,3.56,43.552924));
#10324=CARTESIAN_POINT('',(6.555713,3.56,43.552924));
#10325=CARTESIAN_POINT('Origin',(9.805713,3.56,43.552924));
#10326=CARTESIAN_POINT('Origin',(9.805713,3.56,43.552924));
#10327=CARTESIAN_POINT('',(6.555713,2.05,43.552924));
#10328=CARTESIAN_POINT('',(6.555713,3.56,43.552924));
#10329=CARTESIAN_POINT('Origin',(9.805713,2.05,43.552924));
#10330=CARTESIAN_POINT('Origin',(19.500802,3.56000000000001,-43.55334));
#10331=CARTESIAN_POINT('',(16.250802,3.56000000000001,-43.55334));
#10332=CARTESIAN_POINT('Origin',(19.500802,3.56000000000001,-43.55334));
#10333=CARTESIAN_POINT('Origin',(19.500802,3.56000000000001,-43.55334));
#10334=CARTESIAN_POINT('',(16.250802,2.05,-43.55334));
#10335=CARTESIAN_POINT('',(16.250802,3.56000000000001,-43.55334));
#10336=CARTESIAN_POINT('Origin',(19.500802,2.05,-43.55334));
#10337=CARTESIAN_POINT('Origin',(105.000752,3.56000000000001,-43.549236));
#10338=CARTESIAN_POINT('',(101.750752,3.56000000000001,-43.549236));
#10339=CARTESIAN_POINT('Origin',(105.000752,3.56000000000001,-43.549236));
#10340=CARTESIAN_POINT('Origin',(105.000752,3.56000000000001,-43.549236));
#10341=CARTESIAN_POINT('',(101.750752,2.05,-43.549236));
#10342=CARTESIAN_POINT('',(101.750752,3.56000000000001,-43.549236));
#10343=CARTESIAN_POINT('Origin',(105.000752,2.05,-43.549236));
#10344=CARTESIAN_POINT('Origin',(74.650771,3.56,34.300852));
#10345=CARTESIAN_POINT('',(71.400771,3.56,34.300852));
#10346=CARTESIAN_POINT('Origin',(74.650771,3.56,34.300852));
#10347=CARTESIAN_POINT('Origin',(74.650771,3.56,34.300852));
#10348=CARTESIAN_POINT('',(71.400771,2.05,34.300852));
#10349=CARTESIAN_POINT('',(71.400771,3.56,34.300852));
#10350=CARTESIAN_POINT('Origin',(74.650771,2.05,34.300852));
#10351=CARTESIAN_POINT('Origin',(96.000773,4.06000000000001,-43.552992));
#10352=CARTESIAN_POINT('',(94.600773,4.06000000000001,-43.552992));
#10353=CARTESIAN_POINT('Origin',(96.000773,4.06000000000001,-43.552992));
#10354=CARTESIAN_POINT('Origin',(96.000773,1.56000000000001,-43.552992));
#10355=CARTESIAN_POINT('',(94.600773,2.05,-43.552992));
#10356=CARTESIAN_POINT('Origin',(96.000773,2.05,-43.552992));
#10357=CARTESIAN_POINT('',(94.600773,1.56000000000001,-43.552992));
#10358=CARTESIAN_POINT('Origin',(65.650758,4.06,34.304605));
#10359=CARTESIAN_POINT('',(64.250758,4.06,34.304605));
#10360=CARTESIAN_POINT('Origin',(65.650758,4.06,34.304605));
#10361=CARTESIAN_POINT('Origin',(65.650758,1.56,34.304605));
#10362=CARTESIAN_POINT('',(64.250758,2.05,34.304605));
#10363=CARTESIAN_POINT('Origin',(65.650758,2.05,34.304605));
#10364=CARTESIAN_POINT('',(64.250758,1.56,34.304605));
#10365=CARTESIAN_POINT('Origin',(-10.4992247408695,-0.0499999999999947,
-48.4529929999999));
#10366=CARTESIAN_POINT('',(7.27487514341464,-1.505,-48.4529814854696));
#10367=CARTESIAN_POINT('',(-5.24959644193564,-1.505,-48.4529895991524));
#10368=CARTESIAN_POINT('',(7.27487514341464,2.05000000000001,-48.4529814854696));
#10369=CARTESIAN_POINT('',(7.27487514341464,-0.0499999999999947,-48.4529814854696));
#10370=CARTESIAN_POINT('',(6.90076941196874,2.05000000000001,-48.4529817278251));
#10371=CARTESIAN_POINT('',(7.27487514341464,2.05000000000001,-48.4529814854696));
#10372=CARTESIAN_POINT('',(6.90076941196874,1.55000000000001,-48.4529817278251));
#10373=CARTESIAN_POINT('',(6.90076941197326,1.54999999999999,-48.452988708893));
#10374=CARTESIAN_POINT('',(4.52784603592576,1.55000000000001,-48.4529832650674));
#10375=CARTESIAN_POINT('',(7.27487514341464,1.55000000000001,-48.4529814854696));
#10376=CARTESIAN_POINT('Origin',(3.190769,0.375000000000008,-48.4529841312612));
#10377=CARTESIAN_POINT('Origin',(7.27487514341464,-0.0499999999999947,-48.4529814854696));
#10378=CARTESIAN_POINT('',(10.5007668653418,-1.505,-48.4529949999528));
#10379=CARTESIAN_POINT('',(3.63733643277565,-1.505,-48.452966246441));
#10380=CARTESIAN_POINT('',(10.5007668653418,2.05000000000001,-48.4529949999528));
#10381=CARTESIAN_POINT('',(10.5007668653418,-0.0499999999999947,-48.4529949999528));
#10382=CARTESIAN_POINT('',(10.5007668653418,2.05000000000001,-48.4529949999528));
#10383=CARTESIAN_POINT('Origin',(10.50084201009,-0.0499999999999952,-43.553308950668));
#10384=CARTESIAN_POINT('',(12.8218258831529,-1.505,-47.8683937989064));
#10385=CARTESIAN_POINT('Origin',(10.50084201009,-1.505,-43.553308950668));
#10386=CARTESIAN_POINT('',(12.8218258831529,2.05000000000001,-47.8683937989064));
#10387=CARTESIAN_POINT('',(12.8218258831529,-0.0499999999999947,-47.8683937989064));
#10388=CARTESIAN_POINT('Origin',(10.50084201009,2.05000000000001,-43.553308950668));
#10389=CARTESIAN_POINT('Origin',(15.0007735,-0.0499999999999943,-51.919584694571));
#10390=CARTESIAN_POINT('',(17.179720357016,-1.505,-47.8683933902285));
#10391=CARTESIAN_POINT('Origin',(15.0007735,-1.505,-51.919584694571));
#10392=CARTESIAN_POINT('',(17.179720357016,2.05000000000001,-47.8683933902285));
#10393=CARTESIAN_POINT('',(17.179720357016,-0.0499999999999947,-47.8683933902285));
#10394=CARTESIAN_POINT('Origin',(15.0007735,2.05000000000001,-51.919584694571));
#10395=CARTESIAN_POINT('Origin',(19.50077388562,-0.0499999999999952,-43.55301552879));
#10396=CARTESIAN_POINT('',(22.5083044294542,-1.505,-47.4214177309813));
#10397=CARTESIAN_POINT('Origin',(19.50077388562,-1.505,-43.55301552879));
#10398=CARTESIAN_POINT('',(22.5083044294542,2.05000000000001,-47.4214177309813));
#10399=CARTESIAN_POINT('',(22.5083044294542,-0.0499999999999948,-47.4214177309813));
#10400=CARTESIAN_POINT('Origin',(19.50077388562,2.05000000000001,-43.55301552879));
#10401=CARTESIAN_POINT('Origin',(25.33202179583,-0.0499999999999944,-51.053880326635));
#10402=CARTESIAN_POINT('',(25.3317359271169,-1.505,-46.4529930000127));
#10403=CARTESIAN_POINT('Origin',(25.33202179583,-1.505,-51.053880326635));
#10404=CARTESIAN_POINT('',(25.3317359271169,2.05000000000001,-46.4529930000127));
#10405=CARTESIAN_POINT('',(25.3317359271169,-0.0499999999999949,-46.4529930000127));
#10406=CARTESIAN_POINT('Origin',(25.33202179583,2.05000000000001,-51.053880326635));
#10407=CARTESIAN_POINT('Origin',(25.3317359271169,-0.0499999999999949,-46.4529929999973));
#10408=CARTESIAN_POINT('',(59.8198344013213,-1.505,-46.4529900000156));
#10409=CARTESIAN_POINT('',(12.6658702319082,-1.505,-46.4529941017503));
#10410=CARTESIAN_POINT('',(59.8198344013213,2.05000000000001,-46.4529900000156));
#10411=CARTESIAN_POINT('',(59.8198344013213,-0.0499999999999949,-46.4529900000156));
#10412=CARTESIAN_POINT('',(59.8198344013213,2.05000000000001,-46.4529900000156));
#10413=CARTESIAN_POINT('Origin',(59.82013154041,-0.0499999999999944,-51.0520583271739));
#10414=CARTESIAN_POINT('',(62.6432165226734,-1.505,-47.4214081444819));
#10415=CARTESIAN_POINT('Origin',(59.82013154041,-1.505,-51.0520583271739));
#10416=CARTESIAN_POINT('',(62.6432165226734,2.05000000000001,-47.4214081444819));
#10417=CARTESIAN_POINT('',(62.6432165226734,-0.0499999999999948,-47.4214081444819));
#10418=CARTESIAN_POINT('Origin',(59.82013154041,2.05000000000001,-51.0520583271739));
#10419=CARTESIAN_POINT('Origin',(65.6507686413,-0.0499999999999952,-43.553014095602));
#10420=CARTESIAN_POINT('',(68.6583146973576,-1.505,-47.4214128578959));
#10421=CARTESIAN_POINT('Origin',(65.6507686413,-1.505,-43.553014095602));
#10422=CARTESIAN_POINT('',(68.6583146973576,2.05000000000001,-47.4214128578959));
#10423=CARTESIAN_POINT('',(68.6583146973576,-0.0499999999999948,-47.4214128578959));
#10424=CARTESIAN_POINT('Origin',(65.6507686413,2.05000000000001,-43.553014095602));
#10425=CARTESIAN_POINT('Origin',(71.48184897648,-0.0499999999999944,-51.053341060018));
#10426=CARTESIAN_POINT('',(71.481725957192,-1.505,-46.4529880001306));
#10427=CARTESIAN_POINT('Origin',(71.48184897648,-1.505,-51.053341060018));
#10428=CARTESIAN_POINT('',(71.481725957192,2.05000000000001,-46.4529880001306));
#10429=CARTESIAN_POINT('',(71.481725957192,-0.0499999999999949,-46.4529880001306));
#10430=CARTESIAN_POINT('Origin',(71.48184897648,2.05000000000001,-51.053341060018));
#10431=CARTESIAN_POINT('Origin',(71.481725957192,-0.0499999999999949,-46.4529879999993));
#10432=CARTESIAN_POINT('',(90.1698253759452,-1.505,-46.4529899999639));
#10433=CARTESIAN_POINT('',(35.7408607457647,-1.505,-46.4529841750802));
#10434=CARTESIAN_POINT('',(90.1698253759452,2.05000000000001,-46.4529899999639));
#10435=CARTESIAN_POINT('',(90.1698253759452,-0.0499999999999949,-46.4529899999639));
#10436=CARTESIAN_POINT('',(90.1698253759452,2.05000000000001,-46.4529899999639));
#10437=CARTESIAN_POINT('Origin',(90.16988719658,-0.0499999999999944,-51.052786534761));
#10438=CARTESIAN_POINT('',(92.9932265865233,-1.505,-47.4214117462618));
#10439=CARTESIAN_POINT('Origin',(90.16988719658,-1.505,-51.052786534761));
#10440=CARTESIAN_POINT('',(92.9932265865233,2.05000000000001,-47.4214117462618));
#10441=CARTESIAN_POINT('',(92.9932265865233,-0.0499999999999948,-47.4214117462618));
#10442=CARTESIAN_POINT('Origin',(90.16988719658,2.05000000000001,-51.052786534761));
#10443=CARTESIAN_POINT('Origin',(96.00077817592,-0.0499999999999952,-43.552860084394));
#10444=CARTESIAN_POINT('',(98.3218182305109,-1.505,-47.8683938391269));
#10445=CARTESIAN_POINT('Origin',(96.00077817592,-1.505,-43.552860084394));
#10446=CARTESIAN_POINT('',(98.3218182305109,2.05000000000001,-47.8683938391269));
#10447=CARTESIAN_POINT('',(98.3218182305109,-0.0499999999999947,-47.8683938391269));
#10448=CARTESIAN_POINT('Origin',(96.00077817592,2.05000000000001,-43.552860084394));
#10449=CARTESIAN_POINT('Origin',(100.5007683517,-0.0499999999999943,-51.919745218924));
#10450=CARTESIAN_POINT('',(102.679721985369,-1.505,-47.8683957282559));
#10451=CARTESIAN_POINT('Origin',(100.5007683517,-1.505,-51.919745218924));
#10452=CARTESIAN_POINT('',(102.679721985369,2.05000000000001,-47.8683957282559));
#10453=CARTESIAN_POINT('',(102.679721985369,-0.0499999999999947,-47.8683957282559));
#10454=CARTESIAN_POINT('Origin',(100.5007683517,2.05000000000001,-51.919745218924));
#10455=CARTESIAN_POINT('Origin',(105.0007765222,-0.0499999999999952,-43.552997540364));
#10456=CARTESIAN_POINT('',(109.900771999992,-1.505,-43.552987964035));
#10457=CARTESIAN_POINT('Origin',(105.0007765222,-1.505,-43.552997540364));
#10458=CARTESIAN_POINT('',(109.900771999992,2.05000000000001,-43.552987964035));
#10459=CARTESIAN_POINT('',(109.900771999992,-0.0499999999999952,-43.552987964035));
#10460=CARTESIAN_POINT('Origin',(105.0007765222,2.05000000000001,-43.552997540364));
#10461=CARTESIAN_POINT('Origin',(109.900771999992,-0.0499999999999952,-43.552987964035));
#10462=CARTESIAN_POINT('',(109.900764999938,-1.505,34.3008553953613));
#10463=CARTESIAN_POINT('',(109.900770044256,-1.505,-21.8015074671524));
#10464=CARTESIAN_POINT('',(109.900764999938,2.05,34.3008553953613));
#10465=CARTESIAN_POINT('',(109.900764999938,-0.0500000000000039,34.3008553953613));
#10466=CARTESIAN_POINT('',(109.900764999938,2.05,34.3008553953613));
#10467=CARTESIAN_POINT('Origin',(105.000757421,-0.0500000000000039,34.30082605214));
#10468=CARTESIAN_POINT('',(101.993235193458,-1.505,38.1692733278801));
#10469=CARTESIAN_POINT('Origin',(105.000757421,-1.505,34.30082605214));
#10470=CARTESIAN_POINT('',(101.993235193458,2.05,38.1692733278801));
#10471=CARTESIAN_POINT('',(101.993235193458,-0.0500000000000043,38.1692733278801));
#10472=CARTESIAN_POINT('Origin',(105.000757421,2.05,34.30082605214));
#10473=CARTESIAN_POINT('Origin',(99.16973639455,-0.0500000000000047,41.80108635541));
#10474=CARTESIAN_POINT('',(99.1698240856162,-1.505,37.2008460000937));
#10475=CARTESIAN_POINT('Origin',(99.16973639455,-1.505,41.80108635541));
#10476=CARTESIAN_POINT('',(99.1698240856162,2.05,37.2008460000937));
#10477=CARTESIAN_POINT('',(99.1698240856162,-0.0500000000000042,37.2008460000937));
#10478=CARTESIAN_POINT('Origin',(99.16973639455,2.05,41.80108635541));
#10479=CARTESIAN_POINT('Origin',(99.1698240856162,-0.0500000000000042,37.2008459999925));
#10480=CARTESIAN_POINT('',(80.4817374390641,-1.505,37.2008500000058));
#10481=CARTESIAN_POINT('',(49.584916279561,-1.505,37.2008566131867));
#10482=CARTESIAN_POINT('',(80.4817374390641,2.05,37.2008500000058));
#10483=CARTESIAN_POINT('',(80.4817374390641,-0.0500000000000042,37.2008500000058));
#10484=CARTESIAN_POINT('',(80.4817374390641,2.05,37.2008500000058));
#10485=CARTESIAN_POINT('Origin',(80.48193893183,-0.0500000000000047,41.8014557410101));
#10486=CARTESIAN_POINT('',(77.6583090884473,-1.505,38.1692817732163));
#10487=CARTESIAN_POINT('Origin',(80.48193893183,-1.505,41.8014557410101));
#10488=CARTESIAN_POINT('',(77.6583090884473,2.05,38.1692817732163));
#10489=CARTESIAN_POINT('',(77.6583090884473,-0.0500000000000043,38.1692817732163));
#10490=CARTESIAN_POINT('Origin',(80.48193893183,2.05,41.8014557410101));
#10491=CARTESIAN_POINT('Origin',(74.65075534643,-0.0500000000000039,34.30057779656));
#10492=CARTESIAN_POINT('',(72.3297269613317,-1.505,38.6162558667678));
#10493=CARTESIAN_POINT('Origin',(74.65075534643,-1.505,34.30057779656));
#10494=CARTESIAN_POINT('',(72.3297269613317,2.05,38.6162558667678));
#10495=CARTESIAN_POINT('',(72.3297269613317,-0.0500000000000043,38.6162558667678));
#10496=CARTESIAN_POINT('Origin',(74.65075534643,2.05,34.30057779656));
#10497=CARTESIAN_POINT('Origin',(70.15077678878,-0.0500000000000048,42.6673222345));
#10498=CARTESIAN_POINT('',(67.971822871533,-1.505,38.6162578809322));
#10499=CARTESIAN_POINT('Origin',(70.15077678878,-1.505,42.6673222345));
#10500=CARTESIAN_POINT('',(67.971822871533,2.05,38.6162578809322));
#10501=CARTESIAN_POINT('',(67.971822871533,-0.0500000000000043,38.6162578809322));
#10502=CARTESIAN_POINT('Origin',(70.15077678878,2.05,42.6673222345));
#10503=CARTESIAN_POINT('Origin',(65.65078998122,-0.0500000000000039,34.30066265817));
#10504=CARTESIAN_POINT('',(62.6432284114188,-1.505,38.1692708327672));
#10505=CARTESIAN_POINT('Origin',(65.65078998122,-1.505,34.30066265817));
#10506=CARTESIAN_POINT('',(62.6432284114188,2.05,38.1692708327672));
#10507=CARTESIAN_POINT('',(62.6432284114188,-0.0500000000000043,38.1692708327672));
#10508=CARTESIAN_POINT('Origin',(65.65078998122,2.05,34.30066265817));
#10509=CARTESIAN_POINT('Origin',(59.8199559207,-0.0500000000000047,41.8004501677401));
#10510=CARTESIAN_POINT('',(59.81984295131,-1.505,37.2008489995058));
#10511=CARTESIAN_POINT('Origin',(59.8199559207,-1.505,41.8004501677401));
#10512=CARTESIAN_POINT('',(59.81984295131,2.05,37.2008489995058));
#10513=CARTESIAN_POINT('',(59.81984295131,-0.0500000000000042,37.2008489995058));
#10514=CARTESIAN_POINT('Origin',(59.8199559207,2.05,41.8004501677401));
#10515=CARTESIAN_POINT('Origin',(59.81984295131,-0.0500000000000042,37.200848999494));
#10516=CARTESIAN_POINT('',(59.7981789931573,-1.505,37.2008510006664));
#10517=CARTESIAN_POINT('',(29.911642475583,-1.505,37.2036117201998));
#10518=CARTESIAN_POINT('',(59.7981789931573,2.05,37.2008510006664));
#10519=CARTESIAN_POINT('',(59.7981789931573,-0.0500000000000042,37.2008510006664));
#10520=CARTESIAN_POINT('',(59.7981789931573,2.05,37.2008510006664));
#10521=CARTESIAN_POINT('Origin',(59.79800503329,-0.0500000000000047,41.7991388539402));
#10522=CARTESIAN_POINT('',(58.8417756513796,-1.505,37.3013753451507));
#10523=CARTESIAN_POINT('Origin',(59.79800503329,-1.505,41.7991388539402));
#10524=CARTESIAN_POINT('',(58.8417756513796,2.05,37.3013753451507));
#10525=CARTESIAN_POINT('',(58.8417756513796,-0.0500000000000042,37.3013753451507));
#10526=CARTESIAN_POINT('Origin',(59.79800503329,2.05,41.7991388539402));
#10527=CARTESIAN_POINT('Origin',(58.8417756513765,-0.0500000000000042,37.3013753451359));
#10528=CARTESIAN_POINT('',(14.4302006817566,-1.50500000000001,46.7413446767972));
#10529=CARTESIAN_POINT('',(34.4907182994362,-1.50500000000001,42.4773510846383));
#10530=CARTESIAN_POINT('',(14.4302006817566,2.05,46.7413446767972));
#10531=CARTESIAN_POINT('',(14.4302006817566,-0.0500000000000052,46.7413446767972));
#10532=CARTESIAN_POINT('',(14.4302006817566,2.05,46.7413446767972));
#10533=CARTESIAN_POINT('Origin',(15.38653643722,-0.0500000000000057,51.24071999832));
#10534=CARTESIAN_POINT('',(12.6842655023105,-1.505,47.5182627244954));
#10535=CARTESIAN_POINT('Origin',(15.38653643722,-1.505,51.24071999832));
#10536=CARTESIAN_POINT('',(12.6842655023105,2.05,47.5182627244954));
#10537=CARTESIAN_POINT('',(12.6842655023105,-0.0500000000000053,47.5182627244954));
#10538=CARTESIAN_POINT('Origin',(15.38653643722,2.04999999999999,51.24071999832));
#10539=CARTESIAN_POINT('Origin',(9.805721884595,-0.0500000000000049,43.55253902224));
#10540=CARTESIAN_POINT('',(6.79817658622617,-1.505,47.4213436334963));
#10541=CARTESIAN_POINT('Origin',(9.805721884595,-1.505,43.55253902224));
#10542=CARTESIAN_POINT('',(6.79817658622617,2.05,47.4213436334963));
#10543=CARTESIAN_POINT('',(6.79817658622617,-0.0500000000000053,47.4213436334963));
#10544=CARTESIAN_POINT('Origin',(9.805721884595,2.05,43.55253902224));
#10545=CARTESIAN_POINT('Origin',(3.97485067331304,-0.0500000000000057,51.0526701659499));
#10546=CARTESIAN_POINT('',(3.97476615098206,-1.505,46.4529200000513));
#10547=CARTESIAN_POINT('Origin',(3.97485067331304,-1.505,51.0526701659499));
#10548=CARTESIAN_POINT('',(3.97476615098206,2.05,46.4529200000513));
#10549=CARTESIAN_POINT('',(3.97476615098206,-0.0500000000000052,46.4529200000513));
#10550=CARTESIAN_POINT('Origin',(3.97485067331304,2.04999999999999,51.0526701659499));
#10551=CARTESIAN_POINT('Origin',(3.97485067331304,-1.755,51.0526701659499));
#10552=CARTESIAN_POINT('',(3.97477533869094,-2.00500000000001,46.9529199999669));
#10553=CARTESIAN_POINT('',(3.97476615098206,-1.505,46.4529200000513));
#10554=CARTESIAN_POINT('',(6.49130323824509,-2.00500000000001,47.8160951354553));
#10555=CARTESIAN_POINT('',(6.79817658622617,-1.505,47.4213436334963));
#10556=CARTESIAN_POINT('Origin',(3.97485067331304,-2.00500000000001,51.0526701659499));
#10557=CARTESIAN_POINT('Origin',(9.805721884595,-1.755,43.55253902224));
#10558=CARTESIAN_POINT('',(12.9779978476522,-2.00500000000001,47.9228876240012));
#10559=CARTESIAN_POINT('',(12.6842655023105,-1.505,47.5182627244954));
#10560=CARTESIAN_POINT('Origin',(9.805721884595,-2.00500000000001,43.55253902224));
#10561=CARTESIAN_POINT('Origin',(15.38653643722,-1.755,51.24071999832));
#10562=CARTESIAN_POINT('',(14.5341565024871,-2.00500000000001,47.2304184824096));
#10563=CARTESIAN_POINT('',(14.4302006817566,-1.50500000000001,46.7413446767972));
#10564=CARTESIAN_POINT('Origin',(15.38653643722,-2.00500000000001,51.24071999832));
#10565=CARTESIAN_POINT('Origin',(34.5426962098015,-1.75500000000001,42.7218879874445));
#10566=CARTESIAN_POINT('',(58.9457523283231,-2.005,37.7904447171745));
#10567=CARTESIAN_POINT('',(58.8417756513796,-1.505,37.3013753451507));
#10568=CARTESIAN_POINT('',(34.5946741201667,-2.00500000000001,42.9664248902507));
#10569=CARTESIAN_POINT('Origin',(59.79800503329,-1.755,41.7991388539402));
#10570=CARTESIAN_POINT('',(59.7982251798327,-2.005,37.7008509985332));
#10571=CARTESIAN_POINT('',(59.7981789931573,-1.505,37.2008510006664));
#10572=CARTESIAN_POINT('Origin',(59.79800503329,-2.00500000000001,41.7991388539402));
#10573=CARTESIAN_POINT('Origin',(29.9116655689207,-1.755,37.4536117191332));
#10574=CARTESIAN_POINT('',(59.8198552316562,-2.005,37.700848999355));
#10575=CARTESIAN_POINT('',(59.81984295131,-1.505,37.2008489995058));
#10576=CARTESIAN_POINT('',(29.9116886622583,-2.005,37.7036117180666));
#10577=CARTESIAN_POINT('Origin',(59.8199559207,-1.755,41.8004501677401));
#10578=CARTESIAN_POINT('',(62.336344316291,-2.005,38.5640139798357));
#10579=CARTESIAN_POINT('',(62.6432284114188,-1.505,38.1692708327672));
#10580=CARTESIAN_POINT('Origin',(59.8199559207,-2.00500000000001,41.8004501677401));
#10581=CARTESIAN_POINT('Origin',(65.65078998122,-1.755,34.30066265817));
#10582=CARTESIAN_POINT('',(68.2086714947882,-2.005,39.0566017575356));
#10583=CARTESIAN_POINT('',(67.971822871533,-1.505,38.6162578809322));
#10584=CARTESIAN_POINT('Origin',(65.65078998122,-2.005,34.30066265817));
#10585=CARTESIAN_POINT('Origin',(70.15077678878,-1.755,42.6673222345));
#10586=CARTESIAN_POINT('',(72.0928984265057,-2.005,39.0566105477832));
#10587=CARTESIAN_POINT('',(72.3297269613317,-1.505,38.6162558667678));
#10588=CARTESIAN_POINT('Origin',(70.15077678878,-2.00500000000001,42.6673222345));
#10589=CARTESIAN_POINT('Origin',(74.65075534643,-1.755,34.30057779656));
#10590=CARTESIAN_POINT('',(77.9651849651941,-2.005,38.5640313093412));
#10591=CARTESIAN_POINT('',(77.6583090884473,-1.505,38.1692817732163));
#10592=CARTESIAN_POINT('Origin',(74.65075534643,-2.005,34.30057779656));
#10593=CARTESIAN_POINT('Origin',(80.48193893183,-1.755,41.8014557410101));
#10594=CARTESIAN_POINT('',(80.4817375460845,-2.005,37.7008500000058));
#10595=CARTESIAN_POINT('',(80.4817374390641,-1.505,37.2008500000058));
#10596=CARTESIAN_POINT('Origin',(80.48193893183,-2.00500000000001,41.8014557410101));
#10597=CARTESIAN_POINT('Origin',(49.5849163330712,-1.755,37.4508566131867));
#10598=CARTESIAN_POINT('',(99.1698145544766,-2.005,37.7008460000029));
#10599=CARTESIAN_POINT('',(99.1698240856162,-1.505,37.2008460000937));
#10600=CARTESIAN_POINT('',(49.5849163865814,-2.005,37.7008566131867));
#10601=CARTESIAN_POINT('Origin',(99.16973639455,-1.755,41.80108635541));
#10602=CARTESIAN_POINT('',(101.686345644917,-2.005,38.5640122352558));
#10603=CARTESIAN_POINT('',(101.993235193458,-1.505,38.1692733278801));
#10604=CARTESIAN_POINT('Origin',(99.16973639455,-2.00500000000001,41.80108635541));
#10605=CARTESIAN_POINT('Origin',(105.000757421,-1.755,34.30082605214));
#10606=CARTESIAN_POINT('',(110.400764999938,-2.005,34.3008554403177));
#10607=CARTESIAN_POINT('',(109.900764999938,-1.505,34.3008553953613));
#10608=CARTESIAN_POINT('Origin',(105.000757421,-2.005,34.30082605214));
#10609=CARTESIAN_POINT('Origin',(110.150770044256,-1.755,-21.8015074446742));
#10610=CARTESIAN_POINT('',(110.400771999991,-2.005,-43.5529869868576));
#10611=CARTESIAN_POINT('',(109.900771999992,-1.505,-43.552987964035));
#10612=CARTESIAN_POINT('',(110.400770044256,-2.005,-21.801507422196));
#10613=CARTESIAN_POINT('Origin',(105.0007765222,-1.755,-43.552997540364));
#10614=CARTESIAN_POINT('',(102.442886315442,-2.005,-48.3087465718459));
#10615=CARTESIAN_POINT('',(102.679721985369,-1.505,-47.8683957282559));
#10616=CARTESIAN_POINT('Origin',(105.0007765222,-2.005,-43.552997540364));
#10617=CARTESIAN_POINT('Origin',(100.5007683517,-1.755,-51.919745218924));
#10618=CARTESIAN_POINT('',(98.5586538318076,-2.005,-48.3087447196284));
#10619=CARTESIAN_POINT('',(98.3218182305109,-1.505,-47.8683938391269));
#10620=CARTESIAN_POINT('Origin',(100.5007683517,-2.00499999999999,-51.919745218924));
#10621=CARTESIAN_POINT('Origin',(96.00077817592,-1.755,-43.552860084394));
#10622=CARTESIAN_POINT('',(92.6863282956609,-2.005,-47.8161438567693));
#10623=CARTESIAN_POINT('',(92.9932265865233,-1.505,-47.4214117462618));
#10624=CARTESIAN_POINT('Origin',(96.00077817592,-2.005,-43.552860084394));
#10625=CARTESIAN_POINT('Origin',(90.16988719658,-1.755,-51.052786534761));
#10626=CARTESIAN_POINT('',(90.1698253224361,-2.005,-46.9529899999639));
#10627=CARTESIAN_POINT('',(90.1698253759452,-1.505,-46.4529899999639));
#10628=CARTESIAN_POINT('Origin',(90.16988719658,-2.00499999999999,-51.052786534761));
#10629=CARTESIAN_POINT('Origin',(35.7408607190102,-1.755,-46.7029841750802));
#10630=CARTESIAN_POINT('',(71.4817393278275,-2.005,-46.9529879999519));
#10631=CARTESIAN_POINT('',(71.481725957192,-1.505,-46.4529880001306));
#10632=CARTESIAN_POINT('',(35.7408606922557,-2.005,-46.9529841750802));
#10633=CARTESIAN_POINT('Origin',(71.48184897648,-1.755,-51.053341060018));
#10634=CARTESIAN_POINT('',(68.9652081601457,-2.005,-47.8161487221114));
#10635=CARTESIAN_POINT('',(68.6583146973576,-1.505,-47.4214128578959));
#10636=CARTESIAN_POINT('Origin',(71.48184897648,-2.00499999999999,-51.053341060018));
#10637=CARTESIAN_POINT('Origin',(65.6507686413,-1.755,-43.553014095602));
#10638=CARTESIAN_POINT('',(62.3362972973489,-2.005,-47.8161239778687));
#10639=CARTESIAN_POINT('',(62.6432165226734,-1.505,-47.4214081444819));
#10640=CARTESIAN_POINT('Origin',(65.6507686413,-2.005,-43.553014095602));
#10641=CARTESIAN_POINT('Origin',(59.82013154041,-1.755,-51.0520583271739));
#10642=CARTESIAN_POINT('',(59.8198344448143,-2.005,-46.9529900000156));
#10643=CARTESIAN_POINT('',(59.8198344013213,-1.505,-46.4529900000156));
#10644=CARTESIAN_POINT('Origin',(59.82013154041,-2.00499999999999,-51.0520583271739));
#10645=CARTESIAN_POINT('Origin',(12.6658702536547,-1.755,-46.7029941017503));
#10646=CARTESIAN_POINT('',(25.3317669938104,-2.005,-46.9529929990475));
#10647=CARTESIAN_POINT('',(25.3317359271169,-1.505,-46.4529930000127));
#10648=CARTESIAN_POINT('',(12.6658702754012,-2.005,-46.9529941017503));
#10649=CARTESIAN_POINT('Origin',(25.33202179583,-1.755,-51.053880326635));
#10650=CARTESIAN_POINT('',(22.815196735593,-2.005,-47.8161544944489));
#10651=CARTESIAN_POINT('',(22.5083044294542,-1.505,-47.4214177309813));
#10652=CARTESIAN_POINT('Origin',(25.33202179583,-2.00499999999999,-51.053880326635));
#10653=CARTESIAN_POINT('Origin',(19.50077388562,-1.755,-43.55301552879));
#10654=CARTESIAN_POINT('',(16.9428780856648,-2.005,-48.3087406832839));
#10655=CARTESIAN_POINT('',(17.179720357016,-1.505,-47.8683933902285));
#10656=CARTESIAN_POINT('Origin',(19.50077388562,-2.005,-43.55301552879));
#10657=CARTESIAN_POINT('Origin',(15.0007735,-1.755,-51.919584694571));
#10658=CARTESIAN_POINT('',(13.0586761475858,-2.005,-48.3087367927623));
#10659=CARTESIAN_POINT('',(12.8218258831529,-1.505,-47.8683937989064));
#10660=CARTESIAN_POINT('Origin',(15.0007735,-2.00499999999999,-51.919584694571));
#10661=CARTESIAN_POINT('Origin',(10.50084201009,-1.755,-43.553308950668));
#10662=CARTESIAN_POINT('',(10.5007647706523,-2.005,-48.9529949999484));
#10663=CARTESIAN_POINT('',(10.5007668653418,-1.505,-48.4529949999528));
#10664=CARTESIAN_POINT('Origin',(10.50084201009,-2.005,-43.553308950668));
#10665=CARTESIAN_POINT('Origin',(3.63733538543088,-1.755,-48.7029662464388));
#10666=CARTESIAN_POINT('',(7.27487546732781,-2.005,-48.9529814854695));
#10667=CARTESIAN_POINT('',(7.27487514341464,-1.505,-48.4529814854696));
#10668=CARTESIAN_POINT('',(3.63733433808612,-2.005,-48.9529662464367));
#10669=CARTESIAN_POINT('Origin',(-5.24959627997905,-1.755,-48.7029895991523));
#10670=CARTESIAN_POINT('',(-5.24959611802246,-2.005,-48.9529895991523));
#10671=CARTESIAN_POINT('Origin',(3.190769,0.375000000000008,-51.0529952034952));
#10672=CARTESIAN_POINT('',(3.190769,2.15500000000001,-48.4529894731035));
#10673=CARTESIAN_POINT('Origin',(3.190769,0.375000000000008,-48.4529894731035));
#10674=CARTESIAN_POINT('',(3.190769,2.15500000000001,-51.0529952034952));
#10675=CARTESIAN_POINT('Origin',(6.900769,1.54999999999999,-46.452988708893));
#10676=CARTESIAN_POINT('',(8.900769,2.05,-46.452988708893));
#10677=CARTESIAN_POINT('Origin',(6.900769,2.05,-46.452988708893));
#10678=CARTESIAN_POINT('',(8.900769,4.06000000000001,-46.452988708893));
#10679=CARTESIAN_POINT('',(8.900769,1.54999999999999,-46.452988708893));
#10680=CARTESIAN_POINT('',(6.90076941197326,4.06000000000001,-48.452988708893));
#10681=CARTESIAN_POINT('Origin',(6.900769,4.06,-46.452988708893));
#10682=CARTESIAN_POINT('',(6.90076941197326,1.54999999999999,-48.452988708893));
#10683=CARTESIAN_POINT('Origin',(8.900769,1.54999999999999,-48.4529882969198));
#10684=CARTESIAN_POINT('',(8.900769,2.05,-32.4044153726927));
#10685=CARTESIAN_POINT('',(8.900769,2.05,-24.2515125743353));
#10686=CARTESIAN_POINT('',(8.900769,4.06,-32.4044153726927));
#10687=CARTESIAN_POINT('',(8.900769,1.54999999999999,-32.4044153726927));
#10688=CARTESIAN_POINT('',(8.900769,4.06000000000001,-37.7388841393304));
#10689=CARTESIAN_POINT('Origin',(10.900769,1.54999999999999,-32.4044153726927));
#10690=CARTESIAN_POINT('Origin',(10.900769,2.05,-32.4044153726927));
#10691=CARTESIAN_POINT('Origin',(10.900769,4.06,-32.4044153726927));
#10692=CARTESIAN_POINT('Origin',(8.27113557566723,1.54999999999999,-29.8007883438333));
#10693=CARTESIAN_POINT('',(10.8789166007337,2.05,-17.5321432143998));
#10694=CARTESIAN_POINT('',(11.1175464739599,2.05,-16.4094779278008));
#10695=CARTESIAN_POINT('',(10.8789166007337,4.06,-17.5321432143998));
#10696=CARTESIAN_POINT('',(10.8789166007337,1.54999999999999,-17.5321432143998));
#10697=CARTESIAN_POINT('',(8.37465896689723,4.06,-29.3137490804182));
#10698=CARTESIAN_POINT('',(11.1306801080902,5.43588780283981,-16.3476890372248));
#10699=CARTESIAN_POINT('Origin',(9.900769,1.54999999999999,-17.3242315235817));
#10700=CARTESIAN_POINT('',(8.90090617199288,2.04999999999999,-17.3407942881339));
#10701=CARTESIAN_POINT('Origin',(9.900769,2.05,-17.3242315235817));
#10702=CARTESIAN_POINT('',(8.90090617199288,4.06,-17.3407942881339));
#10703=CARTESIAN_POINT('',(8.90090617199289,1.54999999999999,-17.3407942881339));
#10704=CARTESIAN_POINT('Origin',(9.900769,4.06,-17.3242315235817));
#10705=CARTESIAN_POINT('Origin',(-21.0949786682206,1.54999999999999,-17.8376772246979));
#10706=CARTESIAN_POINT('',(8.59653581038026,2.05,-13.5465272661165));
#10707=CARTESIAN_POINT('Origin',(-21.0949786682206,2.05,-17.8376772246979));
#10708=CARTESIAN_POINT('',(8.59653581038026,4.06,-13.5465272661165));
#10709=CARTESIAN_POINT('',(8.59653581038027,1.54999999999999,-13.5465272661165));
#10710=CARTESIAN_POINT('Origin',(-21.0949786682206,4.06,-17.8376772246979));
#10711=CARTESIAN_POINT('Origin',(8.900769,1.54999999999999,-15.651591));
#10712=CARTESIAN_POINT('',(7.44757299999991,2.05,-5.596573));
#10713=CARTESIAN_POINT('',(7.70537786512951,2.05,-7.3803878187595));
#10714=CARTESIAN_POINT('',(7.44757299999991,4.06,-5.596573));
#10715=CARTESIAN_POINT('',(7.44757299999991,1.56,-5.596573));
#10716=CARTESIAN_POINT('',(9.6147590678958,4.06,-20.5918626388672));
#10717=CARTESIAN_POINT('Origin',(-2.55006201036667,1.56,-5.37910070408093));
#10718=CARTESIAN_POINT('',(7.44993798963329,2.05,-5.37909983451571));
#10719=CARTESIAN_POINT('Origin',(-2.55006201036667,2.05,-5.37910070408093));
#10720=CARTESIAN_POINT('',(7.44993798963329,4.06,-5.37909983451571));
#10721=CARTESIAN_POINT('',(7.44993798963329,1.56,-5.37909983451571));
#10722=CARTESIAN_POINT('Origin',(-2.55006201036667,4.06,-5.37910070408093));
#10723=CARTESIAN_POINT('Origin',(7.449938,1.56,-5.498317));
#10724=CARTESIAN_POINT('',(7.449936,2.05,17.501683));
#10725=CARTESIAN_POINT('',(7.44993776311823,2.05,-2.77417660196512));
#10726=CARTESIAN_POINT('',(7.449936,4.06,17.501683));
#10727=CARTESIAN_POINT('',(7.449936,1.56,17.501683));
#10728=CARTESIAN_POINT('',(7.449938,4.06,-5.498317));
#10729=CARTESIAN_POINT('Origin',(7.449936,1.56,17.501683));
#10730=CARTESIAN_POINT('',(7.4476890000001,2.05,17.599954));
#10731=CARTESIAN_POINT('',(7.64854769549984,2.05,8.81553705905742));
#10732=CARTESIAN_POINT('',(7.4476890000001,4.06,17.599954));
#10733=CARTESIAN_POINT('',(7.4476890000001,1.56,17.599954));
#10734=CARTESIAN_POINT('',(7.449936,4.06,17.501683));
#10735=CARTESIAN_POINT('Origin',(6.449956478616,1.56,17.5017126801));
#10736=CARTESIAN_POINT('',(6.54820999999948,2.05,18.4994439999948));
#10737=CARTESIAN_POINT('Origin',(6.449956478616,2.05,17.5017126801));
#10738=CARTESIAN_POINT('',(6.54820999999948,4.06,18.4994439999948));
#10739=CARTESIAN_POINT('',(6.54820999999948,1.56,18.4994439999948));
#10740=CARTESIAN_POINT('Origin',(6.449956478616,4.06,17.5017126801));
#10741=CARTESIAN_POINT('Origin',(6.5482099999996,1.56,18.499444));
#10742=CARTESIAN_POINT('',(6.449939,2.05,18.501684));
#10743=CARTESIAN_POINT('',(3.48710516786411,2.05,18.5692191607696));
#10744=CARTESIAN_POINT('',(6.449939,4.06,18.501684));
#10745=CARTESIAN_POINT('',(6.449939,1.56,18.501684));
#10746=CARTESIAN_POINT('',(6.54821,4.06,18.499444));
#10747=CARTESIAN_POINT('Origin',(82.500775,1.55,33.8008550000001));
#10748=CARTESIAN_POINT('',(80.750775,2.04999999999999,33.8008550000001));
#10749=CARTESIAN_POINT('Origin',(82.500775,2.05,33.8008550000001));
#10750=CARTESIAN_POINT('',(80.750775,4.54850670856163,33.8008550000001));
#10751=CARTESIAN_POINT('',(80.750775,1.55,33.8008550000001));
#10752=CARTESIAN_POINT('Origin',(82.500775,4.54850670856163,33.8008550000001));
#10753=CARTESIAN_POINT('Origin',(80.750775,1.55,17.550855));
#10754=CARTESIAN_POINT('',(80.750775,2.05,19.300855));
#10755=CARTESIAN_POINT('',(80.750775,2.05,8.75040907412459));
#10756=CARTESIAN_POINT('',(80.750775,4.8050849625082,19.300855));
#10757=CARTESIAN_POINT('',(80.750775,1.54999999999999,19.300855));
#10758=CARTESIAN_POINT('',(80.750775,4.99077226819299,8.80711326228361));
#10759=CARTESIAN_POINT('Origin',(82.500775,1.54999999999999,19.300855));
#10760=CARTESIAN_POINT('',(82.500775,2.04999999999999,17.550855));
#10761=CARTESIAN_POINT('Origin',(82.500775,2.05,19.300855));
#10762=CARTESIAN_POINT('',(82.500775,4.83605130350175,17.550855));
#10763=CARTESIAN_POINT('',(82.500775,1.54999999999999,17.550855));
#10764=CARTESIAN_POINT('Origin',(82.500775,4.8050849625082,19.300855));
#10765=CARTESIAN_POINT('Origin',(108.250775,1.54999999999999,17.550855));
#10766=CARTESIAN_POINT('',(54.1253877501459,2.05,17.550855));
#10767=CARTESIAN_POINT('',(54.1253877501459,4.83605130350175,17.550855));
#10768=CARTESIAN_POINT('Origin',(54.8616591472565,1.55,19.8474692908411));
#10769=CARTESIAN_POINT('',(56.5734174485406,2.05,19.4836238319097));
#10770=CARTESIAN_POINT('Origin',(54.8616591472565,2.05,19.8474692908411));
#10771=CARTESIAN_POINT('',(56.5734174485406,4.80185085852425,19.4836238319097));
#10772=CARTESIAN_POINT('',(56.5734174485406,1.55,19.4836238319097));
#10773=CARTESIAN_POINT('Origin',(54.8616591472565,4.79541259420984,19.8474692908411));
#10774=CARTESIAN_POINT('Origin',(20.9962428057502,1.54999999999999,25.2566994786658));
#10775=CARTESIAN_POINT('',(13.5252210285191,2.05,26.8447141797973));
#10776=CARTESIAN_POINT('',(13.5148379254256,4.67155692914757,26.8469211764903));
#10777=CARTESIAN_POINT('Origin',(59.9519824243324,1.55,35.3785223438333));
#10778=CARTESIAN_POINT('',(59.588136965401,2.05,33.6667640425493));
#10779=CARTESIAN_POINT('',(59.588136965401,4.55087945502596,33.6667640425493));
#10780=CARTESIAN_POINT('',(59.588136965401,1.55,33.6667640425493));
#10781=CARTESIAN_POINT('',(55.0649827021552,4.92742605159568,12.3869963058881));
#10782=CARTESIAN_POINT('',(55.0536788251051,2.05,12.3338157455649));
#10783=CARTESIAN_POINT('Origin',(57.8763786641169,1.55,34.0306095014807));
#10784=CARTESIAN_POINT('',(58.2402241230485,3.88783384395478,35.7423678027648));
#10785=CARTESIAN_POINT('',(58.2402241230485,2.04999999999999,35.7423678027648));
#10786=CARTESIAN_POINT('',(58.2402241230485,1.55,35.7423678027648));
#10787=CARTESIAN_POINT('',(59.4708450042595,4.39529393928453,34.7518425912774));
#10788=CARTESIAN_POINT('Ctrl Pts',(58.2402241230484,3.88783384395474,35.7423678027648));
#10789=CARTESIAN_POINT('Ctrl Pts',(58.4552999480846,3.95594862172839,35.6966520248967));
#10790=CARTESIAN_POINT('Ctrl Pts',(58.6747047455596,4.03365165019951,35.6052250024138));
#10791=CARTESIAN_POINT('Ctrl Pts',(59.0587284276877,4.18687126955929,35.3416348647198));
#10792=CARTESIAN_POINT('Ctrl Pts',(59.223424899533,4.26220322931819,35.1694775017845));
#10793=CARTESIAN_POINT('Ctrl Pts',(59.3907820627508,4.34921469110174,34.9117700697018));
#10794=CARTESIAN_POINT('Ctrl Pts',(59.433677265378,4.37299309334846,34.8340111297684));
#10795=CARTESIAN_POINT('Ctrl Pts',(59.4708449841919,4.39529393270058,34.7518425804132));
#10796=CARTESIAN_POINT('Ctrl Pts',(59.4708449841919,4.39529393270058,34.7518425804132));
#10797=CARTESIAN_POINT('Ctrl Pts',(59.5269346943457,4.42894807278131,34.6278422310736));
#10798=CARTESIAN_POINT('Ctrl Pts',(59.5698218455616,4.459178135995,34.4937113837937));
#10799=CARTESIAN_POINT('Ctrl Pts',(59.6392806812616,4.5238213890042,34.1263759828362));
#10800=CARTESIAN_POINT('Ctrl Pts',(59.6346490903966,4.5470073822761,33.885586386259));
#10801=CARTESIAN_POINT('Ctrl Pts',(59.588136965401,4.550879455026,33.6667640425493));
#10802=CARTESIAN_POINT('Origin',(57.8763786641169,2.05,34.0306095014807));
#10803=CARTESIAN_POINT('Origin',(44.3016214229006,1.55,38.7051092671966));
#10804=CARTESIAN_POINT('',(52.5241515689295,2.99241743207267,36.9573565311263));
#10805=CARTESIAN_POINT('',(44.3016214229004,2.96149085653123,38.7051092671955));
#10806=CARTESIAN_POINT('',(41.0005060260302,2.94907470324514,39.4067830056323));
#10807=CARTESIAN_POINT('Origin',(52.452190573596,22.995277676007,36.9726523128687));
#10808=CARTESIAN_POINT('',(44.3016214229004,2.04999999999999,38.7051092671955));
#10809=CARTESIAN_POINT('',(27.0491145608253,2.05,42.3722428059926));
#10810=CARTESIAN_POINT('',(44.3016214229004,1.54999999999999,38.7051092671955));
#10811=CARTESIAN_POINT('Origin',(16.7941644498065,1.54999999999999,42.7629134724315));
#10812=CARTESIAN_POINT('',(15.6321634341533,4.23038309722064,44.0714446026071));
#10813=CARTESIAN_POINT('Ctrl Pts',(15.0824061485224,4.38348435358358,43.126758931363));
#10814=CARTESIAN_POINT('Ctrl Pts',(15.1288855909425,4.37961500161476,43.3454275156441));
#10815=CARTESIAN_POINT('Ctrl Pts',(15.2225120479942,4.35684985951542,43.5672153027554));
#10816=CARTESIAN_POINT('Ctrl Pts',(15.435690026248,4.29334800058054,43.8750912366646));
#10817=CARTESIAN_POINT('Ctrl Pts',(15.5299173244401,4.26354988706829,43.9806480443027));
#10818=CARTESIAN_POINT('Ctrl Pts',(15.6321634479844,4.23038309082647,44.0714445846962));
#10819=CARTESIAN_POINT('',(17.1580099087379,3.73472292171925,44.4746717737156));
#10820=CARTESIAN_POINT('Ctrl Pts',(15.6321634479844,4.23038309082648,44.0714445846962));
#10821=CARTESIAN_POINT('Ctrl Pts',(15.6991469385938,4.20865485597908,44.1309272232548));
#10822=CARTESIAN_POINT('Ctrl Pts',(15.7695232045658,4.1855064613691,44.1841394299318));
#10823=CARTESIAN_POINT('Ctrl Pts',(16.0267080158661,4.10047631792321,44.3511571992453));
#10824=CARTESIAN_POINT('Ctrl Pts',(16.2471633186079,4.02677117550499,44.4414650745177));
#10825=CARTESIAN_POINT('Ctrl Pts',(16.7052238739828,3.87700929772142,44.5261024394862));
#10826=CARTESIAN_POINT('Ctrl Pts',(16.9428964428742,3.80113796430369,44.5203955523885));
#10827=CARTESIAN_POINT('Ctrl Pts',(17.1580099087379,3.73472292171924,44.4746717737156));
#10828=CARTESIAN_POINT('',(17.1580099087379,2.04999999999999,44.4746717737156));
#10829=CARTESIAN_POINT('',(17.1580099087379,1.54999999999999,44.4746717737156));
#10830=CARTESIAN_POINT('Origin',(16.7941644498065,2.05,42.7629134724315));
#10831=CARTESIAN_POINT('Origin',(15.4462516074538,1.54999999999999,44.838517232647));
#10832=CARTESIAN_POINT('',(24.7386537042874,2.88791046096053,42.8633561932869));
#10833=CARTESIAN_POINT('',(22.8848766121568,2.88093803565365,43.2573886780932));
#10834=CARTESIAN_POINT('',(26.5730173900805,2.89480986857494,42.473450155382));
#10835=CARTESIAN_POINT('',(24.7386537042874,2.05,42.8633561932869));
#10836=CARTESIAN_POINT('',(24.7386537042874,1.55,42.8633561932869));
#10837=CARTESIAN_POINT('',(12.6214306467328,2.05,45.4389514633919));
#10838=CARTESIAN_POINT('Origin',(22.8129156168233,22.883798279588,43.2726844598356));
#10839=CARTESIAN_POINT('Origin',(24.7386537042874,1.55,42.8633561932869));
#10840=CARTESIAN_POINT('',(31.2191536417755,2.91228497078721,41.4858801716424));
#10841=CARTESIAN_POINT('',(17.2676434673915,2.05,44.4513721732351));
#10842=CARTESIAN_POINT('Origin',(38.813591849605,2.84437362987993,45.3237519632271));
#10843=CARTESIAN_POINT('',(23.0591144011158,2.80408317948388,47.6006851084052));
#10844=CARTESIAN_POINT('',(53.8110117290266,2.91974720073087,41.0641673705032));
#10845=CARTESIAN_POINT('',(27.4589162020961,2.8206317118727,46.6654783403061));
#10846=CARTESIAN_POINT('',(52.7051217835019,2.97735190160172,37.8087544515213));
#10847=CARTESIAN_POINT('Ctrl Pts',(53.811820945954,2.91975402595843,41.063781656601));
#10848=CARTESIAN_POINT('Ctrl Pts',(53.3162026064843,2.9381474701055,40.0243134396719));
#10849=CARTESIAN_POINT('Ctrl Pts',(52.9423487427763,2.95760307170769,38.9248195469022));
#10850=CARTESIAN_POINT('Ctrl Pts',(52.705121783502,2.97735190160173,37.8087544515213));
#10851=CARTESIAN_POINT('',(48.9227083551171,3.29223280558745,20.0138983498639));
#10852=CARTESIAN_POINT('',(22.895556756878,2.88004892776309,43.3076348085225));
#10853=CARTESIAN_POINT('',(17.8050121661959,3.3038300169652,19.35850545358));
#10854=CARTESIAN_POINT('',(23.1550716249268,2.84485178320436,45.2967300971978));
#10855=CARTESIAN_POINT('Ctrl Pts',(22.8955567568779,2.88004892776309,43.3076348085224));
#10856=CARTESIAN_POINT('Ctrl Pts',(23.0351583597307,2.86842727938,43.9644087126346));
#10857=CARTESIAN_POINT('Ctrl Pts',(23.1211312103995,2.85665142962638,44.6298969946736));
#10858=CARTESIAN_POINT('Ctrl Pts',(23.154141479838,2.84485096874668,45.2967761246226));
#10859=CARTESIAN_POINT('Ctrl Pts',(23.1541414797905,2.84485096876366,45.2967761236629));
#10860=CARTESIAN_POINT('Ctrl Pts',(23.1922468373039,2.83122912357427,46.0665870963703));
#10861=CARTESIAN_POINT('Ctrl Pts',(23.1597784626898,2.81757448355155,46.8382514026162));
#10862=CARTESIAN_POINT('Ctrl Pts',(23.0577610556392,2.80408638353989,47.6005040376731));
#10863=CARTESIAN_POINT('Origin',(29.8990984568544,2.44202341995402,39.8008485728338));
#10864=CARTESIAN_POINT('',(62.9513235549702,4.44171037860039,39.8362331375427));
#10865=CARTESIAN_POINT('Origin',(62.9513235549702,2.44202341995404,39.8008485728331));
#10866=CARTESIAN_POINT('',(110.000768499969,4.44171037860041,39.8362331375416));
#10867=CARTESIAN_POINT('Origin',(110.000768499969,2.44202341995405,39.800848572832));
#10868=CARTESIAN_POINT('',(29.8990984568544,4.44171037860038,39.8362331375434));
#10869=CARTESIAN_POINT('Ctrl Pts',(114.500768499969,2.48626104994484,37.300848572832));
#10870=CARTESIAN_POINT('Ctrl Pts',(114.500768499969,2.47633414898832,38.3106462114859));
#10871=CARTESIAN_POINT('Ctrl Pts',(113.910487587127,2.45985052171128,39.9874160285433));
#10872=CARTESIAN_POINT('Ctrl Pts',(112.017873323389,2.4450511010853,41.4928626998673));
#10873=CARTESIAN_POINT('Ctrl Pts',(110.673966925739,2.44202341995405,41.800848572832));
#10874=CARTESIAN_POINT('Ctrl Pts',(110.000768499969,2.44202341995405,41.800848572832));
#10875=CARTESIAN_POINT('Ctrl Pts',(114.500768499969,3.08456598887462,37.311435609836));
#10876=CARTESIAN_POINT('Ctrl Pts',(114.498318886703,3.07309319718147,38.3226653547498));
#10877=CARTESIAN_POINT('Ctrl Pts',(113.906861904473,3.05416187075567,39.9948069932775));
#10878=CARTESIAN_POINT('Ctrl Pts',(112.013396885971,3.03711787876898,41.4960259878455));
#10879=CARTESIAN_POINT('Ctrl Pts',(110.673325456195,3.0336817518828,41.800848572832));
#10880=CARTESIAN_POINT('Ctrl Pts',(110.000768499969,3.0336817518828,41.800848572832));
#10881=CARTESIAN_POINT('Ctrl Pts',(113.998644010037,4.12039971854766,37.3297647415421));
#10882=CARTESIAN_POINT('Ctrl Pts',(113.994865369043,4.10646690578627,38.2264334226897));
#10883=CARTESIAN_POINT('Ctrl Pts',(113.463890499949,4.08336947428666,39.7115010101831));
#10884=CARTESIAN_POINT('Ctrl Pts',(111.785318141065,4.06273045122962,41.0389233409848));
#10885=CARTESIAN_POINT('Ctrl Pts',(110.596110145231,4.05849694457354,41.3106337049057));
#10886=CARTESIAN_POINT('Ctrl Pts',(110.000768499969,4.05849694457354,41.3106337049057));
#10887=CARTESIAN_POINT('Ctrl Pts',(112.949567450482,4.48594800859119,37.3362331375416));
#10888=CARTESIAN_POINT('Ctrl Pts',(112.948445253977,4.47422391338972,37.9976597096698));
#10889=CARTESIAN_POINT('Ctrl Pts',(112.559445094076,4.45482492370278,39.0951802379736));
#10890=CARTESIAN_POINT('Ctrl Pts',(111.320302236177,4.43739957577358,40.0785017909045));
#10891=CARTESIAN_POINT('Ctrl Pts',(110.441002814603,4.43385953890087,40.2799074314163));
#10892=CARTESIAN_POINT('Ctrl Pts',(110.000768499969,4.43385953890087,40.2799074314163));
#10893=CARTESIAN_POINT('Ctrl Pts',(112.500768499969,4.48594800859119,37.3362331375416));
#10894=CARTESIAN_POINT('Ctrl Pts',(112.500768499969,4.47602110763467,37.8972318256827));
#10895=CARTESIAN_POINT('Ctrl Pts',(112.172834659501,4.45953748035763,38.8287706129368));
#10896=CARTESIAN_POINT('Ctrl Pts',(111.121382290758,4.44473805973165,39.6651298747835));
#10897=CARTESIAN_POINT('Ctrl Pts',(110.374767625397,4.44171037860041,39.8362331375416));
#10898=CARTESIAN_POINT('Ctrl Pts',(110.000768499969,4.44171037860041,39.8362331375416));
#10899=CARTESIAN_POINT('',(112.500768499969,4.4859480085912,37.3362331375416));
#10900=CARTESIAN_POINT('Origin',(112.500768499969,2.48626104994484,37.300848572832));
#10901=CARTESIAN_POINT('Origin',(110.000768499969,4.4859480085912,37.3362331375416));
#10902=CARTESIAN_POINT('Origin',(112.500768499969,2.77634960600459,20.9070817661474));
#10903=CARTESIAN_POINT('',(112.500768499969,5.96974613430418,-46.5176106387856));
#10904=CARTESIAN_POINT('Origin',(112.500768499969,3.97005917565782,-46.5529952034952));
#10905=CARTESIAN_POINT('',(112.500768499969,4.77603656465095,20.942466330857));
#10906=CARTESIAN_POINT('Ctrl Pts',(110.000768499969,4.01429680564861,-51.0529952034952));
#10907=CARTESIAN_POINT('Ctrl Pts',(110.673966925738,4.01429680564861,-51.0529952034952));
#10908=CARTESIAN_POINT('Ctrl Pts',(112.017862942463,4.01126906084108,-50.745002853166));
#10909=CARTESIAN_POINT('Ctrl Pts',(113.910466054762,3.9964696150781,-49.2395536248214));
#10910=CARTESIAN_POINT('Ctrl Pts',(114.500768499969,3.97998607661434,-47.5627928421491));
#10911=CARTESIAN_POINT('Ctrl Pts',(114.500768499969,3.97005917565782,-46.5529952034952));
#10912=CARTESIAN_POINT('Ctrl Pts',(110.000768499969,4.6194356750874,-51.0529952034952));
#10913=CARTESIAN_POINT('Ctrl Pts',(110.676592135169,4.6194356750874,-51.0529952034952));
#10914=CARTESIAN_POINT('Ctrl Pts',(112.023074121731,4.61597501919304,-50.7453423047732));
#10915=CARTESIAN_POINT('Ctrl Pts',(113.919401402033,4.5988205090449,-49.2317288212607));
#10916=CARTESIAN_POINT('Ctrl Pts',(114.503218113236,4.57983690628075,-47.553637911405));
#10917=CARTESIAN_POINT('Ctrl Pts',(114.500768499969,4.5683641145876,-46.5424081664912));
#10918=CARTESIAN_POINT('Ctrl Pts',(110.000768499969,5.66657431720083,-50.5387858792878));
#10919=CARTESIAN_POINT('Ctrl Pts',(110.601149376298,5.66657431720083,-50.5387858792878));
#10920=CARTESIAN_POINT('Ctrl Pts',(111.80031112432,5.66227221821993,-50.2622690593258));
#10921=CARTESIAN_POINT('Ctrl Pts',(113.483329211699,5.64135897530295,-48.9156490387195));
#10922=CARTESIAN_POINT('Ctrl Pts',(114.002411475867,5.61812134957373,-47.4207478806285));
#10923=CARTESIAN_POINT('Ctrl Pts',(113.998632834872,5.60418853681234,-46.5240791994809));
#10924=CARTESIAN_POINT('Ctrl Pts',(110.000768499969,6.02201348010145,-49.4713937533056));
#10925=CARTESIAN_POINT('Ctrl Pts',(110.442499388086,6.02201348010145,-49.4713937533056));
#10926=CARTESIAN_POINT('Ctrl Pts',(111.324755072651,6.01844882974525,-49.2685355409539));
#10927=CARTESIAN_POINT('Ctrl Pts',(112.565215197013,6.00092036948655,-48.2795079131488));
#10928=CARTESIAN_POINT('Ctrl Pts',(112.950689646987,5.98147022950563,-47.1790372109138));
#10929=CARTESIAN_POINT('Ctrl Pts',(112.949567450482,5.96974613430416,-46.5176106387856));
#10930=CARTESIAN_POINT('Ctrl Pts',(110.000768499969,6.01398376429496,-49.0176106387856));
#10931=CARTESIAN_POINT('Ctrl Pts',(110.374767625397,6.01398376429496,-49.0176106387856));
#10932=CARTESIAN_POINT('Ctrl Pts',(111.121376523577,6.01095601948743,-48.8465037774916));
#10933=CARTESIAN_POINT('Ctrl Pts',(112.172822697076,5.99615657372446,-48.0101430950779));
#10934=CARTESIAN_POINT('Ctrl Pts',(112.500768499969,5.97967303526069,-47.0786093269266));
#10935=CARTESIAN_POINT('Ctrl Pts',(112.500768499969,5.96974613430417,-46.5176106387856));
#10936=CARTESIAN_POINT('',(110.000768499969,6.01398376429496,-49.0176106387856));
#10937=CARTESIAN_POINT('Origin',(110.000768499969,4.01429680564861,-49.0529952034952));
#10938=CARTESIAN_POINT('Origin',(110.000768499969,5.96974613430418,-46.5176106387856));
#10939=CARTESIAN_POINT('Ctrl Pts',(62.6971244243577,4.44169251262044,39.8372427971898));
#10940=CARTESIAN_POINT('Ctrl Pts',(62.7818866135381,4.44170442755862,39.836569448607));
#10941=CARTESIAN_POINT('Ctrl Pts',(62.8666208839152,4.44171037860039,39.8362331375427));
#10942=CARTESIAN_POINT('Ctrl Pts',(62.9513235549702,4.44171037860039,39.8362331375427));
#10943=CARTESIAN_POINT('Ctrl Pts',(62.7018251315586,4.4312250529731,40.428790064161));
#10944=CARTESIAN_POINT('Ctrl Pts',(62.7850131909884,4.4312367434492,40.4281290754739));
#10945=CARTESIAN_POINT('Ctrl Pts',(62.8681939066683,4.43124259233434,40.4277988627089));
#10946=CARTESIAN_POINT('Ctrl Pts',(62.9513235549703,4.43124259233434,40.4277988627089));
#10947=CARTESIAN_POINT('Ctrl Pts',(62.7099677310635,3.92302755158949,41.4448008426139));
#10948=CARTESIAN_POINT('Ctrl Pts',(62.7904498940115,3.92303912185007,41.4441611225393));
#10949=CARTESIAN_POINT('Ctrl Pts',(62.8708979004526,3.92304489800622,41.4438416362641));
#10950=CARTESIAN_POINT('Ctrl Pts',(62.9513235549703,3.92304489800622,41.4438416362641));
#10951=CARTESIAN_POINT('Ctrl Pts',(62.7129494973098,2.88574945805448,41.8017956242395));
#10952=CARTESIAN_POINT('Ctrl Pts',(62.792430959379,2.88576127062642,41.8011640589814));
#10953=CARTESIAN_POINT('Ctrl Pts',(62.8718979010547,2.8857671689006,41.8008485728331));
#10954=CARTESIAN_POINT('Ctrl Pts',(62.9513235549703,2.8857671689006,41.8008485728331));
#10955=CARTESIAN_POINT('Ctrl Pts',(62.713011870021,2.44200555397408,41.8017951287523));
#10956=CARTESIAN_POINT('Ctrl Pts',(62.7924764223776,2.44201746891227,41.8011638644559));
#10957=CARTESIAN_POINT('Ctrl Pts',(62.8719148008562,2.44202341995404,41.8008485728331));
#10958=CARTESIAN_POINT('Ctrl Pts',(62.9513235549703,2.44202341995404,41.8008485728331));
#10959=CARTESIAN_POINT('',(62.6971244243577,4.44169251262044,39.8372427971898));
#10960=CARTESIAN_POINT('',(62.713011870021,2.44200555397408,41.8017951287523));
#10961=CARTESIAN_POINT('Origin',(62.6971244243577,2.44200555397408,39.8018582324802));
#10962=CARTESIAN_POINT('Ctrl Pts',(62.9513235549703,2.44202341995404,41.8008485728331));
#10963=CARTESIAN_POINT('Ctrl Pts',(62.8719148008562,2.44202341995404,41.8008485728331));
#10964=CARTESIAN_POINT('Ctrl Pts',(62.7924764223776,2.44201746891227,41.8011638644559));
#10965=CARTESIAN_POINT('Ctrl Pts',(62.713011870021,2.44200555397408,41.8017951287523));
#10966=CARTESIAN_POINT('Ctrl Pts',(62.6971244243577,4.44169251262044,39.8372427971898));
#10967=CARTESIAN_POINT('Ctrl Pts',(62.7818866135381,4.44170442755862,39.836569448607));
#10968=CARTESIAN_POINT('Ctrl Pts',(62.8666208839152,4.44171037860039,39.8362331375427));
#10969=CARTESIAN_POINT('Ctrl Pts',(62.9513235549702,4.44171037860039,39.8362331375427));
#10970=CARTESIAN_POINT('Origin',(62.951323554971,-0.0500000000000052,71.8008485728331));
#10971=CARTESIAN_POINT('',(56.7139726687078,1.0672757224138,42.4564205851958));
#10972=CARTESIAN_POINT('Ctrl Pts',(62.713011870021,2.44200555397408,41.8017951287523));
#10973=CARTESIAN_POINT('Ctrl Pts',(61.5725736846324,2.13009147073369,41.8108547394513));
#10974=CARTESIAN_POINT('Ctrl Pts',(59.5870936779582,1.53903349364603,41.9386849073006));
#10975=CARTESIAN_POINT('Ctrl Pts',(57.5722233341557,1.17185472176163,42.2739937697533));
#10976=CARTESIAN_POINT('Ctrl Pts',(56.7139726687079,1.067275722414,42.4564205851958));
#10977=CARTESIAN_POINT('',(56.7139726687095,-0.0500000000000052,42.4564205851954));
#10978=CARTESIAN_POINT('Origin',(16.7410797230264,-0.0500000000000057,50.9529214999935));
#10979=CARTESIAN_POINT('',(23.4749377935518,0.804396220835974,49.521595742959));
#10980=CARTESIAN_POINT('',(19.8253034677334,1.05963725581547,50.2973494876312));
#10981=CARTESIAN_POINT('Ctrl Pts',(23.474937793495,0.804396220835757,49.5215957429711));
#10982=CARTESIAN_POINT('Ctrl Pts',(22.2545708158811,0.799806177153779,49.7809927587381));
#10983=CARTESIAN_POINT('Ctrl Pts',(21.0344708905265,0.89093599728328,50.0403330107936));
#10984=CARTESIAN_POINT('Ctrl Pts',(19.8253034677334,1.05963725581547,50.2973494876312));
#10985=CARTESIAN_POINT('',(19.8253034677334,-0.0500000000000057,50.2973494876312));
#10986=CARTESIAN_POINT('',(54.226835121444,0.920060242084514,42.9850780049695));
#10987=CARTESIAN_POINT('Ctrl Pts',(56.7139726687077,1.067275722414,42.4564205851958));
#10988=CARTESIAN_POINT('Ctrl Pts',(55.8882878284382,0.972953088325018,42.6319253206228));
#10989=CARTESIAN_POINT('Ctrl Pts',(55.0576473437596,0.92318509261035,42.8084834108148));
#10990=CARTESIAN_POINT('Ctrl Pts',(54.226835121444,0.920060242084514,42.9850780049695));
#10991=CARTESIAN_POINT('',(27.8747395945135,0.820944753226339,48.5863889747724));
#10992=CARTESIAN_POINT('Ctrl Pts',(23.474937793495,0.804396220835757,49.5215957429711));
#10993=CARTESIAN_POINT('Ctrl Pts',(22.2545708158811,0.799806177153779,49.7809927587381));
#10994=CARTESIAN_POINT('Ctrl Pts',(21.0344708905265,0.89093599728328,50.0403330107936));
#10995=CARTESIAN_POINT('Ctrl Pts',(19.8253034677334,1.05963725581547,50.2973494876312));
#10996=CARTESIAN_POINT('Ctrl Pts',(23.4728081283786,1.39619785365355,49.522048417278));
#10997=CARTESIAN_POINT('Ctrl Pts',(22.2816579774042,1.38473401941845,49.7749515119273));
#10998=CARTESIAN_POINT('Ctrl Pts',(21.0884519042928,1.46545121808215,50.0292961993979));
#10999=CARTESIAN_POINT('Ctrl Pts',(19.8999595170606,1.61891087284426,50.2814808540483));
#11000=CARTESIAN_POINT('Ctrl Pts',(23.3671792334376,2.42139096156194,49.0432443965266));
#11001=CARTESIAN_POINT('Ctrl Pts',(22.2289150832796,2.39895607240515,49.2975317730829));
#11002=CARTESIAN_POINT('Ctrl Pts',(21.0855462654551,2.46105556656915,49.5554256791952));
#11003=CARTESIAN_POINT('Ctrl Pts',(19.9372745469137,2.58945498629986,49.8199855585656));
#11004=CARTESIAN_POINT('Ctrl Pts',(23.1514107083312,2.79640203953757,48.034769164668));
#11005=CARTESIAN_POINT('Ctrl Pts',(22.0355659909026,2.78361357380693,48.3033420688851));
#11006=CARTESIAN_POINT('Ctrl Pts',(20.9159717814001,2.85622280494301,48.579884370976));
#11007=CARTESIAN_POINT('Ctrl Pts',(19.7926398109255,2.99608751943243,48.8726259415607));
#11008=CARTESIAN_POINT('Ctrl Pts',(23.0591144010771,2.80408317948211,47.6006851085048));
#11009=CARTESIAN_POINT('Ctrl Pts',(21.9446254140843,2.79924201953134,47.8742734512524));
#11010=CARTESIAN_POINT('Ctrl Pts',(20.8280852374776,2.88125281807991,48.1571969678517));
#11011=CARTESIAN_POINT('Ctrl Pts',(19.709952956699,3.03340957482664,48.4591173235622));
#11012=CARTESIAN_POINT('',(19.709952956699,3.03340957482664,48.4591173235622));
#11013=CARTESIAN_POINT('Origin',(19.409480075316,1.05963725581547,48.3410542884554));
#11014=CARTESIAN_POINT('Origin',(23.0591144011344,0.804396220835974,47.5653005437832));
#11015=CARTESIAN_POINT('Ctrl Pts',(19.709952956699,3.03340957482664,48.4591173235622));
#11016=CARTESIAN_POINT('Ctrl Pts',(20.8280852374776,2.88125281807991,48.1571969678517));
#11017=CARTESIAN_POINT('Ctrl Pts',(21.9446254140843,2.79924201953134,47.8742734512524));
#11018=CARTESIAN_POINT('Ctrl Pts',(23.0591144010771,2.80408317948211,47.6006851085048));
#11019=CARTESIAN_POINT('Origin',(27.4589162020961,0.820944753226339,46.6300937755965));
#11020=CARTESIAN_POINT('Origin',(53.8110117290266,0.920060242084514,41.0287828057936));
#11021=CARTESIAN_POINT('Ctrl Pts',(56.7139726687077,1.067275722414,42.4564205851958));
#11022=CARTESIAN_POINT('Ctrl Pts',(55.8882878284382,0.972953088325018,42.6319253206228));
#11023=CARTESIAN_POINT('Ctrl Pts',(55.0576473437596,0.92318509261035,42.8084834108148));
#11024=CARTESIAN_POINT('Ctrl Pts',(54.226835121444,0.920060242084514,42.9850780049695));
#11025=CARTESIAN_POINT('Ctrl Pts',(56.6509852143153,1.64356914163687,42.4698089822926));
#11026=CARTESIAN_POINT('Ctrl Pts',(55.8446646318136,1.55629264898484,42.641382627091));
#11027=CARTESIAN_POINT('Ctrl Pts',(55.0342809003973,1.51149232163352,42.8133113960436));
#11028=CARTESIAN_POINT('Ctrl Pts',(54.2247054563278,1.51186187490228,42.9855306792764));
#11029=CARTESIAN_POINT('Ctrl Pts',(56.4441319889839,2.64263050089367,42.0335730419396));
#11030=CARTESIAN_POINT('Ctrl Pts',(55.6694114954109,2.5669487337254,42.1899411952633));
#11031=CARTESIAN_POINT('Ctrl Pts',(54.8934326666063,2.531024459525,42.3480826849048));
#11032=CARTESIAN_POINT('Ctrl Pts',(54.1190597618627,2.53698774498259,42.5066464332024));
#11033=CARTESIAN_POINT('Ctrl Pts',(56.1939802138812,3.03155521491835,41.0657238009125));
#11034=CARTESIAN_POINT('Ctrl Pts',(55.4306671705297,2.95134984607012,41.2065196620944));
#11035=CARTESIAN_POINT('Ctrl Pts',(54.6660786509083,2.91073432991444,41.3514683819246));
#11036=CARTESIAN_POINT('Ctrl Pts',(53.9033080362807,2.91206606078629,41.4982514266665));
#11037=CARTESIAN_POINT('Ctrl Pts',(56.1013686324918,3.05255777157131,40.6413081169752));
#11038=CARTESIAN_POINT('Ctrl Pts',(55.3385216090998,2.96721128789011,40.7781755192232));
#11039=CARTESIAN_POINT('Ctrl Pts',(54.5740738965529,2.9222997460534,40.9199154449896));
#11040=CARTESIAN_POINT('Ctrl Pts',(53.8110117290266,2.91974720073087,41.0641673705032));
#11041=CARTESIAN_POINT('',(56.1013686324918,3.0525577715713,40.6413081169752));
#11042=CARTESIAN_POINT('Origin',(56.2981492762903,1.06727572241399,40.5001253860199));
#11043=CARTESIAN_POINT('Ctrl Pts',(53.8110117290266,2.91974720073087,41.0641673705032));
#11044=CARTESIAN_POINT('Ctrl Pts',(54.5740738965529,2.9222997460534,40.9199154449896));
#11045=CARTESIAN_POINT('Ctrl Pts',(55.3385216090998,2.96721128789011,40.7781755192232));
#11046=CARTESIAN_POINT('Ctrl Pts',(56.1013686324918,3.05255777157131,40.6413081169752));
#11047=CARTESIAN_POINT('Ctrl Pts',(62.713011870021,2.44200555397408,41.8017951287523));
#11048=CARTESIAN_POINT('Ctrl Pts',(61.5725736846324,2.13009147073369,41.8108547394513));
#11049=CARTESIAN_POINT('Ctrl Pts',(59.5870936779582,1.53903349364603,41.9386849073006));
#11050=CARTESIAN_POINT('Ctrl Pts',(57.5722233341557,1.17185472176163,42.2739937697533));
#11051=CARTESIAN_POINT('Ctrl Pts',(56.7139726687079,1.067275722414,42.4564205851958));
#11052=CARTESIAN_POINT('Ctrl Pts',(62.5923173385535,2.91274488860079,41.8027539229093));
#11053=CARTESIAN_POINT('Ctrl Pts',(61.4349266555345,2.6251541876206,41.8171878057162));
#11054=CARTESIAN_POINT('Ctrl Pts',(59.4599733710675,2.07803821810282,41.9547867497648));
#11055=CARTESIAN_POINT('Ctrl Pts',(57.4881354905604,1.7391734334044,42.2896806237279));
#11056=CARTESIAN_POINT('Ctrl Pts',(56.6509852143155,1.64356914163688,42.4698089822926));
#11057=CARTESIAN_POINT('Ctrl Pts',(62.3795059728569,3.73271879882583,41.4802361581999));
#11058=CARTESIAN_POINT('Ctrl Pts',(61.1800995375557,3.48583834811339,41.4638665005024));
#11059=CARTESIAN_POINT('Ctrl Pts',(59.1954502947198,3.01437024131946,41.5601316906397));
#11060=CARTESIAN_POINT('Ctrl Pts',(57.2612669696277,2.72350759167562,41.8659964132341));
#11061=CARTESIAN_POINT('Ctrl Pts',(56.4441303110856,2.64261952965243,42.0335592517041));
#11062=CARTESIAN_POINT('Ctrl Pts',(62.2556024649627,4.19288112666601,40.7358470542334));
#11063=CARTESIAN_POINT('Ctrl Pts',(61.0206260478688,3.93075287021688,40.6516998666012));
#11064=CARTESIAN_POINT('Ctrl Pts',(59.0010825841929,3.43002522517187,40.6510098289407));
#11065=CARTESIAN_POINT('Ctrl Pts',(57.0278238171896,3.11910965716262,40.9113297061783));
#11066=CARTESIAN_POINT('Ctrl Pts',(56.1939802138812,3.03155521491836,41.0657238009125));
#11067=CARTESIAN_POINT('Ctrl Pts',(62.2265027385338,4.29557333712405,40.387350932777));
#11068=CARTESIAN_POINT('Ctrl Pts',(60.9806729214582,4.0141237722669,40.2769675194086));
#11069=CARTESIAN_POINT('Ctrl Pts',(58.9464512966876,3.47961512561559,40.241739033788));
#11070=CARTESIAN_POINT('Ctrl Pts',(56.9471653930699,3.14718458036885,40.48955815676));
#11071=CARTESIAN_POINT('Ctrl Pts',(56.1013686324918,3.05255777157131,40.6413081169753));
#11072=CARTESIAN_POINT('',(62.7120318012547,2.44582795053559,41.8017990214534));
#11073=CARTESIAN_POINT('Origin',(62.6971244243577,2.44200555397408,39.8018582324802));
#11074=CARTESIAN_POINT('',(62.2265027385338,4.29557333712406,40.387350932777));
#11075=CARTESIAN_POINT('Origin',(62.6971244243577,2.44200555397408,39.8018582324802));
#11076=CARTESIAN_POINT('Ctrl Pts',(56.1013686324918,3.05255777157131,40.6413081169753));
#11077=CARTESIAN_POINT('Ctrl Pts',(56.9471653930699,3.14718458036885,40.48955815676));
#11078=CARTESIAN_POINT('Ctrl Pts',(58.9464512966876,3.47961512561559,40.241739033788));
#11079=CARTESIAN_POINT('Ctrl Pts',(60.9806729214582,4.0141237722669,40.2769675194086));
#11080=CARTESIAN_POINT('Ctrl Pts',(62.2265027385338,4.29557333712405,40.387350932777));
#11081=CARTESIAN_POINT('Ctrl Pts',(62.2265027385342,4.29557333712407,40.3873509327772));
#11082=CARTESIAN_POINT('Ctrl Pts',(61.5269836238736,4.30611329397925,39.791706633039));
#11083=CARTESIAN_POINT('Ctrl Pts',(60.5061326015406,4.32852901262633,38.5249277249155));
#11084=CARTESIAN_POINT('Ctrl Pts',(59.9471546726732,4.35564180414109,36.9927032635003));
#11085=CARTESIAN_POINT('Ctrl Pts',(59.8050628133242,4.36747076307643,36.3242136236958));
#11086=CARTESIAN_POINT('Ctrl Pts',(60.7305676335007,3.36602018503621,42.127714687791));
#11087=CARTESIAN_POINT('Ctrl Pts',(59.8112437525245,3.37987203531213,41.3449054437828));
#11088=CARTESIAN_POINT('Ctrl Pts',(58.4695979022692,3.40933220219933,39.6800238207543));
#11089=CARTESIAN_POINT('Ctrl Pts',(57.7349824589486,3.44496385894962,37.6663729562236));
#11090=CARTESIAN_POINT('Ctrl Pts',(57.5482498890355,3.46050909786416,36.7878652853909));
#11091=CARTESIAN_POINT('Ctrl Pts',(59.1256796515508,2.8677326735374,44.0036629540319));
#11092=CARTESIAN_POINT('Ctrl Pts',(57.9705111474455,2.88513809668961,43.0200307411488));
#11093=CARTESIAN_POINT('Ctrl Pts',(56.2847330915239,2.92215478717083,40.9281075024421));
#11094=CARTESIAN_POINT('Ctrl Pts',(55.3616982166917,2.96692576274834,38.3979665575697));
#11095=CARTESIAN_POINT('Ctrl Pts',(55.1270673607874,2.98645847047819,37.2941151682709));
#11096=CARTESIAN_POINT('Ctrl Pts',(57.5202858802954,2.8343815821603,45.8884322886487));
#11097=CARTESIAN_POINT('Ctrl Pts',(56.1291878432437,2.85534185756172,44.7039048057235));
#11098=CARTESIAN_POINT('Ctrl Pts',(54.0991783563828,2.89991711397301,42.1848245328557));
#11099=CARTESIAN_POINT('Ctrl Pts',(52.9876681699487,2.95383028947054,39.1380306885217));
#11100=CARTESIAN_POINT('Ctrl Pts',(52.705121783502,2.97735190160173,37.8087544515213));
#11101=CARTESIAN_POINT('',(59.8050628133241,4.36747076307642,36.3242136236958));
#11102=CARTESIAN_POINT('Ctrl Pts',(62.2265027385341,4.29557333712405,40.3873509327773));
#11103=CARTESIAN_POINT('Ctrl Pts',(61.0042424422768,4.31398966130785,39.3465896969454));
#11104=CARTESIAN_POINT('Ctrl Pts',(60.1387965687387,4.3396878703321,37.8943074979669));
#11105=CARTESIAN_POINT('Ctrl Pts',(59.8050628133241,4.36747076307642,36.3242136236958));
#11106=CARTESIAN_POINT('Origin',(52.7051217835019,22.9742214880653,38.1626000986173));
#11107=CARTESIAN_POINT('Origin',(48.9227083551171,23.289102392051,20.3677439969599));
#11108=CARTESIAN_POINT('',(56.0226493849393,4.68235166706218,18.5293575220384));
#11109=CARTESIAN_POINT('Ctrl Pts',(59.470844992555,4.39529393771848,34.7518425619245));
#11110=CARTESIAN_POINT('Ctrl Pts',(59.5841616969131,4.46328459556268,34.5013276043361));
#11111=CARTESIAN_POINT('Ctrl Pts',(59.6895471342424,4.53889812104655,34.1777872737217));
#11112=CARTESIAN_POINT('Ctrl Pts',(59.5897630064808,4.55074734976504,33.6743842719603));
#11113=CARTESIAN_POINT('Ctrl Pts',(59.5889475685031,4.55081197339228,33.67057763031));
#11114=CARTESIAN_POINT('Ctrl Pts',(59.588136965401,4.550879455026,33.6667640425493));
#11115=CARTESIAN_POINT('Ctrl Pts',(59.6965262963852,4.48599011260142,34.7054774035918));
#11116=CARTESIAN_POINT('Ctrl Pts',(59.7543584344494,4.51316442543983,34.4168023151961));
#11117=CARTESIAN_POINT('Ctrl Pts',(59.7604948473235,4.5425730046646,34.0806231735084));
#11118=CARTESIAN_POINT('Ctrl Pts',(59.5907725626563,4.55077135298776,33.672925450162));
#11119=CARTESIAN_POINT('Ctrl Pts',(59.5894551203078,4.55082493213645,33.6698452931473));
#11120=CARTESIAN_POINT('Ctrl Pts',(59.588136965401,4.550879455026,33.6667640425493));
#11121=CARTESIAN_POINT('Ctrl Pts',(59.9386445631226,4.53339517975209,34.6548524232733));
#11122=CARTESIAN_POINT('Ctrl Pts',(59.9287281862211,4.53908525148193,34.3273734892416));
#11123=CARTESIAN_POINT('Ctrl Pts',(59.8311128689229,4.54525674015447,33.983625686096));
#11124=CARTESIAN_POINT('Ctrl Pts',(59.5917838811012,4.55079633762882,33.671465659866));
#11125=CARTESIAN_POINT('Ctrl Pts',(59.5899626721125,4.55083789088062,33.6691129559846));
#11126=CARTESIAN_POINT('Ctrl Pts',(59.588136965401,4.550879455026,33.6667640425493));
#11127=CARTESIAN_POINT('Ctrl Pts',(60.1808391347829,4.53430583650015,34.6033885028367));
#11128=CARTESIAN_POINT('Ctrl Pts',(60.1030678631741,4.54078019313361,34.2375033596447));
#11129=CARTESIAN_POINT('Ctrl Pts',(59.9017306611961,4.54698920484507,33.8866136465842));
#11130=CARTESIAN_POINT('Ctrl Pts',(59.5927952001945,4.55082209070087,33.6700058711166));
#11131=CARTESIAN_POINT('Ctrl Pts',(59.5904702239173,4.5508508496248,33.6683806188219));
#11132=CARTESIAN_POINT('Ctrl Pts',(59.588136965401,4.550879455026,33.6667640425493));
#11133=CARTESIAN_POINT('',(60.1808391347829,4.53430583650015,34.6033885028367));
#11134=CARTESIAN_POINT('Origin',(60.1808391347829,2.53461887785384,34.568003938127));
#11135=CARTESIAN_POINT('Ctrl Pts',(59.588136965401,4.550879455026,33.6667640425493));
#11136=CARTESIAN_POINT('Ctrl Pts',(59.5904702239173,4.5508508496248,33.6683806188219));
#11137=CARTESIAN_POINT('Ctrl Pts',(59.5927952001945,4.55082209070087,33.6700058711166));
#11138=CARTESIAN_POINT('Ctrl Pts',(59.9017306611961,4.54698920484507,33.8866136465842));
#11139=CARTESIAN_POINT('Ctrl Pts',(60.1030678631741,4.54078019313361,34.2375033596447));
#11140=CARTESIAN_POINT('Ctrl Pts',(60.1808391347829,4.53430583650015,34.6033885028367));
#11141=CARTESIAN_POINT('Origin',(56.7326434879216,2.8216765945633,18.3455188745462));
#11142=CARTESIAN_POINT('',(60.5150569163064,4.50648264922389,36.1757595409132));
#11143=CARTESIAN_POINT('Origin',(60.5150569163063,2.50679569057753,36.1403749762036));
#11144=CARTESIAN_POINT('',(56.7326434879216,4.82136355320966,18.3809034392558));
#11145=CARTESIAN_POINT('Ctrl Pts',(60.5150569163064,4.50648264922389,36.1757595409132));
#11146=CARTESIAN_POINT('Ctrl Pts',(60.8158018594075,4.48144603137504,37.5906532554989));
#11147=CARTESIAN_POINT('Ctrl Pts',(61.5957027786608,4.4582881086259,38.8993763241828));
#11148=CARTESIAN_POINT('Ctrl Pts',(62.697124424358,4.44169251262043,39.8372427971901));
#11149=CARTESIAN_POINT('Ctrl Pts',(60.2728623585778,4.50557199233624,36.2272234692383));
#11150=CARTESIAN_POINT('Ctrl Pts',(60.5848613101942,4.47959849319669,37.695063131137));
#11151=CARTESIAN_POINT('Ctrl Pts',(61.3939397530615,4.45557413401793,39.0527510985852));
#11152=CARTESIAN_POINT('Ctrl Pts',(62.5365850472325,4.43835740348272,40.0257197306518));
#11153=CARTESIAN_POINT('Ctrl Pts',(60.030744105753,4.45816692959765,36.2778484575263));
#11154=CARTESIAN_POINT('Ctrl Pts',(60.3539930156252,4.43125688634612,37.7986150117659));
#11155=CARTESIAN_POINT('Ctrl Pts',(61.1922421425704,4.40636629385468,39.2052563992353));
#11156=CARTESIAN_POINT('Ctrl Pts',(62.3760962490375,4.38852865233284,40.2133145572759));
#11157=CARTESIAN_POINT('Ctrl Pts',(59.8050628133241,4.36747076307642,36.3242136236958));
#11158=CARTESIAN_POINT('Ctrl Pts',(60.1387965687387,4.3396878703321,37.8943074979669));
#11159=CARTESIAN_POINT('Ctrl Pts',(61.0042424422768,4.31398966130785,39.3465896969454));
#11160=CARTESIAN_POINT('Ctrl Pts',(62.2265027385341,4.29557333712405,40.3873509327773));
#11161=CARTESIAN_POINT('Origin',(62.6971244243577,2.44200555397408,39.8018582324802));
#11162=CARTESIAN_POINT('Ctrl Pts',(60.5150569163064,4.50648264922389,36.1757595409132));
#11163=CARTESIAN_POINT('Ctrl Pts',(60.8158018594075,4.48144603137504,37.5906532554989));
#11164=CARTESIAN_POINT('Ctrl Pts',(61.5957027786608,4.4582881086259,38.8993763241828));
#11165=CARTESIAN_POINT('Ctrl Pts',(62.697124424358,4.44169251262043,39.8372427971901));
#11166=CARTESIAN_POINT('Origin',(62.6971244243577,2.44200555397408,39.8018582324802));
#11167=CARTESIAN_POINT('Origin',(17.8050121661959,23.3006996034288,19.7123511006759));
#11168=CARTESIAN_POINT('',(15.7956157270558,4.21677591898827,44.8404273154975));
#11169=CARTESIAN_POINT('',(10.7050711363737,4.64055700819044,20.891297960555));
#11170=CARTESIAN_POINT('Origin',(22.895556756878,22.8769185142266,43.6614804556185));
#11171=CARTESIAN_POINT('Ctrl Pts',(15.7956157270277,4.21677591899933,44.8404273155036));
#11172=CARTESIAN_POINT('Ctrl Pts',(15.9924384057087,4.20039069190521,45.766405215853));
#11173=CARTESIAN_POINT('Ctrl Pts',(15.8968472324183,4.17045148575525,47.4583587719202));
#11174=CARTESIAN_POINT('Ctrl Pts',(15.0631323707162,4.1444888652043,48.9255836524326));
#11175=CARTESIAN_POINT('Ctrl Pts',(14.5987018664067,4.13505503110729,49.458717666335));
#11176=CARTESIAN_POINT('Ctrl Pts',(18.0524286513244,3.32678558668597,44.3449784947756));
#11177=CARTESIAN_POINT('Ctrl Pts',(18.3342428997096,3.3033249240779,45.6708102930072));
#11178=CARTESIAN_POINT('Ctrl Pts',(18.1973637591904,3.26045496136174,48.0935193489107));
#11179=CARTESIAN_POINT('Ctrl Pts',(17.003544994324,3.22327752580624,50.1945267697));
#11180=CARTESIAN_POINT('Ctrl Pts',(16.3385061814969,3.20976879679282,50.9579452109812));
#11181=CARTESIAN_POINT('Ctrl Pts',(20.4736111795825,2.87094235888659,43.822274091775));
#11182=CARTESIAN_POINT('Ctrl Pts',(20.8466191043472,2.83988994360529,45.5771384056954));
#11183=CARTESIAN_POINT('Ctrl Pts',(20.6654685178238,2.78314880329115,48.7837489500422));
#11184=CARTESIAN_POINT('Ctrl Pts',(19.0853111588762,2.73393995592794,51.5646872243951));
#11185=CARTESIAN_POINT('Ctrl Pts',(18.2050250076407,2.71605897388307,52.5751946842543));
#11186=CARTESIAN_POINT('Ctrl Pts',(22.8955567568779,2.88004892776309,43.3076348085224));
#11187=CARTESIAN_POINT('Ctrl Pts',(23.3597911899701,2.84140202659242,45.4916861003024));
#11188=CARTESIAN_POINT('Ctrl Pts',(23.1343632983763,2.77078580282161,49.4824188647796));
#11189=CARTESIAN_POINT('Ctrl Pts',(21.1677430614309,2.70954182297681,52.9434982590399));
#11190=CARTESIAN_POINT('Ctrl Pts',(20.0721320774948,2.68728701378274,54.201183695551));
#11191=CARTESIAN_POINT('',(14.5987018664142,4.13505503110332,49.4587176663414));
#11192=CARTESIAN_POINT('Ctrl Pts',(15.7956157270558,4.21677591898826,44.8404273154975));
#11193=CARTESIAN_POINT('Ctrl Pts',(15.9669849213865,4.20250966072543,45.6466559869818));
#11194=CARTESIAN_POINT('Ctrl Pts',(15.929168237756,4.17255895876563,47.3392592054426));
#11195=CARTESIAN_POINT('Ctrl Pts',(15.1401632293824,4.14605356934995,48.8371575682847));
#11196=CARTESIAN_POINT('Ctrl Pts',(14.5987018664284,4.13505503109578,49.4587176663536));
#11197=CARTESIAN_POINT('Ctrl Pts',(14.5987018664133,4.13505503110743,49.4587176663274));
#11198=CARTESIAN_POINT('Ctrl Pts',(15.6301725441087,3.86955835265113,49.3172510606728));
#11199=CARTESIAN_POINT('Ctrl Pts',(17.3278152974781,3.42511591372256,49.0387517015289));
#11200=CARTESIAN_POINT('Ctrl Pts',(19.0003512891107,3.12997300491304,48.6507254110613));
#11201=CARTESIAN_POINT('Ctrl Pts',(19.709952956699,3.03340957482664,48.4591173235622));
#11202=CARTESIAN_POINT('Ctrl Pts',(14.5987018664133,4.13505503110743,49.4587176663274));
#11203=CARTESIAN_POINT('Ctrl Pts',(15.6301725441087,3.86955835265113,49.3172510606728));
#11204=CARTESIAN_POINT('Ctrl Pts',(17.3278152974781,3.42511591372256,49.0387517015289));
#11205=CARTESIAN_POINT('Ctrl Pts',(19.0003512891107,3.12997300491304,48.6507254110613));
#11206=CARTESIAN_POINT('Ctrl Pts',(19.709952956699,3.03340957482664,48.4591173235622));
#11207=CARTESIAN_POINT('Ctrl Pts',(14.5706165705448,4.01092746517767,49.9406696918043));
#11208=CARTESIAN_POINT('Ctrl Pts',(15.6264440274235,3.76577338167471,49.8272692732481));
#11209=CARTESIAN_POINT('Ctrl Pts',(17.3729082602485,3.34695176540629,49.5756637483007));
#11210=CARTESIAN_POINT('Ctrl Pts',(19.0912190491837,3.07163865699215,49.1988352996996));
#11211=CARTESIAN_POINT('Ctrl Pts',(19.8202020956677,2.98364683430103,49.0104621475603));
#11212=CARTESIAN_POINT('Ctrl Pts',(14.4281800424043,3.4778174192296,50.692702855512));
#11213=CARTESIAN_POINT('Ctrl Pts',(15.5146622373102,3.23425270879711,50.6406954380379));
#11214=CARTESIAN_POINT('Ctrl Pts',(17.3509466493029,2.81796261759489,50.4602989556017));
#11215=CARTESIAN_POINT('Ctrl Pts',(19.1709678170726,2.54579951617899,50.1185783622406));
#11216=CARTESIAN_POINT('Ctrl Pts',(19.9448745824134,2.45946419100819,49.9410646679072));
#11217=CARTESIAN_POINT('Ctrl Pts',(14.1887348411509,2.63915791501068,50.9470865499762));
#11218=CARTESIAN_POINT('Ctrl Pts',(15.2777671114523,2.3598410587942,50.925415567989));
#11219=CARTESIAN_POINT('Ctrl Pts',(17.1698966253762,1.89047026944517,50.7846601726397));
#11220=CARTESIAN_POINT('Ctrl Pts',(19.0703971570359,1.57998142270718,50.4593805287901));
#11221=CARTESIAN_POINT('Ctrl Pts',(19.8812955047288,1.47909246858706,50.285448012444));
#11222=CARTESIAN_POINT('Ctrl Pts',(14.0844592927202,2.28014487419351,50.9488125700332));
#11223=CARTESIAN_POINT('Ctrl Pts',(15.1705391433556,1.98564184547059,50.9308352432876));
#11224=CARTESIAN_POINT('Ctrl Pts',(17.0781159260839,1.49355179325842,50.7965666364385));
#11225=CARTESIAN_POINT('Ctrl Pts',(19.0031155263294,1.16670034346314,50.4721109342387));
#11226=CARTESIAN_POINT('Ctrl Pts',(19.8253034677334,1.05963725581547,50.2973494876312));
#11227=CARTESIAN_POINT('',(14.0844592927413,2.28014487418779,50.9488125700328));
#11228=CARTESIAN_POINT('Origin',(14.0513588453233,2.28014487418779,48.9490864986969));
#11229=CARTESIAN_POINT('Ctrl Pts',(19.8253034677334,1.05963725581547,50.2973494876312));
#11230=CARTESIAN_POINT('Ctrl Pts',(19.0031155263294,1.16670034346314,50.4721109342387));
#11231=CARTESIAN_POINT('Ctrl Pts',(17.0781159260839,1.49355179325842,50.7965666364385));
#11232=CARTESIAN_POINT('Ctrl Pts',(15.1705391433556,1.98564184547059,50.9308352432876));
#11233=CARTESIAN_POINT('Ctrl Pts',(14.0844592927202,2.28014487419351,50.9488125700332));
#11234=CARTESIAN_POINT('Origin',(13.5879525814719,-0.0500000000000057,20.9529214999935));
#11235=CARTESIAN_POINT('',(13.5879525814719,2.28007701363387,50.9529214999935));
#11236=CARTESIAN_POINT('Origin',(13.5879525814719,2.77553846953068,20.9529214999935));
#11237=CARTESIAN_POINT('',(13.5879525814719,-0.0500000000000057,50.9529214999935));
#11238=CARTESIAN_POINT('Ctrl Pts',(14.0844592927402,2.28014487418122,50.9488125700329));
#11239=CARTESIAN_POINT('Ctrl Pts',(13.9189721682073,2.28009963484906,50.9515517941408));
#11240=CARTESIAN_POINT('Ctrl Pts',(13.7534623749431,2.28007701363387,50.9529214999935));
#11241=CARTESIAN_POINT('Ctrl Pts',(13.5879525814719,2.28007701363387,50.9529214999935));
#11242=CARTESIAN_POINT('Ctrl Pts',(14.0842860448843,2.87180410401079,50.9488154377164));
#11243=CARTESIAN_POINT('Ctrl Pts',(13.9188225492873,2.87175825305376,50.9515532855948));
#11244=CARTESIAN_POINT('Ctrl Pts',(13.7534387185839,2.87173534556262,50.9529214999935));
#11245=CARTESIAN_POINT('Ctrl Pts',(13.5879525814719,2.87173534556262,50.9529214999935));
#11246=CARTESIAN_POINT('Ctrl Pts',(14.0758760119281,3.89678385438181,50.4588698841922));
#11247=CARTESIAN_POINT('Ctrl Pts',(13.9132596891329,3.89673702800742,50.4615600652067));
#11248=CARTESIAN_POINT('Ctrl Pts',(13.750591142814,3.89671360531099,50.4629054827967));
#11249=CARTESIAN_POINT('Ctrl Pts',(13.5879525814719,3.89671360531099,50.4629054827967));
#11250=CARTESIAN_POINT('Ctrl Pts',(14.0587040644608,4.27198205650024,49.4280852629559));
#11251=CARTESIAN_POINT('Ctrl Pts',(13.9018070917833,4.2719361021031,49.4306818416749));
#11252=CARTESIAN_POINT('Ctrl Pts',(13.744871035352,4.27191313258068,49.4319803585778));
#11253=CARTESIAN_POINT('Ctrl Pts',(13.5879525814719,4.27191313258068,49.4319803585778));
#11254=CARTESIAN_POINT('Ctrl Pts',(14.0513588453223,4.27983183282757,48.9844710634065));
#11255=CARTESIAN_POINT('Ctrl Pts',(13.8969041957583,4.27978659349542,48.9870276725739));
#11256=CARTESIAN_POINT('Ctrl Pts',(13.7424283887117,4.27976397228022,48.9883060647031));
#11257=CARTESIAN_POINT('Ctrl Pts',(13.5879525814719,4.27976397228022,48.9883060647031));
#11258=CARTESIAN_POINT('',(13.5879525814719,4.27976397228022,48.9883060647031));
#11259=CARTESIAN_POINT('Origin',(13.587952581472,2.28007701363387,48.9529214999935));
#11260=CARTESIAN_POINT('',(14.0513588453217,4.27983183282709,48.9844710634339));
#11261=CARTESIAN_POINT('Origin',(14.0513588453233,2.28014487418779,48.9490864986969));
#11262=CARTESIAN_POINT('Origin',(13.5879525814719,4.77522542817704,20.9883060647031));
#11263=CARTESIAN_POINT('Origin',(14.0513588453233,2.28014487418779,48.9490864986969));
#11264=CARTESIAN_POINT('Origin',(14.0513588453217,2.28014487418073,48.9490864987243));
#11265=CARTESIAN_POINT('Ctrl Pts',(15.0824061485224,4.38348435358358,43.126758931363));
#11266=CARTESIAN_POINT('Ctrl Pts',(15.0832174556146,4.38341681334361,43.1305758311372));
#11267=CARTESIAN_POINT('Ctrl Pts',(15.0840147271521,4.38335506589077,43.1343912777886));
#11268=CARTESIAN_POINT('Ctrl Pts',(15.1988509988367,4.37100726325172,43.6341251929526));
#11269=CARTESIAN_POINT('Ctrl Pts',(15.426104511466,4.29722488892435,43.8884602490822));
#11270=CARTESIAN_POINT('Ctrl Pts',(15.6321634329551,4.23038309570171,44.0714445713498));
#11271=CARTESIAN_POINT('Ctrl Pts',(15.0824061485224,4.38348435358358,43.126758931363));
#11272=CARTESIAN_POINT('Ctrl Pts',(15.0823429638273,4.38350322421578,43.1301781256518));
#11273=CARTESIAN_POINT('Ctrl Pts',(15.0826053778786,4.38329582766705,43.1334134185427));
#11274=CARTESIAN_POINT('Ctrl Pts',(15.0913454147926,4.37607391646418,43.5753017147558));
#11275=CARTESIAN_POINT('Ctrl Pts',(15.2336468094334,4.34737408020167,43.8822642825895));
#11276=CARTESIAN_POINT('Ctrl Pts',(15.4064821333049,4.31938213714451,44.1209894651106));
#11277=CARTESIAN_POINT('Ctrl Pts',(15.0824061485224,4.38348435358358,43.126758931363));
#11278=CARTESIAN_POINT('Ctrl Pts',(15.0817782203045,4.38343423600558,43.1295912247074));
#11279=CARTESIAN_POINT('Ctrl Pts',(15.0809087360242,4.38338089609935,43.1326056213963));
#11280=CARTESIAN_POINT('Ctrl Pts',(14.9918356073204,4.37662325731689,43.5144998808004));
#11281=CARTESIAN_POINT('Ctrl Pts',(15.0417957065297,4.37036377430419,43.8682418771078));
#11282=CARTESIAN_POINT('Ctrl Pts',(15.1643638710681,4.36496646420683,44.1732599182237));
#11283=CARTESIAN_POINT('Ctrl Pts',(15.0824061485224,4.38348435358358,43.126758931363));
#11284=CARTESIAN_POINT('Ctrl Pts',(15.0809322834256,4.3834413007315,43.1291919760403));
#11285=CARTESIAN_POINT('Ctrl Pts',(15.0794705958631,4.38339818426789,43.1316286155903));
#11286=CARTESIAN_POINT('Ctrl Pts',(14.8854245828099,4.37766061618384,43.4558756469095));
#11287=CARTESIAN_POINT('Ctrl Pts',(14.8443305819549,4.37053577616241,43.8585215406967));
#11288=CARTESIAN_POINT('Ctrl Pts',(14.92216930391,4.36405580709374,44.2247238592893));
#11289=CARTESIAN_POINT('',(14.9221693039099,4.36405580709374,44.2247238592894));
#11290=CARTESIAN_POINT('Origin',(14.9221693039099,2.36436884844745,44.1893392945798));
#11291=CARTESIAN_POINT('Ctrl Pts',(14.92216930391,4.36405580709374,44.2247238592893));
#11292=CARTESIAN_POINT('Ctrl Pts',(14.8443305819549,4.37053577616241,43.8585215406967));
#11293=CARTESIAN_POINT('Ctrl Pts',(14.8854245828099,4.37766061618384,43.4558756469095));
#11294=CARTESIAN_POINT('Ctrl Pts',(15.0794705958631,4.38339818426789,43.1316286155903));
#11295=CARTESIAN_POINT('Ctrl Pts',(15.0809322834256,4.3834413007315,43.1291919760403));
#11296=CARTESIAN_POINT('Ctrl Pts',(15.0824061485224,4.38348435358358,43.126758931363));
#11297=CARTESIAN_POINT('Ctrl Pts',(14.0513588453217,4.27983183282709,48.9844710634339));
#11298=CARTESIAN_POINT('Ctrl Pts',(14.5192333444512,4.2893356237324,48.4473835822953));
#11299=CARTESIAN_POINT('Ctrl Pts',(15.2010261430892,4.31223917838998,47.1530356107635));
#11300=CARTESIAN_POINT('Ctrl Pts',(15.2337078627943,4.33812063503883,45.6903975436791));
#11301=CARTESIAN_POINT('Ctrl Pts',(15.0856216240736,4.35044861811078,44.993706566195));
#11302=CARTESIAN_POINT('Ctrl Pts',(14.2380695523064,4.27695463681707,49.1470699645629));
#11303=CARTESIAN_POINT('Ctrl Pts',(14.7310479316308,4.28696835512541,48.581164969741));
#11304=CARTESIAN_POINT('Ctrl Pts',(15.4494135186625,4.31110052849944,47.2173841015607));
#11305=CARTESIAN_POINT('Ctrl Pts',(15.4838453127436,4.33837005667812,45.6763019852519));
#11306=CARTESIAN_POINT('Ctrl Pts',(15.3278161818022,4.35135927499842,44.9422426378699));
#11307=CARTESIAN_POINT('Ctrl Pts',(14.42472143492,4.22758365452649,49.3087949118895));
#11308=CARTESIAN_POINT('Ctrl Pts',(14.942794659683,4.23810711671764,48.7140827746582));
#11309=CARTESIAN_POINT('Ctrl Pts',(15.6977212905357,4.26346755075948,47.2808892442228));
#11310=CARTESIAN_POINT('Ctrl Pts',(15.7339035991833,4.29212473662535,45.6613864661671));
#11311=CARTESIAN_POINT('Ctrl Pts',(15.569934434627,4.30577495221887,44.8899721975701));
#11312=CARTESIAN_POINT('Ctrl Pts',(14.5987018664284,4.13505503109578,49.4587176663536));
#11313=CARTESIAN_POINT('Ctrl Pts',(15.1401632293824,4.14605356934995,48.8371575682847));
#11314=CARTESIAN_POINT('Ctrl Pts',(15.929168237756,4.17255895876563,47.3392592054426));
#11315=CARTESIAN_POINT('Ctrl Pts',(15.9669849213865,4.20250966072543,45.6466559869818));
#11316=CARTESIAN_POINT('Ctrl Pts',(15.7956157270558,4.21677591898826,44.8404273154975));
#11317=CARTESIAN_POINT('',(15.0856216240736,4.35044861811078,44.993706566195));
#11318=CARTESIAN_POINT('Origin',(15.0856216240736,2.35076165946449,44.9583220014854));
#11319=CARTESIAN_POINT('Ctrl Pts',(14.0513588453217,4.27983183282709,48.9844710634339));
#11320=CARTESIAN_POINT('Ctrl Pts',(14.5192333444512,4.2893356237324,48.4473835822953));
#11321=CARTESIAN_POINT('Ctrl Pts',(15.2010261430892,4.31223917838998,47.1530356107635));
#11322=CARTESIAN_POINT('Ctrl Pts',(15.2337078627943,4.33812063503883,45.6903975436791));
#11323=CARTESIAN_POINT('Ctrl Pts',(15.0856216240736,4.35044861811078,44.993706566195));
#11324=CARTESIAN_POINT('Origin',(9.99507703339146,2.77454274866661,21.0091926465429));
#11325=CARTESIAN_POINT('',(9.99507703339146,4.77422970731296,21.0445772112525));
#11326=CARTESIAN_POINT('Origin',(1.98739219625862,-1.75500000000001,46.7029207501263));
#11327=CARTESIAN_POINT('',(0.,-2.00500000000001,46.9529215002666));
#11328=CARTESIAN_POINT('',(0.,-1.50500000000001,46.4529215002665));
#11329=CARTESIAN_POINT('',(0.,9.92828636451513,35.0196351357506));
#11330=CARTESIAN_POINT('',(1.98739210189624,-1.50500000000001,46.4529207501264));
#11331=CARTESIAN_POINT('',(1.98739229062099,-2.00500000000001,46.9529207501263));
#11332=CARTESIAN_POINT('Origin',(3.97476615098206,-0.0500000000000052,46.452919999993));
#11333=CARTESIAN_POINT('',(0.,2.05,46.4529215002665));
#11334=CARTESIAN_POINT('',(0.,0.98048949909977,46.4529215002665));
#11335=CARTESIAN_POINT('',(-3.97322283241064,2.05,46.4529229999575));
#11336=CARTESIAN_POINT('Origin',(6.449939,1.56,18.501684));
#11337=CARTESIAN_POINT('',(0.,2.05,18.5016844961491));
#11338=CARTESIAN_POINT('',(0.,4.06,18.5016844961491));
#11339=CARTESIAN_POINT('',(0.,1.78548949909977,18.5016844961491));
#11340=CARTESIAN_POINT('',(6.449939,4.06,18.501684));
#11341=CARTESIAN_POINT('',(3.22497046367359,2.05,18.5016842480745));
#11342=CARTESIAN_POINT('Origin',(-8.89923099999998,1.54999999999999,-48.4529919634818));
#11343=CARTESIAN_POINT('',(0.,4.06000000000001,-48.4529901303592));
#11344=CARTESIAN_POINT('',(0.,2.15500000000001,-48.4529901303592));
#11345=CARTESIAN_POINT('',(0.,1.78048949909977,-48.4529901303592));
#11346=CARTESIAN_POINT('',(-6.04423126778306,2.15500000000001,-48.4529913753901));
#11347=CARTESIAN_POINT('',(-4.44922879303763,4.06000000000001,-48.4529910468409));
#11348=CARTESIAN_POINT('Origin',(-80.750775,1.55,35.5508550000001));
#11349=CARTESIAN_POINT('',(-82.500775,2.05,35.5508550000001));
#11350=CARTESIAN_POINT('',(-106.500775,2.04999999999999,35.550855));
#11351=CARTESIAN_POINT('',(-40.3753877501459,2.05,35.5508550000001));
#11352=CARTESIAN_POINT('',(-106.500775,4.51754036756808,35.550855));
#11353=CARTESIAN_POINT('',(-106.500775,1.55,35.550855));
#11354=CARTESIAN_POINT('',(-82.500775,4.51754036756808,35.5508550000001));
#11355=CARTESIAN_POINT('',(-40.3753877501459,4.51754036756808,35.5508550000001));
#11356=CARTESIAN_POINT('',(-82.500775,1.55,35.5508550000001));
#11357=CARTESIAN_POINT('Origin',(-108.250767,1.54999999999999,-23.9491580000001));
#11358=CARTESIAN_POINT('',(-108.250767,2.05,-23.9491580000001));
#11359=CARTESIAN_POINT('',(-108.250767,2.05,-37.199158));
#11360=CARTESIAN_POINT('',(-108.250767,2.05,-11.9995974258755));
#11361=CARTESIAN_POINT('',(-108.250767,5.80485563033567,-37.199158));
#11362=CARTESIAN_POINT('',(-108.250767,1.54999999999999,-37.199158));
#11363=CARTESIAN_POINT('',(-108.250767,5.5703961913845,-23.9491580000001));
#11364=CARTESIAN_POINT('',(-108.250767,5.35782978097075,-11.9363981359422));
#11365=CARTESIAN_POINT('',(-108.250767,1.55,-23.9491580000001));
#11366=CARTESIAN_POINT('Origin',(-108.2507715,1.54999999999999,-1.9491451363637));
#11367=CARTESIAN_POINT('',(-108.2507715,2.04999999999999,-1.9491451363637));
#11368=CARTESIAN_POINT('',(-108.250771694225,2.05,-0.999602065152413));
#11369=CARTESIAN_POINT('',(-108.2507715,5.18110481984285,-1.9491451363637));
#11370=CARTESIAN_POINT('',(-108.250771706447,5.16324521842259,-0.939845959171122));
#11371=CARTESIAN_POINT('',(-108.2507715,1.54999999999999,-1.9491451363637));
#11372=CARTESIAN_POINT('Origin',(-108.25077,1.54999999999999,10.0508549999999));
#11373=CARTESIAN_POINT('',(-108.25077,2.05,10.0508549999999));
#11374=CARTESIAN_POINT('',(-108.250770631305,2.05,5.00041583979765));
#11375=CARTESIAN_POINT('',(-108.25077,4.96876419347411,10.0508549999999));
#11376=CARTESIAN_POINT('',(-108.25077062407,5.05710782281199,5.05829383904485));
#11377=CARTESIAN_POINT('',(-108.25077,1.54999999999999,10.0508549999999));
#11378=CARTESIAN_POINT('Origin',(-108.25077,1.54999999999999,13.050855));
#11379=CARTESIAN_POINT('',(-108.25077,2.05,11.300855));
#11380=CARTESIAN_POINT('',(-108.25077,2.05,6.50040907412459));
#11381=CARTESIAN_POINT('',(-108.25077,4.94664537847872,11.300855));
#11382=CARTESIAN_POINT('',(-108.25077,5.03057367277327,6.55781755020718));
#11383=CARTESIAN_POINT('',(-108.25077,1.55,11.300855));
#11384=CARTESIAN_POINT('Origin',(-106.50077,1.55,11.300855));
#11385=CARTESIAN_POINT('',(-106.50077,2.05,13.050855));
#11386=CARTESIAN_POINT('Origin',(-106.50077,2.05,11.300855));
#11387=CARTESIAN_POINT('',(-106.50077,4.91567903748517,13.050855));
#11388=CARTESIAN_POINT('Origin',(-106.50077,4.94664537847872,11.300855));
#11389=CARTESIAN_POINT('',(-106.50077,1.55,13.050855));
#11390=CARTESIAN_POINT('Origin',(-89.4269235060717,1.55,13.050855));
#11391=CARTESIAN_POINT('',(-90.8686548704463,2.05,13.050855));
#11392=CARTESIAN_POINT('',(-44.7134620031817,2.05,13.050855));
#11393=CARTESIAN_POINT('',(-90.8686548704463,4.91567903748517,13.050855));
#11394=CARTESIAN_POINT('',(-44.7134620031817,4.91567903748517,13.050855));
#11395=CARTESIAN_POINT('',(-90.8686548704463,1.55,13.050855));
#11396=CARTESIAN_POINT('Origin',(-90.8686548704463,1.55,11.300855));
#11397=CARTESIAN_POINT('',(-89.1510024343408,2.05,11.635773062727));
#11398=CARTESIAN_POINT('Origin',(-90.8686548704463,2.05,11.300855));
#11399=CARTESIAN_POINT('',(-89.1510024343408,4.94071898594426,11.635773062727));
#11400=CARTESIAN_POINT('Origin',(-90.8686548704463,4.94664537847872,11.300855));
#11401=CARTESIAN_POINT('',(-89.1510024343408,1.55,11.635773062727));
#11402=CARTESIAN_POINT('Origin',(-88.4224965101082,1.54999999999999,7.89957572154215));
#11403=CARTESIAN_POINT('',(-88.7292126595482,2.05,9.47259252747047));
#11404=CARTESIAN_POINT('',(-86.0565280062893,2.05,-4.2344714279127));
#11405=CARTESIAN_POINT('',(-88.7292126595482,4.97899657799304,9.47259252747048));
#11406=CARTESIAN_POINT('',(-86.0679431795133,5.22050785582983,-4.17592785478584));
#11407=CARTESIAN_POINT('',(-88.7292126595482,1.55,9.47259252747048));
#11408=CARTESIAN_POINT('Origin',(-87.0115602234427,1.55,9.80751059019747));
#11409=CARTESIAN_POINT('',(-86.8286354127236,2.05,8.06709727330306));
#11410=CARTESIAN_POINT('Origin',(-87.0115602234427,2.05,9.80751059019747));
#11411=CARTESIAN_POINT('',(-86.8286354127236,5.00386688959611,8.06709727330306));
#11412=CARTESIAN_POINT('Origin',(-87.0115602234427,4.97307018545858,9.80751059019747));
#11413=CARTESIAN_POINT('',(-86.8286354127236,1.55,8.06709727330306));
#11414=CARTESIAN_POINT('Origin',(-71.6963696684121,1.55,9.65756249220165));
#11415=CARTESIAN_POINT('',(-72.9739263515599,2.05,9.52328587401037));
#11416=CARTESIAN_POINT('',(-36.7444503539517,2.05,13.3311572428289));
#11417=CARTESIAN_POINT('',(-72.9739263515599,4.97809955659015,9.52328587401037));
#11418=CARTESIAN_POINT('',(-36.7387028999731,4.91070838546556,13.331761324584));
#11419=CARTESIAN_POINT('',(-72.9739263515599,1.55,9.52328587401037));
#11420=CARTESIAN_POINT('Origin',(-72.7910015408408,1.55,7.78287255711596));
#11421=CARTESIAN_POINT('',(-71.1854003792955,2.05,8.47896515874631));
#11422=CARTESIAN_POINT('Origin',(-72.7910015408408,2.05,7.78287255711596));
#11423=CARTESIAN_POINT('',(-71.1854003792955,4.99657886594758,8.4789651587463));
#11424=CARTESIAN_POINT('Origin',(-72.7910015408408,5.00889626072767,7.78287255711596));
#11425=CARTESIAN_POINT('',(-71.1854003792955,1.55,8.4789651587463));
#11426=CARTESIAN_POINT('Origin',(-70.3703006607581,1.54999999999999,6.59886321283605));
#11427=CARTESIAN_POINT('',(-70.9196601652352,2.05,7.86601108429524));
#11428=CARTESIAN_POINT('',(-63.5901056292337,2.05,-9.04027587960925));
#11429=CARTESIAN_POINT('',(-70.9196601652352,5.00742512016634,7.86601108429524));
#11430=CARTESIAN_POINT('',(-63.6128330262829,5.30565512258386,-8.987853062565));
#11431=CARTESIAN_POINT('',(-70.9196601652352,1.55,7.86601108429524));
#11432=CARTESIAN_POINT('Origin',(-69.3140590036899,1.55,8.56210368592558));
#11433=CARTESIAN_POINT('',(-69.0101746927726,2.05,6.83869011815425));
#11434=CARTESIAN_POINT('Origin',(-69.3140590036899,2.05,8.56210368592558));
#11435=CARTESIAN_POINT('',(-69.0101746927726,5.02560361807911,6.83869011815425));
#11436=CARTESIAN_POINT('Origin',(-69.3140590036899,4.99510772538624,8.56210368592558));
#11437=CARTESIAN_POINT('',(-69.0101746927726,1.55,6.83869011815425));
#11438=CARTESIAN_POINT('Origin',(-55.2035511259783,1.55,9.27317036546692));
#11439=CARTESIAN_POINT('',(-56.5996441242408,2.05,9.02700150229491));
#11440=CARTESIAN_POINT('',(-29.2312523456953,2.05,13.8527873914551));
#11441=CARTESIAN_POINT('',(-56.5996441242408,4.98688133435261,9.02700150229491));
#11442=CARTESIAN_POINT('',(-29.2218256220529,4.90145938965813,13.854449577173));
#11443=CARTESIAN_POINT('',(-56.5996441242408,1.55,9.02700150229491));
#11444=CARTESIAN_POINT('Origin',(-56.9035284351581,1.55,10.7504150700662));
#11445=CARTESIAN_POINT('',(-55.1545731865281,2.05,10.6899540223603));
#11446=CARTESIAN_POINT('Origin',(-56.9035284351581,2.05,10.7504150700662));
#11447=CARTESIAN_POINT('',(-55.1545731865281,4.95745530304265,10.6899540223603));
#11448=CARTESIAN_POINT('Origin',(-56.9035284351581,4.95638544165974,10.7504150700662));
#11449=CARTESIAN_POINT('',(-55.1545731865281,1.55,10.6899540223603));
#11450=CARTESIAN_POINT('Origin',(-55.0603466089843,1.55,13.4156439269943));
#11451=CARTESIAN_POINT('',(-55.1076010242578,2.05,12.048716611816));
#11452=CARTESIAN_POINT('',(-55.259960528498,2.05,7.64141695807124));
#11453=CARTESIAN_POINT('',(-55.1076010242578,4.93341192837159,12.048716611816));
#11454=CARTESIAN_POINT('',(-55.2579906286878,5.0103910034488,7.69840020171187));
#11455=CARTESIAN_POINT('',(-55.1076010242578,1.54999999999999,12.048716611816));
#11456=CARTESIAN_POINT('Origin',(-53.3586457756278,1.54999999999999,11.98825556411));
#11457=CARTESIAN_POINT('',(-53.7224912345593,2.05,13.7000138653941));
#11458=CARTESIAN_POINT('Origin',(-53.3586457756278,2.05,11.98825556411));
#11459=CARTESIAN_POINT('',(-53.7224912345593,4.90419213760815,13.7000138653941));
#11460=CARTESIAN_POINT('Origin',(-53.3586457756278,4.93448178975449,11.98825556411));
#11461=CARTESIAN_POINT('',(-53.7224912345593,1.54999999999999,13.7000138653941));
#11462=CARTESIAN_POINT('Origin',(-39.6236379030873,1.54999999999999,16.6968176530246));
#11463=CARTESIAN_POINT('',(-39.6236379030873,2.05,16.6968176530246));
#11464=CARTESIAN_POINT('',(-22.3711199070789,2.05,20.3639535584098));
#11465=CARTESIAN_POINT('',(-39.6236379030873,4.85116353876327,16.6968176530246));
#11466=CARTESIAN_POINT('',(-22.3603241299996,4.78623277316954,20.3662482716664));
#11467=CARTESIAN_POINT('',(-39.6236379030873,1.54999999999999,16.6968176530246));
#11468=CARTESIAN_POINT('Origin',(-34.7328607126979,1.55,17.736322672376));
#11469=CARTESIAN_POINT('',(-34.7328607126979,2.05,17.736322672376));
#11470=CARTESIAN_POINT('',(-19.9255415206991,2.05,20.8835285302646));
#11471=CARTESIAN_POINT('',(-34.7328607126979,4.83276944339542,17.736322672376));
#11472=CARTESIAN_POINT('',(-19.9147794126347,4.77703899606742,20.8858159510397));
#11473=CARTESIAN_POINT('',(-34.7328607126979,1.55,17.736322672376));
#11474=CARTESIAN_POINT('Origin',(-19.0825050103908,1.54999999999999,21.0629084693744));
#11475=CARTESIAN_POINT('',(-20.7942633116749,2.05,20.699063010443));
#11476=CARTESIAN_POINT('',(-12.1005471802967,2.05,22.5469694194657));
#11477=CARTESIAN_POINT('',(-20.7942633116749,4.78034359906175,20.699063010443));
#11478=CARTESIAN_POINT('',(-12.089890410644,4.74760471683402,22.5492345857816));
#11479=CARTESIAN_POINT('',(-20.7942633116749,1.54999999999999,20.699063010443));
#11480=CARTESIAN_POINT('Origin',(-20.4304178527435,1.54999999999999,18.9873047091589));
#11481=CARTESIAN_POINT('',(-18.7186595514594,2.04999999999999,19.3511501680903));
#11482=CARTESIAN_POINT('Origin',(-20.4304178527435,2.05,18.9873047091589));
#11483=CARTESIAN_POINT('',(-18.7186595514594,4.80419498689368,19.3511501680903));
#11484=CARTESIAN_POINT('Origin',(-20.4304178527435,4.81063325120809,18.9873047091589));
#11485=CARTESIAN_POINT('',(-18.7186595514594,1.54999999999999,19.3511501680903));
#11486=CARTESIAN_POINT('Origin',(-11.7038411727306,1.54999999999999,27.2318604194394));
#11487=CARTESIAN_POINT('',(-12.067686631662,2.04999999999999,28.9436187207232));
#11488=CARTESIAN_POINT('',(-15.0824061485224,2.05,43.1267589313629));
#11489=CARTESIAN_POINT('',(-8.67674179723211,2.05,12.9904775530994));
#11490=CARTESIAN_POINT('',(-15.0824061485224,4.38348435358353,43.126758931363));
#11491=CARTESIAN_POINT('',(-15.0824061485224,1.54999999999999,43.126758931363));
#11492=CARTESIAN_POINT('',(-12.067686631662,4.63445575708182,28.9436187207232));
#11493=CARTESIAN_POINT('',(-8.68800387212801,4.91580986674128,13.0434614497499));
#11494=CARTESIAN_POINT('',(-12.067686631662,1.54999999999999,28.9436187207232));
#11495=CARTESIAN_POINT('Origin',(-13.7794449329461,1.54999999999999,28.5797732617918));
#11496=CARTESIAN_POINT('',(-13.4155994740147,2.04999999999999,26.8680149605077));
#11497=CARTESIAN_POINT('Origin',(-13.7794449329461,2.05,28.5797732617918));
#11498=CARTESIAN_POINT('',(-13.4155994740147,4.67118367354258,26.8680149605077));
#11499=CARTESIAN_POINT('Origin',(-13.7794449329461,4.64089402139624,28.5797732617918));
#11500=CARTESIAN_POINT('',(-13.4155994740147,1.54999999999999,26.8680149605077));
#11501=CARTESIAN_POINT('Origin',(8.36975521257531,-1.50500000000001,50.4529214999935));
#11502=CARTESIAN_POINT('',(-13.5879525814719,-1.00500000000001,50.9529214999935));
#11503=CARTESIAN_POINT('',(-8.36975521257531,-1.00500000000001,50.9529214999935));
#11504=CARTESIAN_POINT('',(-13.587952581472,-2.00500000000001,49.9529214999935));
#11505=CARTESIAN_POINT('',(-13.5879525814719,-1.00500000000001,50.9529214999935));
#11506=CARTESIAN_POINT('',(-8.36975521257531,-2.00500000000001,49.9529214999935));
#11507=CARTESIAN_POINT('Origin',(-13.5879525814719,-1.505,20.9529214999935));
#11508=CARTESIAN_POINT('',(-19.8253034677334,-1.005,50.2973494876312));
#11509=CARTESIAN_POINT('Origin',(-13.5879525814719,-1.00499999999999,20.9529214999935));
#11510=CARTESIAN_POINT('',(-19.6173917715247,-2.00500000000001,49.3192018880433));
#11511=CARTESIAN_POINT('',(-19.8253034677334,-1.005,50.2973494876312));
#11512=CARTESIAN_POINT('Origin',(-13.5879525814719,-2.005,20.9529214999935));
#11513=CARTESIAN_POINT('Origin',(-13.8146130131399,-1.50500000000001,51.063790920515));
#11514=CARTESIAN_POINT('',(-56.7139726687095,-1.00500000000001,42.4564205851954));
#11515=CARTESIAN_POINT('',(-56.5060609725008,-2.005,41.4782729856075));
#11516=CARTESIAN_POINT('',(-56.7139726687095,-1.00500000000001,42.4564205851954));
#11517=CARTESIAN_POINT('',(-13.7106571650356,-2.00500000000001,50.5747171207211));
#11518=CARTESIAN_POINT('',(-13.9185688612443,-1.00500000000001,51.552864720309));
#11519=CARTESIAN_POINT('Origin',(-62.951323554971,-1.505,71.8008485728331));
#11520=CARTESIAN_POINT('',(-62.9513235549703,-1.00499999999999,41.8008485728331));
#11521=CARTESIAN_POINT('Origin',(-62.951323554971,-1.005,71.8008485728331));
#11522=CARTESIAN_POINT('',(-62.9513235549703,-2.00500000000001,40.8008485728331));
#11523=CARTESIAN_POINT('',(-62.9513235549703,-1.00499999999999,41.8008485728331));
#11524=CARTESIAN_POINT('Origin',(-62.951323554971,-2.00500000000001,71.8008485728331));
#11525=CARTESIAN_POINT('Origin',(-29.8990984568544,-1.50500000000001,41.3008485728339));
#11526=CARTESIAN_POINT('',(-110.000768499969,-1.00500000000001,41.800848572832));
#11527=CARTESIAN_POINT('',(-110.000768499969,-2.00500000000001,40.800848572832));
#11528=CARTESIAN_POINT('',(-110.000768499969,-1.00500000000001,41.800848572832));
#11529=CARTESIAN_POINT('',(-29.8990984568544,-2.00500000000001,40.8008485728338));
#11530=CARTESIAN_POINT('',(-29.8990984568544,-1.00500000000001,41.8008485728339));
#11531=CARTESIAN_POINT('Origin',(-110.000768499969,-1.505,37.300848572832));
#11532=CARTESIAN_POINT('',(-114.500768499969,-1.005,37.300848572832));
#11533=CARTESIAN_POINT('Origin',(-110.000768499969,-1.005,37.300848572832));
#11534=CARTESIAN_POINT('',(-113.500768499969,-2.005,37.300848572832));
#11535=CARTESIAN_POINT('',(-114.500768499969,-1.005,37.300848572832));
#11536=CARTESIAN_POINT('Origin',(-110.000768499969,-2.005,37.300848572832));
#11537=CARTESIAN_POINT('Origin',(-114.000768499969,-1.505,20.8754058605405));
#11538=CARTESIAN_POINT('',(-114.500768499969,-1.005,-46.5529952034952));
#11539=CARTESIAN_POINT('',(-113.500768499969,-2.005,-46.5529952034952));
#11540=CARTESIAN_POINT('',(-114.500768499969,-1.005,-46.5529952034952));
#11541=CARTESIAN_POINT('',(-113.500768499969,-2.005,20.8754058605405));
#11542=CARTESIAN_POINT('',(-114.500768499969,-1.005,20.8754058605405));
#11543=CARTESIAN_POINT('Origin',(-110.000768499969,-1.505,-46.5529952034952));
#11544=CARTESIAN_POINT('',(-110.000768499969,-1.00500000000001,-51.0529952034952));
#11545=CARTESIAN_POINT('Origin',(-110.000768499969,-1.00500000000001,-46.5529952034952));
#11546=CARTESIAN_POINT('',(-110.000768499969,-2.00499999999999,-50.0529952034952));
#11547=CARTESIAN_POINT('',(-110.000768499969,-1.00500000000001,-51.0529952034952));
#11548=CARTESIAN_POINT('Origin',(-110.000768499969,-2.005,-46.5529952034952));
#11549=CARTESIAN_POINT('Origin',(-57.2503845001305,-1.50499999999999,-50.5529952034952));
#11550=CARTESIAN_POINT('',(-5.970769,-1.00499999999999,-51.0529952034952));
#11551=CARTESIAN_POINT('',(-4.97076900000002,-2.005,-50.0529952034952));
#11552=CARTESIAN_POINT('',(-14.3786215833548,7.40285258335497,-59.4608477868502));
#11553=CARTESIAN_POINT('',(-57.2503845001305,-2.005,-50.0529952034952));
#11554=CARTESIAN_POINT('',(-57.2503845001305,-1.00499999999999,-51.0529952034952));
#11555=CARTESIAN_POINT('Origin',(-5.00291807981057E-7,-2.005,-0.0500368517508409));
#11556=CARTESIAN_POINT('',(-4.97076900000002,-2.005,-48.9529829781304));
#11557=CARTESIAN_POINT('',(-4.97076900000002,-2.005,-25.551516027623));
#11558=CARTESIAN_POINT('',(-7.27487546732781,-2.005,-48.9529814854695));
#11559=CARTESIAN_POINT('',(5.24959611802246,-2.005,-48.9529895991523));
#11560=CARTESIAN_POINT('',(-10.5007647706523,-2.005,-48.9529949999484));
#11561=CARTESIAN_POINT('',(-3.63733433808612,-2.005,-48.9529662464367));
#11562=CARTESIAN_POINT('',(-13.0586761475858,-2.005,-48.3087367927623));
#11563=CARTESIAN_POINT('Origin',(-10.50084201009,-2.005,-43.553308950668));
#11564=CARTESIAN_POINT('',(-16.9428780856648,-2.005,-48.3087406832839));
#11565=CARTESIAN_POINT('Origin',(-15.0007735,-2.00499999999999,-51.919584694571));
#11566=CARTESIAN_POINT('',(-22.815196735593,-2.005,-47.8161544944489));
#11567=CARTESIAN_POINT('Origin',(-19.50077388562,-2.005,-43.55301552879));
#11568=CARTESIAN_POINT('',(-25.3317669938104,-2.005,-46.9529929990475));
#11569=CARTESIAN_POINT('Origin',(-25.33202179583,-2.00499999999999,-51.053880326635));
#11570=CARTESIAN_POINT('',(-59.8198344448143,-2.005,-46.9529900000156));
#11571=CARTESIAN_POINT('',(-12.6658702754012,-2.005,-46.9529941017503));
#11572=CARTESIAN_POINT('',(-62.3362972973489,-2.005,-47.8161239778687));
#11573=CARTESIAN_POINT('Origin',(-59.82013154041,-2.00499999999999,-51.0520583271739));
#11574=CARTESIAN_POINT('',(-68.9652081601457,-2.005,-47.8161487221114));
#11575=CARTESIAN_POINT('Origin',(-65.6507686413,-2.005,-43.553014095602));
#11576=CARTESIAN_POINT('',(-71.4817393278275,-2.005,-46.9529879999519));
#11577=CARTESIAN_POINT('Origin',(-71.48184897648,-2.00499999999999,-51.053341060018));
#11578=CARTESIAN_POINT('',(-90.1698253224361,-2.005,-46.9529899999639));
#11579=CARTESIAN_POINT('',(-35.7408606922557,-2.005,-46.9529841750802));
#11580=CARTESIAN_POINT('',(-92.6863282956609,-2.005,-47.8161438567693));
#11581=CARTESIAN_POINT('Origin',(-90.16988719658,-2.00499999999999,-51.052786534761));
#11582=CARTESIAN_POINT('',(-98.5586538318076,-2.005,-48.3087447196284));
#11583=CARTESIAN_POINT('Origin',(-96.00077817592,-2.005,-43.552860084394));
#11584=CARTESIAN_POINT('',(-102.442886315442,-2.005,-48.3087465718459));
#11585=CARTESIAN_POINT('Origin',(-100.5007683517,-2.00499999999999,-51.919745218924));
#11586=CARTESIAN_POINT('',(-110.400771999991,-2.005,-43.5529869868576));
#11587=CARTESIAN_POINT('Origin',(-105.0007765222,-2.005,-43.552997540364));
#11588=CARTESIAN_POINT('',(-110.400764999938,-2.005,34.3008554403177));
#11589=CARTESIAN_POINT('',(-110.400770044256,-2.005,-21.801507422196));
#11590=CARTESIAN_POINT('',(-101.686345644917,-2.005,38.5640122352558));
#11591=CARTESIAN_POINT('Origin',(-105.000757421,-2.005,34.30082605214));
#11592=CARTESIAN_POINT('',(-99.1698145544766,-2.005,37.7008460000029));
#11593=CARTESIAN_POINT('Origin',(-99.16973639455,-2.00500000000001,41.80108635541));
#11594=CARTESIAN_POINT('',(-80.4817375460845,-2.005,37.7008500000058));
#11595=CARTESIAN_POINT('',(-49.5849163865814,-2.005,37.7008566131867));
#11596=CARTESIAN_POINT('',(-77.9651849651941,-2.005,38.5640313093412));
#11597=CARTESIAN_POINT('Origin',(-80.48193893183,-2.00500000000001,41.8014557410101));
#11598=CARTESIAN_POINT('',(-72.0928984265057,-2.005,39.0566105477832));
#11599=CARTESIAN_POINT('Origin',(-74.65075534643,-2.005,34.30057779656));
#11600=CARTESIAN_POINT('',(-68.2086714947882,-2.005,39.0566017575356));
#11601=CARTESIAN_POINT('Origin',(-70.15077678878,-2.00500000000001,42.6673222345));
#11602=CARTESIAN_POINT('',(-62.336344316291,-2.005,38.5640139798357));
#11603=CARTESIAN_POINT('Origin',(-65.65078998122,-2.005,34.30066265817));
#11604=CARTESIAN_POINT('',(-59.8198552316562,-2.005,37.700848999355));
#11605=CARTESIAN_POINT('Origin',(-59.8199559207,-2.00500000000001,41.8004501677401));
#11606=CARTESIAN_POINT('',(-59.7982251798327,-2.005,37.7008509985332));
#11607=CARTESIAN_POINT('',(-29.9116886622583,-2.005,37.7036117180666));
#11608=CARTESIAN_POINT('',(-58.9457523283231,-2.005,37.7904447171745));
#11609=CARTESIAN_POINT('Origin',(-59.79800503329,-2.00500000000001,41.7991388539402));
#11610=CARTESIAN_POINT('',(-14.5341565024871,-2.00500000000001,47.2304184824096));
#11611=CARTESIAN_POINT('',(-34.5946741201667,-2.00500000000001,42.9664248902507));
#11612=CARTESIAN_POINT('',(-12.9779978476522,-2.00500000000001,47.9228876240012));
#11613=CARTESIAN_POINT('Origin',(-15.38653643722,-2.00500000000001,51.24071999832));
#11614=CARTESIAN_POINT('',(-6.49130323824509,-2.00500000000001,47.8160951354553));
#11615=CARTESIAN_POINT('Origin',(-9.805721884595,-2.00500000000001,43.55253902224));
#11616=CARTESIAN_POINT('',(-3.97477533869094,-2.00500000000001,46.9529199999669));
#11617=CARTESIAN_POINT('Origin',(-3.97485067331304,-2.00500000000001,51.0526701659499));
#11618=CARTESIAN_POINT('',(-1.98739229062099,-2.00500000000001,46.9529207501263));
#11619=CARTESIAN_POINT('Origin',(-5.470769,0.162499999999473,-50.5529952034952));
#11620=CARTESIAN_POINT('',(-5.970769,0.375000000000004,-51.0529952034952));
#11621=CARTESIAN_POINT('',(-5.97076899999999,0.162499999999478,-51.0529952034952));
#11622=CARTESIAN_POINT('',(-4.970769,0.375000000000006,-50.0529952034952));
#11623=CARTESIAN_POINT('',(-4.970769,0.375000000000006,-50.0529952034952));
#11624=CARTESIAN_POINT('',(-4.970769,0.162499999999468,-50.0529952034952));
#11625=CARTESIAN_POINT('Origin',(-3.190769,0.375000000000008,-50.5529952034952));
#11626=CARTESIAN_POINT('',(-3.19076900000001,3.15500000000001,-51.0529952034952));
#11627=CARTESIAN_POINT('Origin',(-3.190769,0.375000000000008,-51.0529952034952));
#11628=CARTESIAN_POINT('',(-3.190769,2.15500000000001,-50.0529952034952));
#11629=CARTESIAN_POINT('',(-3.190769,2.15500000000001,-50.0529952034952));
#11630=CARTESIAN_POINT('Origin',(-3.190769,0.375000000000008,-50.0529952034952));
#11631=CARTESIAN_POINT('Origin',(-4.970769,0.375000000000006,-51.0529952034952));
#11632=CARTESIAN_POINT('',(-4.97076900000002,-1.505,-48.4529829781302));
#11633=CARTESIAN_POINT('',(-4.97076900000002,-1.81000471159681,-48.7579876897271));
#11634=CARTESIAN_POINT('',(-4.970769,0.375000000000006,-48.4529829781302));
#11635=CARTESIAN_POINT('',(-4.970769,0.375000000000006,-51.0529952034952));
#11636=CARTESIAN_POINT('',(-4.970769,0.162500000000081,-48.4529829781302));
#11637=CARTESIAN_POINT('Origin',(-114.500768499969,-0.0499999999999944,
-51.0529952034952));
#11638=CARTESIAN_POINT('',(-55.6557687499846,3.15500000000001,-51.0529952034952));
#11639=CARTESIAN_POINT('',(-110.000768499969,4.01429680564861,-51.0529952034952));
#11640=CARTESIAN_POINT('',(-110.000768499969,-0.0499999999999995,-51.0529952034952));
#11641=CARTESIAN_POINT('',(57.2503845001305,4.01429680564861,-51.0529952034952));
#11642=CARTESIAN_POINT('Origin',(-110.000768499969,-0.0500000000000047,
37.300848572832));
#11643=CARTESIAN_POINT('',(-114.500768499969,2.48626104994484,37.300848572832));
#11644=CARTESIAN_POINT('',(-110.000768499969,2.44202341995405,41.800848572832));
#11645=CARTESIAN_POINT('Origin',(-110.000768499969,2.48626104994484,37.300848572832));
#11646=CARTESIAN_POINT('',(-114.500768499969,-0.0500000000000047,37.300848572832));
#11647=CARTESIAN_POINT('',(-110.000768499969,-0.0500000000000047,41.800848572832));
#11648=CARTESIAN_POINT('Origin',(-114.500768499969,-0.0500000000000047,
41.8008485728319));
#11649=CARTESIAN_POINT('',(-114.500768499969,3.97005917565782,-46.5529952034952));
#11650=CARTESIAN_POINT('',(-114.500768499969,2.77634960600459,20.9070817661474));
#11651=CARTESIAN_POINT('',(-114.500768499969,-0.0499999999999995,-46.5529952034952));
#11652=CARTESIAN_POINT('Origin',(-110.000768499969,-0.0499999999999995,
-46.5529952034952));
#11653=CARTESIAN_POINT('Origin',(-110.000768499969,3.97005917565782,-46.5529952034952));
#11654=CARTESIAN_POINT('Origin',(-59.7981964134161,-0.0500000000000047,
41.8008485728332));
#11655=CARTESIAN_POINT('',(-62.9513235549703,2.44202341995404,41.8008485728331));
#11656=CARTESIAN_POINT('',(-29.8990984568544,2.44202341995402,41.8008485728339));
#11657=CARTESIAN_POINT('',(-62.9513235549703,-0.0500000000000052,41.8008485728331));
#11658=CARTESIAN_POINT('Origin',(-106.500775,1.55,33.800855));
#11659=CARTESIAN_POINT('',(-108.250775,2.04999999999999,33.800855));
#11660=CARTESIAN_POINT('Origin',(-106.500775,2.05,33.800855));
#11661=CARTESIAN_POINT('',(-108.250775,4.54850670856163,33.800855));
#11662=CARTESIAN_POINT('',(-108.250775,1.55,33.800855));
#11663=CARTESIAN_POINT('Origin',(-106.500775,4.54850670856163,33.800855));
#11664=CARTESIAN_POINT('Origin',(-108.250775,1.54999999999999,35.550855));
#11665=CARTESIAN_POINT('',(-108.250775,2.05,19.300855));
#11666=CARTESIAN_POINT('',(-108.250775,2.05,17.7504090741246));
#11667=CARTESIAN_POINT('',(-108.250775,4.8050849625082,19.300855));
#11668=CARTESIAN_POINT('',(-108.250775,1.54999999999999,19.300855));
#11669=CARTESIAN_POINT('',(-108.250775,4.83156664987187,17.8042961105893));
#11670=CARTESIAN_POINT('Origin',(-106.500767,1.54999999999999,-37.199158));
#11671=CARTESIAN_POINT('',(-106.500767,2.05,-38.949158));
#11672=CARTESIAN_POINT('Origin',(-106.500767,2.05,-37.199158));
#11673=CARTESIAN_POINT('',(-106.500767,5.83582197132922,-38.949158));
#11674=CARTESIAN_POINT('',(-106.500767,1.54999999999999,-38.949158));
#11675=CARTESIAN_POINT('Origin',(-106.500767,5.80485563033567,-37.199158));
#11676=CARTESIAN_POINT('Origin',(-108.250767,1.55,-38.949158));
#11677=CARTESIAN_POINT('',(-91.2107200302693,2.05,-38.949158));
#11678=CARTESIAN_POINT('',(-54.1253837501459,2.05,-38.949158));
#11679=CARTESIAN_POINT('',(-91.2107200302693,5.83582197132922,-38.949158));
#11680=CARTESIAN_POINT('',(-91.2107200302693,1.55,-38.949158));
#11681=CARTESIAN_POINT('',(-54.1253837501459,5.83582197132922,-38.949158));
#11682=CARTESIAN_POINT('Origin',(-106.500775,1.54999999999999,19.300855));
#11683=CARTESIAN_POINT('',(-106.500775,2.04999999999999,17.550855));
#11684=CARTESIAN_POINT('Origin',(-106.500775,2.05,19.300855));
#11685=CARTESIAN_POINT('',(-106.500775,4.83605130350175,17.550855));
#11686=CARTESIAN_POINT('',(-106.500775,1.54999999999999,17.550855));
#11687=CARTESIAN_POINT('Origin',(-106.500775,4.8050849625082,19.300855));
#11688=CARTESIAN_POINT('Origin',(-56.2095719896092,1.54999999999999,17.7718655306256));
#11689=CARTESIAN_POINT('',(-54.4978136883251,2.05,18.135710989557));
#11690=CARTESIAN_POINT('',(-40.5592104350165,2.05,21.0984525715657));
#11691=CARTESIAN_POINT('',(-31.131884626816,2.05,23.1022925311018));
#11692=CARTESIAN_POINT('',(-40.5592104350165,4.77327638001089,21.0984525715657));
#11693=CARTESIAN_POINT('',(-40.5592104350165,1.55,21.0984525715657));
#11694=CARTESIAN_POINT('',(-54.4978136883251,4.82570224635618,18.135710989557));
#11695=CARTESIAN_POINT('',(-31.1212632183524,4.73777837849935,23.1045501811649));
#11696=CARTESIAN_POINT('',(-54.4978136883251,1.55,18.135710989557));
#11697=CARTESIAN_POINT('Origin',(-91.2107200302693,1.55,-40.699158));
#11698=CARTESIAN_POINT('',(-90.1216656665875,2.05,-39.3293183769252));
#11699=CARTESIAN_POINT('Origin',(-91.2107200302693,2.05,-40.699158));
#11700=CARTESIAN_POINT('',(-90.1216656665875,5.84254892896585,-39.3293183769252));
#11701=CARTESIAN_POINT('',(-90.1216656665875,1.55,-39.3293183769252));
#11702=CARTESIAN_POINT('Origin',(-91.2107200302693,5.86678831232277,-40.699158));
#11703=CARTESIAN_POINT('Origin',(-90.5998408291888,1.55,-38.949158));
#11704=CARTESIAN_POINT('',(-84.8647519300286,2.05,-43.5086870766325));
#11705=CARTESIAN_POINT('',(-72.3180185858559,2.05,-53.4836319302139));
#11706=CARTESIAN_POINT('',(-84.8647519300286,5.91650307541894,-43.5086870766325));
#11707=CARTESIAN_POINT('',(-84.8647519300286,1.55,-43.5086870766325));
#11708=CARTESIAN_POINT('',(-72.3551373120686,6.0924880578421,-53.4541216794698));
#11709=CARTESIAN_POINT('Origin',(-83.7756975663469,1.55,-42.1388474535577));
#11710=CARTESIAN_POINT('',(-83.5927727556279,2.05,-43.8792607704521));
#11711=CARTESIAN_POINT('Origin',(-83.7756975663469,2.05,-42.1388474535577));
#11712=CARTESIAN_POINT('',(-83.5927727556279,5.92306039619954,-43.8792607704521));
#11713=CARTESIAN_POINT('',(-83.5927727556279,1.55,-43.8792607704521));
#11714=CARTESIAN_POINT('Origin',(-83.7756975663469,5.89226369206202,-42.1388474535577));
#11715=CARTESIAN_POINT('Origin',(-84.3045378553376,1.54999999999999,-43.9540702969462));
#11716=CARTESIAN_POINT('',(-68.6549069925053,2.04999999999999,-42.3092278129121));
#11717=CARTESIAN_POINT('',(-40.330792823541,2.05,-39.3322434535946));
#11718=CARTESIAN_POINT('',(-68.6549069925053,3.56000000000001,-42.3092278129121));
#11719=CARTESIAN_POINT('',(-68.6549069925053,3.56000000000001,-42.3092278129121));
#11720=CARTESIAN_POINT('',(-67.8438169915181,3.56000000000001,-42.2239788186264));
#11721=CARTESIAN_POINT('',(-75.0585147653941,3.56000000000001,-42.9822741108253));
#11722=CARTESIAN_POINT('',(-67.8438169915181,5.89377009599343,-42.2239788186264));
#11723=CARTESIAN_POINT('',(-67.8438169915181,1.54999999999999,-42.2239788186264));
#11724=CARTESIAN_POINT('',(-40.3233311753874,5.84258681099051,-39.3314592027715));
#11725=CARTESIAN_POINT('Origin',(-67.660892180799,1.54999999999999,-43.9643921355208));
#11726=CARTESIAN_POINT('',(-66.8221198133793,3.56000000000001,-42.4285012163298));
#11727=CARTESIAN_POINT('Origin',(-67.660892180799,3.56000000000001,-43.9643921355208));
#11728=CARTESIAN_POINT('',(-66.8221198133793,5.8973891304552,-42.4285012163298));
#11729=CARTESIAN_POINT('',(-66.8221198133793,1.54999999999999,-42.4285012163298));
#11730=CARTESIAN_POINT('Origin',(-67.660892180799,5.92456680013095,-43.9643921355208));
#11731=CARTESIAN_POINT('Origin',(-67.301078818707,1.54999999999999,-42.1669347380234));
#11732=CARTESIAN_POINT('',(-63.0015003526778,3.56000000000001,-44.5149970670576));
#11733=CARTESIAN_POINT('',(-66.3747447143114,3.56000000000001,-42.6728192641034));
#11734=CARTESIAN_POINT('',(-63.0015003526778,5.93430978302392,-44.5149970670576));
#11735=CARTESIAN_POINT('',(-63.0015003526778,1.54999999999999,-44.5149970670576));
#11736=CARTESIAN_POINT('',(-50.2711601444153,6.05732974686628,-51.4672209920271));
#11737=CARTESIAN_POINT('Origin',(-62.4630431379465,1.55,-44.8090563828014));
#11738=CARTESIAN_POINT('',(-61.8588436743408,2.05,-44.702519715638));
#11739=CARTESIAN_POINT('',(-45.5610106796713,2.05,-41.8287720315955));
#11740=CARTESIAN_POINT('',(-28.3461458501403,2.05,-38.7933268928982));
#11741=CARTESIAN_POINT('',(-45.5610106796713,5.88677689134762,-41.8287720315955));
#11742=CARTESIAN_POINT('',(-45.5610106796713,1.55,-41.8287720315955));
#11743=CARTESIAN_POINT('',(-61.8588436743408,5.93762800604104,-44.702519715638));
#11744=CARTESIAN_POINT('',(-28.3339001750424,5.83302632387072,-38.7911676499815));
#11745=CARTESIAN_POINT('',(-61.8588436743408,1.54999999999999,-44.702519715638));
#11746=CARTESIAN_POINT('Origin',(-45.8648949905886,1.55,-40.1053584638242));
#11747=CARTESIAN_POINT('',(-44.2470620298055,2.05,-40.7725289900044));
#11748=CARTESIAN_POINT('Origin',(-45.8648949905886,2.05,-40.1053584638242));
#11749=CARTESIAN_POINT('',(-44.2470620298055,5.86808661580592,-40.7725289900044));
#11750=CARTESIAN_POINT('',(-44.2470620298055,1.55,-40.7725289900044));
#11751=CARTESIAN_POINT('Origin',(-45.8648949905886,5.85628099865475,-40.1053584638242));
#11752=CARTESIAN_POINT('Origin',(-44.6137622911863,1.54999999999999,-41.6617465832729));
#11753=CARTESIAN_POINT('',(-43.0958816682991,2.05,-37.9810124892468));
#11754=CARTESIAN_POINT('',(-34.0386157464443,2.05,-16.0178969618741));
#11755=CARTESIAN_POINT('',(-43.0958816682991,5.81869058617644,-37.9810124892468));
#11756=CARTESIAN_POINT('',(-43.0958816682991,1.54999999999999,-37.9810124892468));
#11757=CARTESIAN_POINT('',(-34.0158969742593,5.42907727450121,-15.9628058314553));
#11758=CARTESIAN_POINT('Origin',(-41.478048707516,1.54999999999999,-38.648183015427));
#11759=CARTESIAN_POINT('',(-41.8418941664533,2.05,-36.9364247141442));
#11760=CARTESIAN_POINT('Origin',(-41.478048707516,2.05,-38.648183015427));
#11761=CARTESIAN_POINT('',(-41.8418941664533,5.80020655118129,-36.9364247141442));
#11762=CARTESIAN_POINT('',(-41.8418941664533,1.54999999999999,-36.9364247141442));
#11763=CARTESIAN_POINT('Origin',(-41.478048707516,5.83049620332761,-38.648183015427));
#11764=CARTESIAN_POINT('Origin',(-42.7442009068663,1.54999999999999,-37.1282159324616));
#11765=CARTESIAN_POINT('',(-28.8122266870253,2.05,-34.1668833949632));
#11766=CARTESIAN_POINT('',(-18.5256947520316,2.05,-31.9804135353125));
#11767=CARTESIAN_POINT('',(-28.8122266870253,5.75119937353244,-34.1668833949632));
#11768=CARTESIAN_POINT('',(-28.8122266870253,1.55,-34.1668833949632));
#11769=CARTESIAN_POINT('',(-18.5115658540629,5.71245653407482,-31.97741034534));
#11770=CARTESIAN_POINT('Origin',(-10.346739335883,1.54999999999999,-28.4528755014807));
#11771=CARTESIAN_POINT('',(-8.63498103459896,4.06,-28.089030042549));
#11772=CARTESIAN_POINT('',(-9.98289387695158,4.06,-30.1646338027648));
#11773=CARTESIAN_POINT('Origin',(-10.346739335883,4.06,-28.4528755014807));
#11774=CARTESIAN_POINT('',(-8.63498103459896,5.64365144243549,-28.089030042549));
#11775=CARTESIAN_POINT('',(-8.63498103459896,1.54999999999999,-28.089030042549));
#11776=CARTESIAN_POINT('',(-9.98289387695158,5.68037935889625,-30.1646338027648));
#11777=CARTESIAN_POINT('Origin',(-10.346739335883,5.65008970674991,-28.4528755014807));
#11778=CARTESIAN_POINT('',(-9.98289387695158,1.54999999999999,-30.1646338027648));
#11779=CARTESIAN_POINT('Origin',(-28.8122266870253,1.55,-34.1668833949632));
#11780=CARTESIAN_POINT('',(-23.9214971874079,2.04999999999999,-33.1273753969206));
#11781=CARTESIAN_POINT('',(-11.5598001897779,2.05,-30.4999385494276));
#11782=CARTESIAN_POINT('',(-23.9214971874079,5.73280522545649,-33.1273753969206));
#11783=CARTESIAN_POINT('',(-23.9214971874079,1.54999999999999,-33.1273753969206));
#11784=CARTESIAN_POINT('',(-11.545766163681,5.68625981152256,-30.4969556646916));
#11785=CARTESIAN_POINT('Origin',(-15.9638296481215,1.54999999999999,6.39069445836801));
#11786=CARTESIAN_POINT('',(-15.9638296481215,2.05,6.39069445836801));
#11787=CARTESIAN_POINT('',(-14.9638729043008,2.05,1.68626785321727));
#11788=CARTESIAN_POINT('',(-15.9638296481215,5.03353092457315,6.39069445836801));
#11789=CARTESIAN_POINT('',(-14.9758545890636,5.11577853859043,1.74263724811464));
#11790=CARTESIAN_POINT('',(-15.9638296481215,1.54999999999999,6.39069445836801));
#11791=CARTESIAN_POINT('Origin',(-11.3898105397648,1.54999999999999,-15.1285762060885));
#11792=CARTESIAN_POINT('',(-11.3898105397648,2.05,-15.1285762060885));
#11793=CARTESIAN_POINT('',(-12.6768752017399,2.05,-9.0733560227933));
#11794=CARTESIAN_POINT('',(-11.3898105397648,5.41431553790348,-15.1285762060885));
#11795=CARTESIAN_POINT('',(-12.6895417198409,5.30611362113963,-9.01376417917944));
#11796=CARTESIAN_POINT('',(-11.3898105397648,1.54999999999999,-15.1285762060885));
#11797=CARTESIAN_POINT('Origin',(-23.9214971874079,1.54999999999999,-33.1273753969206));
#11798=CARTESIAN_POINT('',(-11.3165923816359,2.05,-30.4481201712252));
#11799=CARTESIAN_POINT('',(-9.11433794555899,2.05,-29.9800165403697));
#11800=CARTESIAN_POINT('',(-11.3165923816359,4.06,-30.4481201712252));
#11801=CARTESIAN_POINT('',(-11.3165923816359,1.54999999999999,-30.4481201712252));
#11802=CARTESIAN_POINT('',(-8.47502433283912,4.06,-29.844126237021));
#11803=CARTESIAN_POINT('',(-9.10033642643525,5.67705988433327,-29.9770404256066));
#11804=CARTESIAN_POINT('Origin',(-40.5592104350165,1.55,21.0984525715657));
#11805=CARTESIAN_POINT('',(-20.9962428057502,2.05,25.2566994786658));
#11806=CARTESIAN_POINT('',(-23.3067124081909,2.05,24.7655928500414));
#11807=CARTESIAN_POINT('',(-20.9962428057502,4.69969598477624,25.2566994786658));
#11808=CARTESIAN_POINT('',(-20.9962428057502,1.54999999999999,25.2566994786658));
#11809=CARTESIAN_POINT('',(-23.2961968907661,4.7083465910546,24.7678279975219));
#11810=CARTESIAN_POINT('Origin',(-62.1627279852581,1.54999999999999,-42.9791061478667));
#11811=CARTESIAN_POINT('',(-62.6013229615847,2.05,-44.6732532627127));
#11812=CARTESIAN_POINT('Origin',(-62.1627279852581,2.05,-42.9791061478667));
#11813=CARTESIAN_POINT('Origin',(-62.1627279852581,5.90713211334817,-42.9791061478667));
#11814=CARTESIAN_POINT('',(-62.6013229615847,3.56000000000001,-44.6732532627127));
#11815=CARTESIAN_POINT('Origin',(-62.1627279852581,3.56000000000001,-42.9791061478667));
#11816=CARTESIAN_POINT('',(-62.6013229615847,3.56000000000001,-44.6732532627127));
#11817=CARTESIAN_POINT('Origin',(-65.650762,3.56000000000001,-43.549233));
#11818=CARTESIAN_POINT('Origin',(-65.650762,3.56000000000001,-43.549233));
#11819=CARTESIAN_POINT('Origin',(-65.650762,3.56000000000001,-43.549233));
#11820=CARTESIAN_POINT('Origin',(-65.650762,2.05,-43.549233));
#11821=CARTESIAN_POINT('Origin',(-9.805713,3.56,43.552924));
#11822=CARTESIAN_POINT('',(-6.555713,3.56,43.552924));
#11823=CARTESIAN_POINT('Origin',(-9.805713,3.56,43.552924));
#11824=CARTESIAN_POINT('Origin',(-9.805713,3.56,43.552924));
#11825=CARTESIAN_POINT('',(-6.555713,2.05,43.552924));
#11826=CARTESIAN_POINT('',(-6.555713,3.56,43.552924));
#11827=CARTESIAN_POINT('Origin',(-9.805713,2.05,43.552924));
#11828=CARTESIAN_POINT('Origin',(-19.500802,3.56000000000001,-43.55334));
#11829=CARTESIAN_POINT('',(-16.250802,3.56000000000001,-43.55334));
#11830=CARTESIAN_POINT('Origin',(-19.500802,3.56000000000001,-43.55334));
#11831=CARTESIAN_POINT('Origin',(-19.500802,3.56000000000001,-43.55334));
#11832=CARTESIAN_POINT('',(-16.250802,2.05,-43.55334));
#11833=CARTESIAN_POINT('',(-16.250802,3.56000000000001,-43.55334));
#11834=CARTESIAN_POINT('Origin',(-19.500802,2.05,-43.55334));
#11835=CARTESIAN_POINT('Origin',(-105.000752,3.56000000000001,-43.549236));
#11836=CARTESIAN_POINT('',(-101.750752,3.56000000000001,-43.549236));
#11837=CARTESIAN_POINT('Origin',(-105.000752,3.56000000000001,-43.549236));
#11838=CARTESIAN_POINT('Origin',(-105.000752,3.56000000000001,-43.549236));
#11839=CARTESIAN_POINT('',(-101.750752,2.05,-43.549236));
#11840=CARTESIAN_POINT('',(-101.750752,3.56000000000001,-43.549236));
#11841=CARTESIAN_POINT('Origin',(-105.000752,2.05,-43.549236));
#11842=CARTESIAN_POINT('Origin',(-74.650771,3.56,34.300852));
#11843=CARTESIAN_POINT('',(-71.400771,3.56,34.300852));
#11844=CARTESIAN_POINT('Origin',(-74.650771,3.56,34.300852));
#11845=CARTESIAN_POINT('Origin',(-74.650771,3.56,34.300852));
#11846=CARTESIAN_POINT('',(-71.400771,2.05,34.300852));
#11847=CARTESIAN_POINT('',(-71.400771,3.56,34.300852));
#11848=CARTESIAN_POINT('Origin',(-74.650771,2.05,34.300852));
#11849=CARTESIAN_POINT('Origin',(-96.000773,4.06000000000001,-43.552992));
#11850=CARTESIAN_POINT('',(-94.600773,4.06000000000001,-43.552992));
#11851=CARTESIAN_POINT('Origin',(-96.000773,4.06000000000001,-43.552992));
#11852=CARTESIAN_POINT('Origin',(-96.000773,1.56000000000001,-43.552992));
#11853=CARTESIAN_POINT('',(-94.600773,2.05,-43.552992));
#11854=CARTESIAN_POINT('Origin',(-96.000773,2.05,-43.552992));
#11855=CARTESIAN_POINT('',(-94.600773,1.56000000000001,-43.552992));
#11856=CARTESIAN_POINT('Origin',(-65.650758,4.06,34.304605));
#11857=CARTESIAN_POINT('',(-64.250758,4.06,34.304605));
#11858=CARTESIAN_POINT('Origin',(-65.650758,4.06,34.304605));
#11859=CARTESIAN_POINT('Origin',(-65.650758,1.56,34.304605));
#11860=CARTESIAN_POINT('',(-64.250758,2.05,34.304605));
#11861=CARTESIAN_POINT('Origin',(-65.650758,2.05,34.304605));
#11862=CARTESIAN_POINT('',(-64.250758,1.56,34.304605));
#11863=CARTESIAN_POINT('Origin',(10.4992247408695,-0.0499999999999947,-48.4529929999999));
#11864=CARTESIAN_POINT('',(-7.27487514341464,-1.505,-48.4529814854696));
#11865=CARTESIAN_POINT('',(5.24959644193564,-1.505,-48.4529895991524));
#11866=CARTESIAN_POINT('',(-4.52784603592576,1.55000000000001,-48.4529832650674));
#11867=CARTESIAN_POINT('Origin',(-3.190769,0.375000000000008,-48.4529841312612));
#11868=CARTESIAN_POINT('',(-6.90076941196874,1.55000000000001,-48.4529817278251));
#11869=CARTESIAN_POINT('',(-7.27487514341464,1.55000000000001,-48.4529814854696));
#11870=CARTESIAN_POINT('',(-6.90076941196874,2.05000000000001,-48.4529817278251));
#11871=CARTESIAN_POINT('',(-6.90076941197326,1.54999999999999,-48.452988708893));
#11872=CARTESIAN_POINT('',(-7.27487514341464,2.05000000000001,-48.4529814854696));
#11873=CARTESIAN_POINT('',(-7.27487514341464,2.05000000000001,-48.4529814854696));
#11874=CARTESIAN_POINT('',(-7.27487514341464,-0.0499999999999947,-48.4529814854696));
#11875=CARTESIAN_POINT('Origin',(-7.27487514341464,-0.0499999999999947,
-48.4529814854696));
#11876=CARTESIAN_POINT('',(-10.5007668653418,-1.505,-48.4529949999528));
#11877=CARTESIAN_POINT('',(-3.63733643277565,-1.505,-48.452966246441));
#11878=CARTESIAN_POINT('',(-10.5007668653418,2.05000000000001,-48.4529949999528));
#11879=CARTESIAN_POINT('',(-10.5007668653418,2.05000000000001,-48.4529949999528));
#11880=CARTESIAN_POINT('',(-10.5007668653418,-0.0499999999999947,-48.4529949999528));
#11881=CARTESIAN_POINT('Origin',(-10.50084201009,-0.0499999999999952,-43.553308950668));
#11882=CARTESIAN_POINT('',(-12.8218258831529,-1.505,-47.8683937989064));
#11883=CARTESIAN_POINT('Origin',(-10.50084201009,-1.505,-43.553308950668));
#11884=CARTESIAN_POINT('',(-12.8218258831529,2.05000000000001,-47.8683937989064));
#11885=CARTESIAN_POINT('Origin',(-10.50084201009,2.05000000000001,-43.553308950668));
#11886=CARTESIAN_POINT('',(-12.8218258831529,-0.0499999999999947,-47.8683937989064));
#11887=CARTESIAN_POINT('Origin',(-15.0007735,-0.0499999999999943,-51.919584694571));
#11888=CARTESIAN_POINT('',(-17.179720357016,-1.505,-47.8683933902285));
#11889=CARTESIAN_POINT('Origin',(-15.0007735,-1.505,-51.919584694571));
#11890=CARTESIAN_POINT('',(-17.179720357016,2.05000000000001,-47.8683933902285));
#11891=CARTESIAN_POINT('Origin',(-15.0007735,2.05000000000001,-51.919584694571));
#11892=CARTESIAN_POINT('',(-17.179720357016,-0.0499999999999947,-47.8683933902285));
#11893=CARTESIAN_POINT('Origin',(-19.50077388562,-0.0499999999999952,-43.55301552879));
#11894=CARTESIAN_POINT('',(-22.5083044294542,-1.505,-47.4214177309813));
#11895=CARTESIAN_POINT('Origin',(-19.50077388562,-1.505,-43.55301552879));
#11896=CARTESIAN_POINT('',(-22.5083044294542,2.05000000000001,-47.4214177309813));
#11897=CARTESIAN_POINT('Origin',(-19.50077388562,2.05000000000001,-43.55301552879));
#11898=CARTESIAN_POINT('',(-22.5083044294542,-0.0499999999999948,-47.4214177309813));
#11899=CARTESIAN_POINT('Origin',(-25.33202179583,-0.0499999999999944,-51.053880326635));
#11900=CARTESIAN_POINT('',(-25.3317359271169,-1.505,-46.4529930000127));
#11901=CARTESIAN_POINT('Origin',(-25.33202179583,-1.505,-51.053880326635));
#11902=CARTESIAN_POINT('',(-25.3317359271169,2.05000000000001,-46.4529930000127));
#11903=CARTESIAN_POINT('Origin',(-25.33202179583,2.05000000000001,-51.053880326635));
#11904=CARTESIAN_POINT('',(-25.3317359271169,-0.0499999999999949,-46.4529930000127));
#11905=CARTESIAN_POINT('Origin',(-25.3317359271169,-0.0499999999999949,
-46.4529929999973));
#11906=CARTESIAN_POINT('',(-59.8198344013213,-1.505,-46.4529900000156));
#11907=CARTESIAN_POINT('',(-12.6658702319082,-1.505,-46.4529941017503));
#11908=CARTESIAN_POINT('',(-59.8198344013213,2.05000000000001,-46.4529900000156));
#11909=CARTESIAN_POINT('',(-59.8198344013213,2.05000000000001,-46.4529900000156));
#11910=CARTESIAN_POINT('',(-59.8198344013213,-0.0499999999999949,-46.4529900000156));
#11911=CARTESIAN_POINT('Origin',(-59.82013154041,-0.0499999999999944,-51.0520583271739));
#11912=CARTESIAN_POINT('',(-62.6432165226734,-1.505,-47.4214081444819));
#11913=CARTESIAN_POINT('Origin',(-59.82013154041,-1.505,-51.0520583271739));
#11914=CARTESIAN_POINT('',(-62.6432165226734,2.05000000000001,-47.4214081444819));
#11915=CARTESIAN_POINT('Origin',(-59.82013154041,2.05000000000001,-51.0520583271739));
#11916=CARTESIAN_POINT('',(-62.6432165226734,-0.0499999999999948,-47.4214081444819));
#11917=CARTESIAN_POINT('Origin',(-65.6507686413,-0.0499999999999952,-43.553014095602));
#11918=CARTESIAN_POINT('',(-68.6583146973576,-1.505,-47.4214128578959));
#11919=CARTESIAN_POINT('Origin',(-65.6507686413,-1.505,-43.553014095602));
#11920=CARTESIAN_POINT('',(-68.6583146973576,2.05000000000001,-47.4214128578959));
#11921=CARTESIAN_POINT('Origin',(-65.6507686413,2.05000000000001,-43.553014095602));
#11922=CARTESIAN_POINT('',(-68.6583146973576,-0.0499999999999948,-47.4214128578959));
#11923=CARTESIAN_POINT('Origin',(-71.48184897648,-0.0499999999999944,-51.053341060018));
#11924=CARTESIAN_POINT('',(-71.481725957192,-1.505,-46.4529880001306));
#11925=CARTESIAN_POINT('Origin',(-71.48184897648,-1.505,-51.053341060018));
#11926=CARTESIAN_POINT('',(-71.481725957192,2.05000000000001,-46.4529880001306));
#11927=CARTESIAN_POINT('Origin',(-71.48184897648,2.05000000000001,-51.053341060018));
#11928=CARTESIAN_POINT('',(-71.481725957192,-0.0499999999999949,-46.4529880001306));
#11929=CARTESIAN_POINT('Origin',(-71.481725957192,-0.0499999999999949,-46.4529879999993));
#11930=CARTESIAN_POINT('',(-90.1698253759452,-1.505,-46.4529899999639));
#11931=CARTESIAN_POINT('',(-35.7408607457647,-1.505,-46.4529841750802));
#11932=CARTESIAN_POINT('',(-90.1698253759452,2.05000000000001,-46.4529899999639));
#11933=CARTESIAN_POINT('',(-90.1698253759452,2.05000000000001,-46.4529899999639));
#11934=CARTESIAN_POINT('',(-90.1698253759452,-0.0499999999999949,-46.4529899999639));
#11935=CARTESIAN_POINT('Origin',(-90.16988719658,-0.0499999999999944,-51.052786534761));
#11936=CARTESIAN_POINT('',(-92.9932265865233,-1.505,-47.4214117462618));
#11937=CARTESIAN_POINT('Origin',(-90.16988719658,-1.505,-51.052786534761));
#11938=CARTESIAN_POINT('',(-92.9932265865233,2.05000000000001,-47.4214117462618));
#11939=CARTESIAN_POINT('Origin',(-90.16988719658,2.05000000000001,-51.052786534761));
#11940=CARTESIAN_POINT('',(-92.9932265865233,-0.0499999999999948,-47.4214117462618));
#11941=CARTESIAN_POINT('Origin',(-96.00077817592,-0.0499999999999952,-43.552860084394));
#11942=CARTESIAN_POINT('',(-98.3218182305109,-1.505,-47.8683938391269));
#11943=CARTESIAN_POINT('Origin',(-96.00077817592,-1.505,-43.552860084394));
#11944=CARTESIAN_POINT('',(-98.3218182305109,2.05000000000001,-47.8683938391269));
#11945=CARTESIAN_POINT('Origin',(-96.00077817592,2.05000000000001,-43.552860084394));
#11946=CARTESIAN_POINT('',(-98.3218182305109,-0.0499999999999947,-47.8683938391269));
#11947=CARTESIAN_POINT('Origin',(-100.5007683517,-0.0499999999999943,-51.919745218924));
#11948=CARTESIAN_POINT('',(-102.679721985369,-1.505,-47.8683957282559));
#11949=CARTESIAN_POINT('Origin',(-100.5007683517,-1.505,-51.919745218924));
#11950=CARTESIAN_POINT('',(-102.679721985369,2.05000000000001,-47.8683957282559));
#11951=CARTESIAN_POINT('Origin',(-100.5007683517,2.05000000000001,-51.919745218924));
#11952=CARTESIAN_POINT('',(-102.679721985369,-0.0499999999999947,-47.8683957282559));
#11953=CARTESIAN_POINT('Origin',(-105.0007765222,-0.0499999999999952,-43.552997540364));
#11954=CARTESIAN_POINT('',(-109.900771999992,-1.505,-43.552987964035));
#11955=CARTESIAN_POINT('Origin',(-105.0007765222,-1.505,-43.552997540364));
#11956=CARTESIAN_POINT('',(-109.900771999992,2.05000000000001,-43.552987964035));
#11957=CARTESIAN_POINT('Origin',(-105.0007765222,2.05000000000001,-43.552997540364));
#11958=CARTESIAN_POINT('',(-109.900771999992,-0.0499999999999952,-43.552987964035));
#11959=CARTESIAN_POINT('Origin',(-109.900771999992,-0.0499999999999952,
-43.552987964035));
#11960=CARTESIAN_POINT('',(-109.900764999938,-1.505,34.3008553953613));
#11961=CARTESIAN_POINT('',(-109.900770044256,-1.505,-21.8015074671524));
#11962=CARTESIAN_POINT('',(-109.900764999938,2.05,34.3008553953613));
#11963=CARTESIAN_POINT('',(-109.900764999938,2.05,34.3008553953613));
#11964=CARTESIAN_POINT('',(-109.900764999938,-0.0500000000000039,34.3008553953613));
#11965=CARTESIAN_POINT('Origin',(-105.000757421,-0.0500000000000039,34.30082605214));
#11966=CARTESIAN_POINT('',(-101.993235193458,-1.505,38.1692733278801));
#11967=CARTESIAN_POINT('Origin',(-105.000757421,-1.505,34.30082605214));
#11968=CARTESIAN_POINT('',(-101.993235193458,2.05,38.1692733278801));
#11969=CARTESIAN_POINT('Origin',(-105.000757421,2.05,34.30082605214));
#11970=CARTESIAN_POINT('',(-101.993235193458,-0.0500000000000043,38.1692733278801));
#11971=CARTESIAN_POINT('Origin',(-99.16973639455,-0.0500000000000047,41.80108635541));
#11972=CARTESIAN_POINT('',(-99.1698240856162,-1.505,37.2008460000937));
#11973=CARTESIAN_POINT('Origin',(-99.16973639455,-1.505,41.80108635541));
#11974=CARTESIAN_POINT('',(-99.1698240856162,2.05,37.2008460000937));
#11975=CARTESIAN_POINT('Origin',(-99.16973639455,2.05,41.80108635541));
#11976=CARTESIAN_POINT('',(-99.1698240856162,-0.0500000000000042,37.2008460000937));
#11977=CARTESIAN_POINT('Origin',(-99.1698240856162,-0.0500000000000042,
37.2008459999925));
#11978=CARTESIAN_POINT('',(-80.4817374390641,-1.505,37.2008500000058));
#11979=CARTESIAN_POINT('',(-49.584916279561,-1.505,37.2008566131867));
#11980=CARTESIAN_POINT('',(-80.4817374390641,2.05,37.2008500000058));
#11981=CARTESIAN_POINT('',(-80.4817374390641,2.05,37.2008500000058));
#11982=CARTESIAN_POINT('',(-80.4817374390641,-0.0500000000000042,37.2008500000058));
#11983=CARTESIAN_POINT('Origin',(-80.48193893183,-0.0500000000000047,41.8014557410101));
#11984=CARTESIAN_POINT('',(-77.6583090884473,-1.505,38.1692817732163));
#11985=CARTESIAN_POINT('Origin',(-80.48193893183,-1.505,41.8014557410101));
#11986=CARTESIAN_POINT('',(-77.6583090884473,2.05,38.1692817732163));
#11987=CARTESIAN_POINT('Origin',(-80.48193893183,2.05,41.8014557410101));
#11988=CARTESIAN_POINT('',(-77.6583090884473,-0.0500000000000043,38.1692817732163));
#11989=CARTESIAN_POINT('Origin',(-74.65075534643,-0.0500000000000039,34.30057779656));
#11990=CARTESIAN_POINT('',(-72.3297269613317,-1.505,38.6162558667678));
#11991=CARTESIAN_POINT('Origin',(-74.65075534643,-1.505,34.30057779656));
#11992=CARTESIAN_POINT('',(-72.3297269613317,2.05,38.6162558667678));
#11993=CARTESIAN_POINT('Origin',(-74.65075534643,2.05,34.30057779656));
#11994=CARTESIAN_POINT('',(-72.3297269613317,-0.0500000000000043,38.6162558667678));
#11995=CARTESIAN_POINT('Origin',(-70.15077678878,-0.0500000000000048,42.6673222345));
#11996=CARTESIAN_POINT('',(-67.971822871533,-1.505,38.6162578809322));
#11997=CARTESIAN_POINT('Origin',(-70.15077678878,-1.505,42.6673222345));
#11998=CARTESIAN_POINT('',(-67.971822871533,2.05,38.6162578809322));
#11999=CARTESIAN_POINT('Origin',(-70.15077678878,2.05,42.6673222345));
#12000=CARTESIAN_POINT('',(-67.971822871533,-0.0500000000000043,38.6162578809322));
#12001=CARTESIAN_POINT('Origin',(-65.65078998122,-0.0500000000000039,34.30066265817));
#12002=CARTESIAN_POINT('',(-62.6432284114188,-1.505,38.1692708327672));
#12003=CARTESIAN_POINT('Origin',(-65.65078998122,-1.505,34.30066265817));
#12004=CARTESIAN_POINT('',(-62.6432284114188,2.05,38.1692708327672));
#12005=CARTESIAN_POINT('Origin',(-65.65078998122,2.05,34.30066265817));
#12006=CARTESIAN_POINT('',(-62.6432284114188,-0.0500000000000043,38.1692708327672));
#12007=CARTESIAN_POINT('Origin',(-59.8199559207,-0.0500000000000047,41.8004501677401));
#12008=CARTESIAN_POINT('',(-59.81984295131,-1.505,37.2008489995058));
#12009=CARTESIAN_POINT('Origin',(-59.8199559207,-1.505,41.8004501677401));
#12010=CARTESIAN_POINT('',(-59.81984295131,2.05,37.2008489995058));
#12011=CARTESIAN_POINT('Origin',(-59.8199559207,2.05,41.8004501677401));
#12012=CARTESIAN_POINT('',(-59.81984295131,-0.0500000000000042,37.2008489995058));
#12013=CARTESIAN_POINT('Origin',(-59.81984295131,-0.0500000000000042,37.200848999494));
#12014=CARTESIAN_POINT('',(-59.7981789931573,-1.505,37.2008510006664));
#12015=CARTESIAN_POINT('',(-29.911642475583,-1.505,37.2036117201998));
#12016=CARTESIAN_POINT('',(-59.7981789931573,2.05,37.2008510006664));
#12017=CARTESIAN_POINT('',(-59.7981789931573,2.05,37.2008510006664));
#12018=CARTESIAN_POINT('',(-59.7981789931573,-0.0500000000000042,37.2008510006664));
#12019=CARTESIAN_POINT('Origin',(-59.79800503329,-0.0500000000000047,41.7991388539402));
#12020=CARTESIAN_POINT('',(-58.8417756513796,-1.505,37.3013753451507));
#12021=CARTESIAN_POINT('Origin',(-59.79800503329,-1.505,41.7991388539402));
#12022=CARTESIAN_POINT('',(-58.8417756513796,2.05,37.3013753451507));
#12023=CARTESIAN_POINT('Origin',(-59.79800503329,2.05,41.7991388539402));
#12024=CARTESIAN_POINT('',(-58.8417756513796,-0.0500000000000042,37.3013753451507));
#12025=CARTESIAN_POINT('Origin',(-58.8417756513765,-0.0500000000000042,
37.3013753451359));
#12026=CARTESIAN_POINT('',(-14.4302006817566,-1.50500000000001,46.7413446767972));
#12027=CARTESIAN_POINT('',(-34.4907182994362,-1.50500000000001,42.4773510846383));
#12028=CARTESIAN_POINT('',(-14.4302006817566,2.05,46.7413446767972));
#12029=CARTESIAN_POINT('',(-14.4302006817566,2.05,46.7413446767972));
#12030=CARTESIAN_POINT('',(-14.4302006817566,-0.0500000000000052,46.7413446767972));
#12031=CARTESIAN_POINT('Origin',(-15.38653643722,-0.0500000000000057,51.24071999832));
#12032=CARTESIAN_POINT('',(-12.6842655023105,-1.505,47.5182627244954));
#12033=CARTESIAN_POINT('Origin',(-15.38653643722,-1.505,51.24071999832));
#12034=CARTESIAN_POINT('',(-12.6842655023105,2.05,47.5182627244954));
#12035=CARTESIAN_POINT('Origin',(-15.38653643722,2.04999999999999,51.24071999832));
#12036=CARTESIAN_POINT('',(-12.6842655023105,-0.0500000000000053,47.5182627244954));
#12037=CARTESIAN_POINT('Origin',(-9.805721884595,-0.0500000000000049,43.55253902224));
#12038=CARTESIAN_POINT('',(-6.79817658622617,-1.505,47.4213436334963));
#12039=CARTESIAN_POINT('Origin',(-9.805721884595,-1.505,43.55253902224));
#12040=CARTESIAN_POINT('',(-6.79817658622617,2.05,47.4213436334963));
#12041=CARTESIAN_POINT('Origin',(-9.805721884595,2.05,43.55253902224));
#12042=CARTESIAN_POINT('',(-6.79817658622617,-0.0500000000000053,47.4213436334963));
#12043=CARTESIAN_POINT('Origin',(-3.97485067331304,-0.0500000000000057,
51.0526701659499));
#12044=CARTESIAN_POINT('',(-3.97476615098206,-1.505,46.4529200000513));
#12045=CARTESIAN_POINT('Origin',(-3.97485067331304,-1.505,51.0526701659499));
#12046=CARTESIAN_POINT('',(-3.97476615098206,2.05,46.4529200000513));
#12047=CARTESIAN_POINT('Origin',(-3.97485067331304,2.04999999999999,51.0526701659499));
#12048=CARTESIAN_POINT('',(-3.97476615098206,-0.0500000000000052,46.4529200000513));
#12049=CARTESIAN_POINT('Origin',(-3.97485067331304,-1.755,51.0526701659499));
#12050=CARTESIAN_POINT('',(-3.97476615098206,-1.505,46.4529200000513));
#12051=CARTESIAN_POINT('',(-6.79817658622617,-1.505,47.4213436334963));
#12052=CARTESIAN_POINT('Origin',(-9.805721884595,-1.755,43.55253902224));
#12053=CARTESIAN_POINT('',(-12.6842655023105,-1.505,47.5182627244954));
#12054=CARTESIAN_POINT('Origin',(-15.38653643722,-1.755,51.24071999832));
#12055=CARTESIAN_POINT('',(-14.4302006817566,-1.50500000000001,46.7413446767972));
#12056=CARTESIAN_POINT('Origin',(-34.5426962098015,-1.75500000000001,42.7218879874445));
#12057=CARTESIAN_POINT('',(-58.8417756513796,-1.505,37.3013753451507));
#12058=CARTESIAN_POINT('Origin',(-59.79800503329,-1.755,41.7991388539402));
#12059=CARTESIAN_POINT('',(-59.7981789931573,-1.505,37.2008510006664));
#12060=CARTESIAN_POINT('Origin',(-29.9116655689207,-1.755,37.4536117191332));
#12061=CARTESIAN_POINT('',(-59.81984295131,-1.505,37.2008489995058));
#12062=CARTESIAN_POINT('Origin',(-59.8199559207,-1.755,41.8004501677401));
#12063=CARTESIAN_POINT('',(-62.6432284114188,-1.505,38.1692708327672));
#12064=CARTESIAN_POINT('Origin',(-65.65078998122,-1.755,34.30066265817));
#12065=CARTESIAN_POINT('',(-67.971822871533,-1.505,38.6162578809322));
#12066=CARTESIAN_POINT('Origin',(-70.15077678878,-1.755,42.6673222345));
#12067=CARTESIAN_POINT('',(-72.3297269613317,-1.505,38.6162558667678));
#12068=CARTESIAN_POINT('Origin',(-74.65075534643,-1.755,34.30057779656));
#12069=CARTESIAN_POINT('',(-77.6583090884473,-1.505,38.1692817732163));
#12070=CARTESIAN_POINT('Origin',(-80.48193893183,-1.755,41.8014557410101));
#12071=CARTESIAN_POINT('',(-80.4817374390641,-1.505,37.2008500000058));
#12072=CARTESIAN_POINT('Origin',(-49.5849163330712,-1.755,37.4508566131867));
#12073=CARTESIAN_POINT('',(-99.1698240856162,-1.505,37.2008460000937));
#12074=CARTESIAN_POINT('Origin',(-99.16973639455,-1.755,41.80108635541));
#12075=CARTESIAN_POINT('',(-101.993235193458,-1.505,38.1692733278801));
#12076=CARTESIAN_POINT('Origin',(-105.000757421,-1.755,34.30082605214));
#12077=CARTESIAN_POINT('',(-109.900764999938,-1.505,34.3008553953613));
#12078=CARTESIAN_POINT('Origin',(-110.150770044256,-1.755,-21.8015074446742));
#12079=CARTESIAN_POINT('',(-109.900771999992,-1.505,-43.552987964035));
#12080=CARTESIAN_POINT('Origin',(-105.0007765222,-1.755,-43.552997540364));
#12081=CARTESIAN_POINT('',(-102.679721985369,-1.505,-47.8683957282559));
#12082=CARTESIAN_POINT('Origin',(-100.5007683517,-1.755,-51.919745218924));
#12083=CARTESIAN_POINT('',(-98.3218182305109,-1.505,-47.8683938391269));
#12084=CARTESIAN_POINT('Origin',(-96.00077817592,-1.755,-43.552860084394));
#12085=CARTESIAN_POINT('',(-92.9932265865233,-1.505,-47.4214117462618));
#12086=CARTESIAN_POINT('Origin',(-90.16988719658,-1.755,-51.052786534761));
#12087=CARTESIAN_POINT('',(-90.1698253759452,-1.505,-46.4529899999639));
#12088=CARTESIAN_POINT('Origin',(-35.7408607190102,-1.755,-46.7029841750802));
#12089=CARTESIAN_POINT('',(-71.481725957192,-1.505,-46.4529880001306));
#12090=CARTESIAN_POINT('Origin',(-71.48184897648,-1.755,-51.053341060018));
#12091=CARTESIAN_POINT('',(-68.6583146973576,-1.505,-47.4214128578959));
#12092=CARTESIAN_POINT('Origin',(-65.6507686413,-1.755,-43.553014095602));
#12093=CARTESIAN_POINT('',(-62.6432165226734,-1.505,-47.4214081444819));
#12094=CARTESIAN_POINT('Origin',(-59.82013154041,-1.755,-51.0520583271739));
#12095=CARTESIAN_POINT('',(-59.8198344013213,-1.505,-46.4529900000156));
#12096=CARTESIAN_POINT('Origin',(-12.6658702536547,-1.755,-46.7029941017503));
#12097=CARTESIAN_POINT('',(-25.3317359271169,-1.505,-46.4529930000127));
#12098=CARTESIAN_POINT('Origin',(-25.33202179583,-1.755,-51.053880326635));
#12099=CARTESIAN_POINT('',(-22.5083044294542,-1.505,-47.4214177309813));
#12100=CARTESIAN_POINT('Origin',(-19.50077388562,-1.755,-43.55301552879));
#12101=CARTESIAN_POINT('',(-17.179720357016,-1.505,-47.8683933902285));
#12102=CARTESIAN_POINT('Origin',(-15.0007735,-1.755,-51.919584694571));
#12103=CARTESIAN_POINT('',(-12.8218258831529,-1.505,-47.8683937989064));
#12104=CARTESIAN_POINT('Origin',(-10.50084201009,-1.755,-43.553308950668));
#12105=CARTESIAN_POINT('',(-10.5007668653418,-1.505,-48.4529949999528));
#12106=CARTESIAN_POINT('Origin',(-3.63733538543088,-1.755,-48.7029662464388));
#12107=CARTESIAN_POINT('',(-7.27487514341464,-1.505,-48.4529814854696));
#12108=CARTESIAN_POINT('Origin',(5.24959627997905,-1.755,-48.7029895991523));
#12109=CARTESIAN_POINT('Origin',(-3.190769,0.375000000000008,-51.0529952034952));
#12110=CARTESIAN_POINT('',(-3.190769,2.15500000000001,-48.4529894731035));
#12111=CARTESIAN_POINT('Origin',(-3.190769,0.375000000000008,-48.4529894731035));
#12112=CARTESIAN_POINT('',(-3.190769,2.15500000000001,-51.0529952034952));
#12113=CARTESIAN_POINT('Origin',(-6.900769,1.54999999999999,-46.452988708893));
#12114=CARTESIAN_POINT('',(-8.900769,2.05,-46.452988708893));
#12115=CARTESIAN_POINT('Origin',(-6.900769,2.05,-46.452988708893));
#12116=CARTESIAN_POINT('',(-6.90076941197326,4.06000000000001,-48.452988708893));
#12117=CARTESIAN_POINT('',(-6.90076941197326,1.54999999999999,-48.452988708893));
#12118=CARTESIAN_POINT('',(-8.900769,4.06000000000001,-46.452988708893));
#12119=CARTESIAN_POINT('Origin',(-6.900769,4.06,-46.452988708893));
#12120=CARTESIAN_POINT('',(-8.900769,1.54999999999999,-46.452988708893));
#12121=CARTESIAN_POINT('Origin',(-8.900769,1.54999999999999,-48.4529882969198));
#12122=CARTESIAN_POINT('',(-8.900769,2.05,-32.4044153726927));
#12123=CARTESIAN_POINT('',(-8.900769,2.05,-24.2515125743353));
#12124=CARTESIAN_POINT('',(-8.900769,4.06,-32.4044153726927));
#12125=CARTESIAN_POINT('',(-8.900769,4.06000000000001,-37.7388841393304));
#12126=CARTESIAN_POINT('',(-8.900769,1.54999999999999,-32.4044153726927));
#12127=CARTESIAN_POINT('Origin',(-10.900769,1.54999999999999,-32.4044153726927));
#12128=CARTESIAN_POINT('Origin',(-10.900769,2.05,-32.4044153726927));
#12129=CARTESIAN_POINT('Origin',(-10.900769,4.06,-32.4044153726927));
#12130=CARTESIAN_POINT('Origin',(-8.27113557566723,1.54999999999999,-29.8007883438333));
#12131=CARTESIAN_POINT('',(-10.8789166007337,2.05,-17.5321432143998));
#12132=CARTESIAN_POINT('',(-11.1175464739599,2.05,-16.4094779278008));
#12133=CARTESIAN_POINT('',(-11.1306801080902,5.43588780283981,-16.3476890372248));
#12134=CARTESIAN_POINT('',(-10.8789166007337,4.06,-17.5321432143998));
#12135=CARTESIAN_POINT('',(-8.37465896689723,4.06,-29.3137490804182));
#12136=CARTESIAN_POINT('',(-10.8789166007337,1.54999999999999,-17.5321432143998));
#12137=CARTESIAN_POINT('Origin',(-9.900769,1.54999999999999,-17.3242315235817));
#12138=CARTESIAN_POINT('',(-8.90090617199288,2.04999999999999,-17.3407942881339));
#12139=CARTESIAN_POINT('Origin',(-9.900769,2.05,-17.3242315235817));
#12140=CARTESIAN_POINT('',(-8.90090617199288,4.06,-17.3407942881339));
#12141=CARTESIAN_POINT('Origin',(-9.900769,4.06,-17.3242315235817));
#12142=CARTESIAN_POINT('',(-8.90090617199289,1.54999999999999,-17.3407942881339));
#12143=CARTESIAN_POINT('Origin',(21.0949786682206,1.54999999999999,-17.8376772246979));
#12144=CARTESIAN_POINT('',(-8.59653581038026,2.05,-13.5465272661165));
#12145=CARTESIAN_POINT('Origin',(21.0949786682206,2.05,-17.8376772246979));
#12146=CARTESIAN_POINT('',(-8.59653581038026,4.06,-13.5465272661165));
#12147=CARTESIAN_POINT('Origin',(21.0949786682206,4.06,-17.8376772246979));
#12148=CARTESIAN_POINT('',(-8.59653581038027,1.54999999999999,-13.5465272661165));
#12149=CARTESIAN_POINT('Origin',(-8.900769,1.54999999999999,-15.651591));
#12150=CARTESIAN_POINT('',(-7.44757299999991,2.05,-5.596573));
#12151=CARTESIAN_POINT('',(-7.70537786512951,2.05,-7.3803878187595));
#12152=CARTESIAN_POINT('',(-7.44757299999991,4.06,-5.596573));
#12153=CARTESIAN_POINT('',(-9.6147590678958,4.06,-20.5918626388672));
#12154=CARTESIAN_POINT('',(-7.44757299999991,1.56,-5.596573));
#12155=CARTESIAN_POINT('Origin',(2.55006201036667,1.56,-5.37910070408093));
#12156=CARTESIAN_POINT('',(-7.44993798963329,2.05,-5.37909983451571));
#12157=CARTESIAN_POINT('Origin',(2.55006201036667,2.05,-5.37910070408093));
#12158=CARTESIAN_POINT('',(-7.44993798963329,4.06,-5.37909983451571));
#12159=CARTESIAN_POINT('Origin',(2.55006201036667,4.06,-5.37910070408093));
#12160=CARTESIAN_POINT('',(-7.44993798963329,1.56,-5.37909983451571));
#12161=CARTESIAN_POINT('Origin',(-7.449938,1.56,-5.498317));
#12162=CARTESIAN_POINT('',(-7.449936,2.05,17.501683));
#12163=CARTESIAN_POINT('',(-7.44993776311823,2.05,-2.77417660196512));
#12164=CARTESIAN_POINT('',(-7.449936,4.06,17.501683));
#12165=CARTESIAN_POINT('',(-7.449938,4.06,-5.498317));
#12166=CARTESIAN_POINT('',(-7.449936,1.56,17.501683));
#12167=CARTESIAN_POINT('Origin',(-7.449936,1.56,17.501683));
#12168=CARTESIAN_POINT('',(-7.4476890000001,2.05,17.599954));
#12169=CARTESIAN_POINT('',(-7.64854769549984,2.05,8.81553705905742));
#12170=CARTESIAN_POINT('',(-7.4476890000001,4.06,17.599954));
#12171=CARTESIAN_POINT('',(-7.449936,4.06,17.501683));
#12172=CARTESIAN_POINT('',(-7.4476890000001,1.56,17.599954));
#12173=CARTESIAN_POINT('Origin',(-6.449956478616,1.56,17.5017126801));
#12174=CARTESIAN_POINT('',(-6.54820999999948,2.05,18.4994439999948));
#12175=CARTESIAN_POINT('Origin',(-6.449956478616,2.05,17.5017126801));
#12176=CARTESIAN_POINT('',(-6.54820999999948,4.06,18.4994439999948));
#12177=CARTESIAN_POINT('Origin',(-6.449956478616,4.06,17.5017126801));
#12178=CARTESIAN_POINT('',(-6.54820999999948,1.56,18.4994439999948));
#12179=CARTESIAN_POINT('Origin',(-6.5482099999996,1.56,18.499444));
#12180=CARTESIAN_POINT('',(-6.449939,2.05,18.501684));
#12181=CARTESIAN_POINT('',(-3.48710516786411,2.05,18.5692191607696));
#12182=CARTESIAN_POINT('',(-6.449939,4.06,18.501684));
#12183=CARTESIAN_POINT('',(-6.54821,4.06,18.499444));
#12184=CARTESIAN_POINT('',(-6.449939,1.56,18.501684));
#12185=CARTESIAN_POINT('Origin',(-82.500775,1.55,33.8008550000001));
#12186=CARTESIAN_POINT('',(-80.750775,2.04999999999999,33.8008550000001));
#12187=CARTESIAN_POINT('Origin',(-82.500775,2.05,33.8008550000001));
#12188=CARTESIAN_POINT('',(-80.750775,4.54850670856163,33.8008550000001));
#12189=CARTESIAN_POINT('Origin',(-82.500775,4.54850670856163,33.8008550000001));
#12190=CARTESIAN_POINT('',(-80.750775,1.55,33.8008550000001));
#12191=CARTESIAN_POINT('Origin',(-80.750775,1.55,17.550855));
#12192=CARTESIAN_POINT('',(-80.750775,2.05,19.300855));
#12193=CARTESIAN_POINT('',(-80.750775,2.05,8.75040907412459));
#12194=CARTESIAN_POINT('',(-80.750775,4.8050849625082,19.300855));
#12195=CARTESIAN_POINT('',(-80.750775,4.99077226819299,8.80711326228361));
#12196=CARTESIAN_POINT('',(-80.750775,1.54999999999999,19.300855));
#12197=CARTESIAN_POINT('Origin',(-82.500775,1.54999999999999,19.300855));
#12198=CARTESIAN_POINT('',(-82.500775,2.04999999999999,17.550855));
#12199=CARTESIAN_POINT('Origin',(-82.500775,2.05,19.300855));
#12200=CARTESIAN_POINT('',(-82.500775,4.83605130350175,17.550855));
#12201=CARTESIAN_POINT('Origin',(-82.500775,4.8050849625082,19.300855));
#12202=CARTESIAN_POINT('',(-82.500775,1.54999999999999,17.550855));
#12203=CARTESIAN_POINT('Origin',(-108.250775,1.54999999999999,17.550855));
#12204=CARTESIAN_POINT('',(-54.1253877501459,2.05,17.550855));
#12205=CARTESIAN_POINT('',(-54.1253877501459,4.83605130350175,17.550855));
#12206=CARTESIAN_POINT('Origin',(-54.8616591472565,1.55,19.8474692908411));
#12207=CARTESIAN_POINT('',(-56.5734174485406,2.05,19.4836238319097));
#12208=CARTESIAN_POINT('Origin',(-54.8616591472565,2.05,19.8474692908411));
#12209=CARTESIAN_POINT('',(-56.5734174485406,4.80185085852425,19.4836238319097));
#12210=CARTESIAN_POINT('Origin',(-54.8616591472565,4.79541259420984,19.8474692908411));
#12211=CARTESIAN_POINT('',(-56.5734174485406,1.55,19.4836238319097));
#12212=CARTESIAN_POINT('Origin',(-20.9962428057502,1.54999999999999,25.2566994786658));
#12213=CARTESIAN_POINT('',(-13.5252210285191,2.05,26.8447141797973));
#12214=CARTESIAN_POINT('',(-13.5148379254256,4.67155692914757,26.8469211764903));
#12215=CARTESIAN_POINT('Origin',(-59.9519824243324,1.55,35.3785223438333));
#12216=CARTESIAN_POINT('',(-59.588136965401,2.05,33.6667640425493));
#12217=CARTESIAN_POINT('',(-59.588136965401,4.55087945502596,33.6667640425493));
#12218=CARTESIAN_POINT('',(-59.588136965401,1.55,33.6667640425493));
#12219=CARTESIAN_POINT('',(-55.0536788251051,2.05,12.3338157455649));
#12220=CARTESIAN_POINT('',(-55.0649827021552,4.92742605159568,12.3869963058881));
#12221=CARTESIAN_POINT('Origin',(-57.8763786641169,1.55,34.0306095014807));
#12222=CARTESIAN_POINT('',(-58.2402241230485,3.88783384395478,35.7423678027648));
#12223=CARTESIAN_POINT('',(-58.2402241230485,2.04999999999999,35.7423678027648));
#12224=CARTESIAN_POINT('',(-58.2402241230485,1.55,35.7423678027648));
#12225=CARTESIAN_POINT('Origin',(-57.8763786641169,2.05,34.0306095014807));
#12226=CARTESIAN_POINT('',(-59.4708450042595,4.39529393928453,34.7518425912774));
#12227=CARTESIAN_POINT('Ctrl Pts',(-59.4708449841919,4.39529393270058,34.7518425804132));
#12228=CARTESIAN_POINT('Ctrl Pts',(-59.5269346943457,4.42894807278131,34.6278422310736));
#12229=CARTESIAN_POINT('Ctrl Pts',(-59.5698218455616,4.459178135995,34.4937113837937));
#12230=CARTESIAN_POINT('Ctrl Pts',(-59.6392806812616,4.5238213890042,34.1263759828362));
#12231=CARTESIAN_POINT('Ctrl Pts',(-59.6346490903966,4.5470073822761,33.885586386259));
#12232=CARTESIAN_POINT('Ctrl Pts',(-59.588136965401,4.550879455026,33.6667640425493));
#12233=CARTESIAN_POINT('Ctrl Pts',(-58.2402241230484,3.88783384395474,35.7423678027648));
#12234=CARTESIAN_POINT('Ctrl Pts',(-58.4552999480846,3.95594862172839,35.6966520248967));
#12235=CARTESIAN_POINT('Ctrl Pts',(-58.6747047455596,4.03365165019951,35.6052250024138));
#12236=CARTESIAN_POINT('Ctrl Pts',(-59.0587284276877,4.18687126955929,35.3416348647198));
#12237=CARTESIAN_POINT('Ctrl Pts',(-59.223424899533,4.26220322931819,35.1694775017845));
#12238=CARTESIAN_POINT('Ctrl Pts',(-59.3907820627508,4.34921469110174,34.9117700697018));
#12239=CARTESIAN_POINT('Ctrl Pts',(-59.433677265378,4.37299309334846,34.8340111297684));
#12240=CARTESIAN_POINT('Ctrl Pts',(-59.4708449841919,4.39529393270058,34.7518425804132));
#12241=CARTESIAN_POINT('Origin',(-44.3016214229006,1.55,38.7051092671966));
#12242=CARTESIAN_POINT('',(-52.5241515689295,2.99241743207267,36.9573565311263));
#12243=CARTESIAN_POINT('',(-44.3016214229004,2.96149085653123,38.7051092671955));
#12244=CARTESIAN_POINT('',(-41.0005060260302,2.94907470324514,39.4067830056323));
#12245=CARTESIAN_POINT('',(-44.3016214229004,2.04999999999999,38.7051092671955));
#12246=CARTESIAN_POINT('',(-44.3016214229004,1.54999999999999,38.7051092671955));
#12247=CARTESIAN_POINT('',(-27.0491145608253,2.05,42.3722428059926));
#12248=CARTESIAN_POINT('Origin',(-52.452190573596,22.995277676007,36.9726523128687));
#12249=CARTESIAN_POINT('Origin',(-16.7941644498065,1.54999999999999,42.7629134724315));
#12250=CARTESIAN_POINT('',(-17.1580099087379,2.04999999999999,44.4746717737156));
#12251=CARTESIAN_POINT('Origin',(-16.7941644498065,2.05,42.7629134724315));
#12252=CARTESIAN_POINT('',(-17.1580099087379,3.73472292171925,44.4746717737156));
#12253=CARTESIAN_POINT('',(-17.1580099087379,1.54999999999999,44.4746717737156));
#12254=CARTESIAN_POINT('',(-15.6321634341533,4.23038309722064,44.0714446026071));
#12255=CARTESIAN_POINT('Ctrl Pts',(-15.6321634479844,4.23038309082648,44.0714445846962));
#12256=CARTESIAN_POINT('Ctrl Pts',(-15.6991469385938,4.20865485597908,44.1309272232548));
#12257=CARTESIAN_POINT('Ctrl Pts',(-15.7695232045658,4.1855064613691,44.1841394299318));
#12258=CARTESIAN_POINT('Ctrl Pts',(-16.0267080158661,4.10047631792321,44.3511571992453));
#12259=CARTESIAN_POINT('Ctrl Pts',(-16.2471633186079,4.02677117550499,44.4414650745177));
#12260=CARTESIAN_POINT('Ctrl Pts',(-16.7052238739828,3.87700929772142,44.5261024394862));
#12261=CARTESIAN_POINT('Ctrl Pts',(-16.9428964428742,3.80113796430369,44.5203955523885));
#12262=CARTESIAN_POINT('Ctrl Pts',(-17.1580099087379,3.73472292171924,44.4746717737156));
#12263=CARTESIAN_POINT('Ctrl Pts',(-15.0824061485224,4.38348435358358,43.126758931363));
#12264=CARTESIAN_POINT('Ctrl Pts',(-15.1288855909425,4.37961500161476,43.3454275156441));
#12265=CARTESIAN_POINT('Ctrl Pts',(-15.2225120479942,4.35684985951542,43.5672153027554));
#12266=CARTESIAN_POINT('Ctrl Pts',(-15.435690026248,4.29334800058054,43.8750912366646));
#12267=CARTESIAN_POINT('Ctrl Pts',(-15.5299173244401,4.26354988706829,43.9806480443027));
#12268=CARTESIAN_POINT('Ctrl Pts',(-15.6321634479844,4.23038309082647,44.0714445846962));
#12269=CARTESIAN_POINT('Origin',(-15.4462516074538,1.54999999999999,44.838517232647));
#12270=CARTESIAN_POINT('',(-24.7386537042874,2.88791046096053,42.8633561932869));
#12271=CARTESIAN_POINT('',(-22.8848766121568,2.88093803565365,43.2573886780932));
#12272=CARTESIAN_POINT('',(-26.5730173900805,2.89480986857494,42.473450155382));
#12273=CARTESIAN_POINT('Origin',(-22.8129156168233,22.883798279588,43.2726844598356));
#12274=CARTESIAN_POINT('',(-24.7386537042874,2.05,42.8633561932869));
#12275=CARTESIAN_POINT('',(-12.6214306467328,2.05,45.4389514633919));
#12276=CARTESIAN_POINT('',(-24.7386537042874,1.55,42.8633561932869));
#12277=CARTESIAN_POINT('Origin',(-24.7386537042874,1.55,42.8633561932869));
#12278=CARTESIAN_POINT('',(-31.2191536417755,2.91228497078721,41.4858801716424));
#12279=CARTESIAN_POINT('',(-17.2676434673915,2.05,44.4513721732351));
#12280=CARTESIAN_POINT('Origin',(16.7395109254424,-0.0500000000000057,50.9529214999935));
#12281=CARTESIAN_POINT('',(-13.5879525814719,2.28007701363387,50.9529214999935));
#12282=CARTESIAN_POINT('',(-8.36975521257531,2.28007701363387,50.9529214999935));
#12283=CARTESIAN_POINT('',(-13.5879525814719,-0.0500000000000057,50.9529214999935));
#12284=CARTESIAN_POINT('Origin',(-38.813591849605,2.84437362987993,45.3237519632271));
#12285=CARTESIAN_POINT('',(-23.0591144011158,2.80408317948388,47.6006851084052));
#12286=CARTESIAN_POINT('',(-53.8110117290266,2.91974720073087,41.0641673705032));
#12287=CARTESIAN_POINT('',(-27.4589162020961,2.8206317118727,46.6654783403061));
#12288=CARTESIAN_POINT('',(-23.1550716249268,2.84485178320436,45.2967300971978));
#12289=CARTESIAN_POINT('Ctrl Pts',(-23.1541414797905,2.84485096876366,45.2967761236629));
#12290=CARTESIAN_POINT('Ctrl Pts',(-23.1922468373039,2.83122912357427,46.0665870963703));
#12291=CARTESIAN_POINT('Ctrl Pts',(-23.1597784626898,2.81757448355155,46.8382514026162));
#12292=CARTESIAN_POINT('Ctrl Pts',(-23.0577610556392,2.80408638353989,47.6005040376731));
#12293=CARTESIAN_POINT('',(-22.895556756878,2.88004892776309,43.3076348085225));
#12294=CARTESIAN_POINT('Ctrl Pts',(-22.8955567568779,2.88004892776309,43.3076348085224));
#12295=CARTESIAN_POINT('Ctrl Pts',(-23.0351583597307,2.86842727938,43.9644087126346));
#12296=CARTESIAN_POINT('Ctrl Pts',(-23.1211312103995,2.85665142962638,44.6298969946736));
#12297=CARTESIAN_POINT('Ctrl Pts',(-23.154141479838,2.84485096874668,45.2967761246226));
#12298=CARTESIAN_POINT('',(-17.8050121661959,3.3038300169652,19.35850545358));
#12299=CARTESIAN_POINT('',(-52.7051217835019,2.97735190160172,37.8087544515213));
#12300=CARTESIAN_POINT('',(-48.9227083551171,3.29223280558745,20.0138983498639));
#12301=CARTESIAN_POINT('Ctrl Pts',(-53.811820945954,2.91975402595843,41.063781656601));
#12302=CARTESIAN_POINT('Ctrl Pts',(-53.3162026064843,2.9381474701055,40.0243134396719));
#12303=CARTESIAN_POINT('Ctrl Pts',(-52.9423487427763,2.95760307170769,38.9248195469022));
#12304=CARTESIAN_POINT('Ctrl Pts',(-52.705121783502,2.97735190160173,37.8087544515213));
#12305=CARTESIAN_POINT('Origin',(-5.00291807981057E-7,5.14652182232837,
0.00524287683288082));
#12306=CARTESIAN_POINT('',(-110.000768499969,6.01398376429496,-49.0176106387856));
#12307=CARTESIAN_POINT('',(57.2503845001305,6.01398376429496,-49.0176106387856));
#12308=CARTESIAN_POINT('',(-112.500768499969,5.96974613430418,-46.5176106387856));
#12309=CARTESIAN_POINT('Origin',(-110.000768499969,5.96974613430418,-46.5176106387856));
#12310=CARTESIAN_POINT('',(-112.500768499969,4.4859480085912,37.3362331375416));
#12311=CARTESIAN_POINT('',(-112.500768499969,4.77603656465095,20.942466330857));
#12312=CARTESIAN_POINT('',(-110.000768499969,4.44171037860041,39.8362331375416));
#12313=CARTESIAN_POINT('Origin',(-110.000768499969,4.4859480085912,37.3362331375416));
#12314=CARTESIAN_POINT('',(-62.9513235549702,4.44171037860039,39.8362331375427));
#12315=CARTESIAN_POINT('',(-29.8990984568544,4.44171037860038,39.8362331375434));
#12316=CARTESIAN_POINT('',(-62.6971244243577,4.44169251262044,39.8372427971898));
#12317=CARTESIAN_POINT('Ctrl Pts',(-62.6971244243577,4.44169251262044,39.8372427971898));
#12318=CARTESIAN_POINT('Ctrl Pts',(-62.7818866135381,4.44170442755862,39.836569448607));
#12319=CARTESIAN_POINT('Ctrl Pts',(-62.8666208839152,4.44171037860039,39.8362331375427));
#12320=CARTESIAN_POINT('Ctrl Pts',(-62.9513235549702,4.44171037860039,39.8362331375427));
#12321=CARTESIAN_POINT('',(-60.5150569163064,4.50648264922389,36.1757595409132));
#12322=CARTESIAN_POINT('Ctrl Pts',(-60.5150569163064,4.50648264922389,36.1757595409132));
#12323=CARTESIAN_POINT('Ctrl Pts',(-60.8158018594075,4.48144603137504,37.5906532554989));
#12324=CARTESIAN_POINT('Ctrl Pts',(-61.5957027786608,4.4582881086259,38.8993763241828));
#12325=CARTESIAN_POINT('Ctrl Pts',(-62.697124424358,4.44169251262043,39.8372427971901));
#12326=CARTESIAN_POINT('',(-60.1808391347829,4.53430583650015,34.6033885028367));
#12327=CARTESIAN_POINT('',(-56.7326434879216,4.82136355320966,18.3809034392558));
#12328=CARTESIAN_POINT('Ctrl Pts',(-59.588136965401,4.550879455026,33.6667640425493));
#12329=CARTESIAN_POINT('Ctrl Pts',(-59.5904702239173,4.5508508496248,33.6683806188219));
#12330=CARTESIAN_POINT('Ctrl Pts',(-59.5927952001945,4.55082209070087,33.6700058711166));
#12331=CARTESIAN_POINT('Ctrl Pts',(-59.9017306611961,4.54698920484507,33.8866136465842));
#12332=CARTESIAN_POINT('Ctrl Pts',(-60.1030678631741,4.54078019313361,34.2375033596447));
#12333=CARTESIAN_POINT('Ctrl Pts',(-60.1808391347829,4.53430583650015,34.6033885028367));
#12334=CARTESIAN_POINT('',(-14.9221693039099,4.36405580709374,44.2247238592894));
#12335=CARTESIAN_POINT('Ctrl Pts',(-14.92216930391,4.36405580709374,44.2247238592893));
#12336=CARTESIAN_POINT('Ctrl Pts',(-14.8443305819549,4.37053577616241,43.8585215406967));
#12337=CARTESIAN_POINT('Ctrl Pts',(-14.8854245828099,4.37766061618384,43.4558756469095));
#12338=CARTESIAN_POINT('Ctrl Pts',(-15.0794705958631,4.38339818426789,43.1316286155903));
#12339=CARTESIAN_POINT('Ctrl Pts',(-15.0809322834256,4.3834413007315,43.1291919760403));
#12340=CARTESIAN_POINT('Ctrl Pts',(-15.0824061485224,4.38348435358358,43.126758931363));
#12341=CARTESIAN_POINT('',(-15.0856216240736,4.35044861811078,44.993706566195));
#12342=CARTESIAN_POINT('',(-9.99507703339146,4.77422970731296,21.0445772112525));
#12343=CARTESIAN_POINT('',(-14.0513588453217,4.27983183282709,48.9844710634339));
#12344=CARTESIAN_POINT('Ctrl Pts',(-14.0513588453217,4.27983183282709,48.9844710634339));
#12345=CARTESIAN_POINT('Ctrl Pts',(-14.5192333444512,4.2893356237324,48.4473835822953));
#12346=CARTESIAN_POINT('Ctrl Pts',(-15.2010261430892,4.31223917838998,47.1530356107635));
#12347=CARTESIAN_POINT('Ctrl Pts',(-15.2337078627943,4.33812063503883,45.6903975436791));
#12348=CARTESIAN_POINT('Ctrl Pts',(-15.0856216240736,4.35044861811078,44.993706566195));
#12349=CARTESIAN_POINT('',(-13.5879525814719,4.27976397228022,48.9883060647031));
#12350=CARTESIAN_POINT('Origin',(-13.5879525814719,4.77522542817704,20.9883060647031));
#12351=CARTESIAN_POINT('',(-8.36975521257531,4.27976397228022,48.9883060647031));
#12352=CARTESIAN_POINT('Origin',(-29.8990984568544,2.44202341995402,39.8008485728338));
#12353=CARTESIAN_POINT('Origin',(-62.9513235549702,2.44202341995404,39.8008485728331));
#12354=CARTESIAN_POINT('Origin',(-110.000768499969,2.44202341995405,39.800848572832));
#12355=CARTESIAN_POINT('Ctrl Pts',(-114.500768499969,2.48626104994484,37.300848572832));
#12356=CARTESIAN_POINT('Ctrl Pts',(-114.500768499969,2.47633414898832,38.3106462114859));
#12357=CARTESIAN_POINT('Ctrl Pts',(-113.910487587127,2.45985052171128,39.9874160285433));
#12358=CARTESIAN_POINT('Ctrl Pts',(-112.017873323389,2.4450511010853,41.4928626998673));
#12359=CARTESIAN_POINT('Ctrl Pts',(-110.673966925739,2.44202341995405,41.800848572832));
#12360=CARTESIAN_POINT('Ctrl Pts',(-110.000768499969,2.44202341995405,41.800848572832));
#12361=CARTESIAN_POINT('Ctrl Pts',(-114.500768499969,3.08456598887462,37.311435609836));
#12362=CARTESIAN_POINT('Ctrl Pts',(-114.498318886703,3.07309319718147,38.3226653547498));
#12363=CARTESIAN_POINT('Ctrl Pts',(-113.906861904473,3.05416187075567,39.9948069932775));
#12364=CARTESIAN_POINT('Ctrl Pts',(-112.013396885971,3.03711787876898,41.4960259878455));
#12365=CARTESIAN_POINT('Ctrl Pts',(-110.673325456195,3.0336817518828,41.800848572832));
#12366=CARTESIAN_POINT('Ctrl Pts',(-110.000768499969,3.0336817518828,41.800848572832));
#12367=CARTESIAN_POINT('Ctrl Pts',(-113.998644010037,4.12039971854766,37.3297647415421));
#12368=CARTESIAN_POINT('Ctrl Pts',(-113.994865369043,4.10646690578627,38.2264334226897));
#12369=CARTESIAN_POINT('Ctrl Pts',(-113.463890499949,4.08336947428666,39.7115010101831));
#12370=CARTESIAN_POINT('Ctrl Pts',(-111.785318141065,4.06273045122962,41.0389233409848));
#12371=CARTESIAN_POINT('Ctrl Pts',(-110.596110145231,4.05849694457354,41.3106337049057));
#12372=CARTESIAN_POINT('Ctrl Pts',(-110.000768499969,4.05849694457354,41.3106337049057));
#12373=CARTESIAN_POINT('Ctrl Pts',(-112.949567450482,4.48594800859119,37.3362331375416));
#12374=CARTESIAN_POINT('Ctrl Pts',(-112.948445253977,4.47422391338972,37.9976597096698));
#12375=CARTESIAN_POINT('Ctrl Pts',(-112.559445094076,4.45482492370278,39.0951802379736));
#12376=CARTESIAN_POINT('Ctrl Pts',(-111.320302236177,4.43739957577358,40.0785017909045));
#12377=CARTESIAN_POINT('Ctrl Pts',(-110.441002814603,4.43385953890087,40.2799074314163));
#12378=CARTESIAN_POINT('Ctrl Pts',(-110.000768499969,4.43385953890087,40.2799074314163));
#12379=CARTESIAN_POINT('Ctrl Pts',(-112.500768499969,4.48594800859119,37.3362331375416));
#12380=CARTESIAN_POINT('Ctrl Pts',(-112.500768499969,4.47602110763467,37.8972318256827));
#12381=CARTESIAN_POINT('Ctrl Pts',(-112.172834659501,4.45953748035763,38.8287706129368));
#12382=CARTESIAN_POINT('Ctrl Pts',(-111.121382290758,4.44473805973165,39.6651298747835));
#12383=CARTESIAN_POINT('Ctrl Pts',(-110.374767625397,4.44171037860041,39.8362331375416));
#12384=CARTESIAN_POINT('Ctrl Pts',(-110.000768499969,4.44171037860041,39.8362331375416));
#12385=CARTESIAN_POINT('Origin',(-112.500768499969,2.48626104994484,37.300848572832));
#12386=CARTESIAN_POINT('Origin',(-112.500768499969,2.77634960600459,20.9070817661474));
#12387=CARTESIAN_POINT('Origin',(-112.500768499969,3.97005917565782,-46.5529952034952));
#12388=CARTESIAN_POINT('Ctrl Pts',(-110.000768499969,4.01429680564861,-51.0529952034952));
#12389=CARTESIAN_POINT('Ctrl Pts',(-110.673966925738,4.01429680564861,-51.0529952034952));
#12390=CARTESIAN_POINT('Ctrl Pts',(-112.017862942463,4.01126906084108,-50.745002853166));
#12391=CARTESIAN_POINT('Ctrl Pts',(-113.910466054762,3.9964696150781,-49.2395536248214));
#12392=CARTESIAN_POINT('Ctrl Pts',(-114.500768499969,3.97998607661434,-47.5627928421491));
#12393=CARTESIAN_POINT('Ctrl Pts',(-114.500768499969,3.97005917565782,-46.5529952034952));
#12394=CARTESIAN_POINT('Ctrl Pts',(-110.000768499969,4.6194356750874,-51.0529952034952));
#12395=CARTESIAN_POINT('Ctrl Pts',(-110.676592135169,4.6194356750874,-51.0529952034952));
#12396=CARTESIAN_POINT('Ctrl Pts',(-112.023074121731,4.61597501919304,-50.7453423047732));
#12397=CARTESIAN_POINT('Ctrl Pts',(-113.919401402033,4.5988205090449,-49.2317288212607));
#12398=CARTESIAN_POINT('Ctrl Pts',(-114.503218113236,4.57983690628075,-47.553637911405));
#12399=CARTESIAN_POINT('Ctrl Pts',(-114.500768499969,4.5683641145876,-46.5424081664912));
#12400=CARTESIAN_POINT('Ctrl Pts',(-110.000768499969,5.66657431720083,-50.5387858792878));
#12401=CARTESIAN_POINT('Ctrl Pts',(-110.601149376298,5.66657431720083,-50.5387858792878));
#12402=CARTESIAN_POINT('Ctrl Pts',(-111.80031112432,5.66227221821993,-50.2622690593258));
#12403=CARTESIAN_POINT('Ctrl Pts',(-113.483329211699,5.64135897530295,-48.9156490387195));
#12404=CARTESIAN_POINT('Ctrl Pts',(-114.002411475867,5.61812134957373,-47.4207478806285));
#12405=CARTESIAN_POINT('Ctrl Pts',(-113.998632834872,5.60418853681234,-46.5240791994809));
#12406=CARTESIAN_POINT('Ctrl Pts',(-110.000768499969,6.02201348010145,-49.4713937533056));
#12407=CARTESIAN_POINT('Ctrl Pts',(-110.442499388086,6.02201348010145,-49.4713937533056));
#12408=CARTESIAN_POINT('Ctrl Pts',(-111.324755072651,6.01844882974525,-49.2685355409539));
#12409=CARTESIAN_POINT('Ctrl Pts',(-112.565215197013,6.00092036948655,-48.2795079131488));
#12410=CARTESIAN_POINT('Ctrl Pts',(-112.950689646987,5.98147022950563,-47.1790372109138));
#12411=CARTESIAN_POINT('Ctrl Pts',(-112.949567450482,5.96974613430416,-46.5176106387856));
#12412=CARTESIAN_POINT('Ctrl Pts',(-110.000768499969,6.01398376429496,-49.0176106387856));
#12413=CARTESIAN_POINT('Ctrl Pts',(-110.374767625397,6.01398376429496,-49.0176106387856));
#12414=CARTESIAN_POINT('Ctrl Pts',(-111.121376523577,6.01095601948743,-48.8465037774916));
#12415=CARTESIAN_POINT('Ctrl Pts',(-112.172822697076,5.99615657372446,-48.0101430950779));
#12416=CARTESIAN_POINT('Ctrl Pts',(-112.500768499969,5.97967303526069,-47.0786093269266));
#12417=CARTESIAN_POINT('Ctrl Pts',(-112.500768499969,5.96974613430417,-46.5176106387856));
#12418=CARTESIAN_POINT('Origin',(-110.000768499969,4.01429680564861,-49.0529952034952));
#12419=CARTESIAN_POINT('Origin',(-57.2503845001305,4.01429680564861,-49.0529952034952));
#12420=CARTESIAN_POINT('Ctrl Pts',(-62.6971244243577,4.44169251262044,39.8372427971898));
#12421=CARTESIAN_POINT('Ctrl Pts',(-62.7818866135381,4.44170442755862,39.836569448607));
#12422=CARTESIAN_POINT('Ctrl Pts',(-62.8666208839152,4.44171037860039,39.8362331375427));
#12423=CARTESIAN_POINT('Ctrl Pts',(-62.9513235549702,4.44171037860039,39.8362331375427));
#12424=CARTESIAN_POINT('Ctrl Pts',(-62.7018251315586,4.4312250529731,40.428790064161));
#12425=CARTESIAN_POINT('Ctrl Pts',(-62.7850131909884,4.4312367434492,40.4281290754739));
#12426=CARTESIAN_POINT('Ctrl Pts',(-62.8681939066683,4.43124259233434,40.4277988627089));
#12427=CARTESIAN_POINT('Ctrl Pts',(-62.9513235549703,4.43124259233434,40.4277988627089));
#12428=CARTESIAN_POINT('Ctrl Pts',(-62.7099677310635,3.92302755158949,41.4448008426139));
#12429=CARTESIAN_POINT('Ctrl Pts',(-62.7904498940115,3.92303912185007,41.4441611225393));
#12430=CARTESIAN_POINT('Ctrl Pts',(-62.8708979004526,3.92304489800622,41.4438416362641));
#12431=CARTESIAN_POINT('Ctrl Pts',(-62.9513235549703,3.92304489800622,41.4438416362641));
#12432=CARTESIAN_POINT('Ctrl Pts',(-62.7129494973098,2.88574945805448,41.8017956242395));
#12433=CARTESIAN_POINT('Ctrl Pts',(-62.792430959379,2.88576127062642,41.8011640589814));
#12434=CARTESIAN_POINT('Ctrl Pts',(-62.8718979010547,2.8857671689006,41.8008485728331));
#12435=CARTESIAN_POINT('Ctrl Pts',(-62.9513235549703,2.8857671689006,41.8008485728331));
#12436=CARTESIAN_POINT('Ctrl Pts',(-62.713011870021,2.44200555397408,41.8017951287523));
#12437=CARTESIAN_POINT('Ctrl Pts',(-62.7924764223776,2.44201746891227,41.8011638644559));
#12438=CARTESIAN_POINT('Ctrl Pts',(-62.8719148008562,2.44202341995404,41.8008485728331));
#12439=CARTESIAN_POINT('Ctrl Pts',(-62.9513235549703,2.44202341995404,41.8008485728331));
#12440=CARTESIAN_POINT('',(-62.713011870021,2.44200555397408,41.8017951287523));
#12441=CARTESIAN_POINT('Origin',(-62.6971244243577,2.44200555397408,39.8018582324802));
#12442=CARTESIAN_POINT('Ctrl Pts',(-62.9513235549703,2.44202341995404,41.8008485728331));
#12443=CARTESIAN_POINT('Ctrl Pts',(-62.8719148008562,2.44202341995404,41.8008485728331));
#12444=CARTESIAN_POINT('Ctrl Pts',(-62.7924764223776,2.44201746891227,41.8011638644559));
#12445=CARTESIAN_POINT('Ctrl Pts',(-62.713011870021,2.44200555397408,41.8017951287523));
#12446=CARTESIAN_POINT('Origin',(-62.951323554971,-0.0500000000000052,71.8008485728331));
#12447=CARTESIAN_POINT('',(-56.7139726687078,1.0672757224138,42.4564205851958));
#12448=CARTESIAN_POINT('Ctrl Pts',(-62.713011870021,2.44200555397408,41.8017951287523));
#12449=CARTESIAN_POINT('Ctrl Pts',(-61.5725736846324,2.13009147073369,41.8108547394513));
#12450=CARTESIAN_POINT('Ctrl Pts',(-59.5870936779582,1.53903349364603,41.9386849073006));
#12451=CARTESIAN_POINT('Ctrl Pts',(-57.5722233341557,1.17185472176163,42.2739937697533));
#12452=CARTESIAN_POINT('Ctrl Pts',(-56.7139726687079,1.067275722414,42.4564205851958));
#12453=CARTESIAN_POINT('',(-56.7139726687095,-0.0500000000000052,42.4564205851954));
#12454=CARTESIAN_POINT('Origin',(-16.7410797230264,-0.0500000000000057,
50.9529214999935));
#12455=CARTESIAN_POINT('',(-23.4749377935518,0.804396220835974,49.521595742959));
#12456=CARTESIAN_POINT('',(-19.8253034677334,1.05963725581547,50.2973494876312));
#12457=CARTESIAN_POINT('Ctrl Pts',(-23.474937793495,0.804396220835757,49.5215957429711));
#12458=CARTESIAN_POINT('Ctrl Pts',(-22.2545708158811,0.799806177153779,
49.7809927587381));
#12459=CARTESIAN_POINT('Ctrl Pts',(-21.0344708905265,0.89093599728328,50.0403330107936));
#12460=CARTESIAN_POINT('Ctrl Pts',(-19.8253034677334,1.05963725581547,50.2973494876312));
#12461=CARTESIAN_POINT('',(-54.226835121444,0.920060242084514,42.9850780049695));
#12462=CARTESIAN_POINT('',(-27.8747395945135,0.820944753226339,48.5863889747724));
#12463=CARTESIAN_POINT('Ctrl Pts',(-56.7139726687077,1.067275722414,42.4564205851958));
#12464=CARTESIAN_POINT('Ctrl Pts',(-55.8882878284382,0.972953088325018,
42.6319253206228));
#12465=CARTESIAN_POINT('Ctrl Pts',(-55.0576473437596,0.92318509261035,42.8084834108148));
#12466=CARTESIAN_POINT('Ctrl Pts',(-54.226835121444,0.920060242084514,42.9850780049695));
#12467=CARTESIAN_POINT('',(-19.8253034677334,-0.0500000000000057,50.2973494876312));
#12468=CARTESIAN_POINT('Ctrl Pts',(-23.474937793495,0.804396220835757,49.5215957429711));
#12469=CARTESIAN_POINT('Ctrl Pts',(-22.2545708158811,0.799806177153779,
49.7809927587381));
#12470=CARTESIAN_POINT('Ctrl Pts',(-21.0344708905265,0.89093599728328,50.0403330107936));
#12471=CARTESIAN_POINT('Ctrl Pts',(-19.8253034677334,1.05963725581547,50.2973494876312));
#12472=CARTESIAN_POINT('Ctrl Pts',(-23.4728081283786,1.39619785365355,49.522048417278));
#12473=CARTESIAN_POINT('Ctrl Pts',(-22.2816579774042,1.38473401941845,49.7749515119273));
#12474=CARTESIAN_POINT('Ctrl Pts',(-21.0884519042928,1.46545121808215,50.0292961993979));
#12475=CARTESIAN_POINT('Ctrl Pts',(-19.8999595170606,1.61891087284426,50.2814808540483));
#12476=CARTESIAN_POINT('Ctrl Pts',(-23.3671792334376,2.42139096156194,49.0432443965266));
#12477=CARTESIAN_POINT('Ctrl Pts',(-22.2289150832796,2.39895607240515,49.2975317730829));
#12478=CARTESIAN_POINT('Ctrl Pts',(-21.0855462654551,2.46105556656915,49.5554256791952));
#12479=CARTESIAN_POINT('Ctrl Pts',(-19.9372745469137,2.58945498629986,49.8199855585656));
#12480=CARTESIAN_POINT('Ctrl Pts',(-23.1514107083312,2.79640203953757,48.034769164668));
#12481=CARTESIAN_POINT('Ctrl Pts',(-22.0355659909026,2.78361357380693,48.3033420688851));
#12482=CARTESIAN_POINT('Ctrl Pts',(-20.9159717814001,2.85622280494301,48.579884370976));
#12483=CARTESIAN_POINT('Ctrl Pts',(-19.7926398109255,2.99608751943243,48.8726259415607));
#12484=CARTESIAN_POINT('Ctrl Pts',(-23.0591144010771,2.80408317948211,47.6006851085048));
#12485=CARTESIAN_POINT('Ctrl Pts',(-21.9446254140843,2.79924201953134,47.8742734512524));
#12486=CARTESIAN_POINT('Ctrl Pts',(-20.8280852374776,2.88125281807991,48.1571969678517));
#12487=CARTESIAN_POINT('Ctrl Pts',(-19.709952956699,3.03340957482664,48.4591173235622));
#12488=CARTESIAN_POINT('',(-19.709952956699,3.03340957482664,48.4591173235622));
#12489=CARTESIAN_POINT('Origin',(-19.409480075316,1.05963725581547,48.3410542884554));
#12490=CARTESIAN_POINT('Ctrl Pts',(-19.709952956699,3.03340957482664,48.4591173235622));
#12491=CARTESIAN_POINT('Ctrl Pts',(-20.8280852374776,2.88125281807991,48.1571969678517));
#12492=CARTESIAN_POINT('Ctrl Pts',(-21.9446254140843,2.79924201953134,47.8742734512524));
#12493=CARTESIAN_POINT('Ctrl Pts',(-23.0591144010771,2.80408317948211,47.6006851085048));
#12494=CARTESIAN_POINT('Origin',(-23.0591144011344,0.804396220835974,47.5653005437832));
#12495=CARTESIAN_POINT('Origin',(-27.4589162020961,0.820944753226339,46.6300937755965));
#12496=CARTESIAN_POINT('Origin',(-53.8110117290266,0.920060242084514,41.0287828057936));
#12497=CARTESIAN_POINT('Ctrl Pts',(-56.7139726687077,1.067275722414,42.4564205851958));
#12498=CARTESIAN_POINT('Ctrl Pts',(-55.8882878284382,0.972953088325018,
42.6319253206228));
#12499=CARTESIAN_POINT('Ctrl Pts',(-55.0576473437596,0.92318509261035,42.8084834108148));
#12500=CARTESIAN_POINT('Ctrl Pts',(-54.226835121444,0.920060242084514,42.9850780049695));
#12501=CARTESIAN_POINT('Ctrl Pts',(-56.6509852143153,1.64356914163687,42.4698089822926));
#12502=CARTESIAN_POINT('Ctrl Pts',(-55.8446646318136,1.55629264898484,42.641382627091));
#12503=CARTESIAN_POINT('Ctrl Pts',(-55.0342809003973,1.51149232163352,42.8133113960436));
#12504=CARTESIAN_POINT('Ctrl Pts',(-54.2247054563278,1.51186187490228,42.9855306792764));
#12505=CARTESIAN_POINT('Ctrl Pts',(-56.4441319889839,2.64263050089367,42.0335730419396));
#12506=CARTESIAN_POINT('Ctrl Pts',(-55.6694114954109,2.5669487337254,42.1899411952633));
#12507=CARTESIAN_POINT('Ctrl Pts',(-54.8934326666063,2.531024459525,42.3480826849048));
#12508=CARTESIAN_POINT('Ctrl Pts',(-54.1190597618627,2.53698774498259,42.5066464332024));
#12509=CARTESIAN_POINT('Ctrl Pts',(-56.1939802138812,3.03155521491835,41.0657238009125));
#12510=CARTESIAN_POINT('Ctrl Pts',(-55.4306671705297,2.95134984607012,41.2065196620944));
#12511=CARTESIAN_POINT('Ctrl Pts',(-54.6660786509083,2.91073432991444,41.3514683819246));
#12512=CARTESIAN_POINT('Ctrl Pts',(-53.9033080362807,2.91206606078629,41.4982514266665));
#12513=CARTESIAN_POINT('Ctrl Pts',(-56.1013686324918,3.05255777157131,40.6413081169752));
#12514=CARTESIAN_POINT('Ctrl Pts',(-55.3385216090998,2.96721128789011,40.7781755192232));
#12515=CARTESIAN_POINT('Ctrl Pts',(-54.5740738965529,2.9222997460534,40.9199154449896));
#12516=CARTESIAN_POINT('Ctrl Pts',(-53.8110117290266,2.91974720073087,41.0641673705032));
#12517=CARTESIAN_POINT('',(-56.1013686324918,3.0525577715713,40.6413081169752));
#12518=CARTESIAN_POINT('Origin',(-56.2981492762903,1.06727572241399,40.5001253860199));
#12519=CARTESIAN_POINT('Ctrl Pts',(-53.8110117290266,2.91974720073087,41.0641673705032));
#12520=CARTESIAN_POINT('Ctrl Pts',(-54.5740738965529,2.9222997460534,40.9199154449896));
#12521=CARTESIAN_POINT('Ctrl Pts',(-55.3385216090998,2.96721128789011,40.7781755192232));
#12522=CARTESIAN_POINT('Ctrl Pts',(-56.1013686324918,3.05255777157131,40.6413081169752));
#12523=CARTESIAN_POINT('Ctrl Pts',(-62.713011870021,2.44200555397408,41.8017951287523));
#12524=CARTESIAN_POINT('Ctrl Pts',(-61.5725736846324,2.13009147073369,41.8108547394513));
#12525=CARTESIAN_POINT('Ctrl Pts',(-59.5870936779582,1.53903349364603,41.9386849073006));
#12526=CARTESIAN_POINT('Ctrl Pts',(-57.5722233341557,1.17185472176163,42.2739937697533));
#12527=CARTESIAN_POINT('Ctrl Pts',(-56.7139726687079,1.067275722414,42.4564205851958));
#12528=CARTESIAN_POINT('Ctrl Pts',(-62.5923173385535,2.91274488860079,41.8027539229093));
#12529=CARTESIAN_POINT('Ctrl Pts',(-61.4349266555345,2.6251541876206,41.8171878057162));
#12530=CARTESIAN_POINT('Ctrl Pts',(-59.4599733710675,2.07803821810282,41.9547867497648));
#12531=CARTESIAN_POINT('Ctrl Pts',(-57.4881354905604,1.7391734334044,42.2896806237279));
#12532=CARTESIAN_POINT('Ctrl Pts',(-56.6509852143155,1.64356914163688,42.4698089822926));
#12533=CARTESIAN_POINT('Ctrl Pts',(-62.3795059728569,3.73271879882583,41.4802361581999));
#12534=CARTESIAN_POINT('Ctrl Pts',(-61.1800995375557,3.48583834811339,41.4638665005024));
#12535=CARTESIAN_POINT('Ctrl Pts',(-59.1954502947198,3.01437024131946,41.5601316906397));
#12536=CARTESIAN_POINT('Ctrl Pts',(-57.2612669696277,2.72350759167562,41.8659964132341));
#12537=CARTESIAN_POINT('Ctrl Pts',(-56.4441303110856,2.64261952965243,42.0335592517041));
#12538=CARTESIAN_POINT('Ctrl Pts',(-62.2556024649627,4.19288112666601,40.7358470542334));
#12539=CARTESIAN_POINT('Ctrl Pts',(-61.0206260478688,3.93075287021688,40.6516998666012));
#12540=CARTESIAN_POINT('Ctrl Pts',(-59.0010825841929,3.43002522517187,40.6510098289407));
#12541=CARTESIAN_POINT('Ctrl Pts',(-57.0278238171896,3.11910965716262,40.9113297061783));
#12542=CARTESIAN_POINT('Ctrl Pts',(-56.1939802138812,3.03155521491836,41.0657238009125));
#12543=CARTESIAN_POINT('Ctrl Pts',(-62.2265027385338,4.29557333712405,40.387350932777));
#12544=CARTESIAN_POINT('Ctrl Pts',(-60.9806729214582,4.0141237722669,40.2769675194086));
#12545=CARTESIAN_POINT('Ctrl Pts',(-58.9464512966876,3.47961512561559,40.241739033788));
#12546=CARTESIAN_POINT('Ctrl Pts',(-56.9471653930699,3.14718458036885,40.48955815676));
#12547=CARTESIAN_POINT('Ctrl Pts',(-56.1013686324918,3.05255777157131,40.6413081169753));
#12548=CARTESIAN_POINT('',(-62.7120318012547,2.44582795053559,41.8017990214534));
#12549=CARTESIAN_POINT('Origin',(-62.6971244243577,2.44200555397408,39.8018582324802));
#12550=CARTESIAN_POINT('',(-62.2265027385338,4.29557333712406,40.387350932777));
#12551=CARTESIAN_POINT('Ctrl Pts',(-56.1013686324918,3.05255777157131,40.6413081169753));
#12552=CARTESIAN_POINT('Ctrl Pts',(-56.9471653930699,3.14718458036885,40.48955815676));
#12553=CARTESIAN_POINT('Ctrl Pts',(-58.9464512966876,3.47961512561559,40.241739033788));
#12554=CARTESIAN_POINT('Ctrl Pts',(-60.9806729214582,4.0141237722669,40.2769675194086));
#12555=CARTESIAN_POINT('Ctrl Pts',(-62.2265027385338,4.29557333712405,40.387350932777));
#12556=CARTESIAN_POINT('Origin',(-62.6971244243577,2.44200555397408,39.8018582324802));
#12557=CARTESIAN_POINT('Ctrl Pts',(-62.2265027385342,4.29557333712407,40.3873509327772));
#12558=CARTESIAN_POINT('Ctrl Pts',(-61.5269836238736,4.30611329397925,39.791706633039));
#12559=CARTESIAN_POINT('Ctrl Pts',(-60.5061326015406,4.32852901262633,38.5249277249155));
#12560=CARTESIAN_POINT('Ctrl Pts',(-59.9471546726732,4.35564180414109,36.9927032635003));
#12561=CARTESIAN_POINT('Ctrl Pts',(-59.8050628133242,4.36747076307643,36.3242136236958));
#12562=CARTESIAN_POINT('Ctrl Pts',(-60.7305676335007,3.36602018503621,42.127714687791));
#12563=CARTESIAN_POINT('Ctrl Pts',(-59.8112437525245,3.37987203531213,41.3449054437828));
#12564=CARTESIAN_POINT('Ctrl Pts',(-58.4695979022692,3.40933220219933,39.6800238207543));
#12565=CARTESIAN_POINT('Ctrl Pts',(-57.7349824589486,3.44496385894962,37.6663729562236));
#12566=CARTESIAN_POINT('Ctrl Pts',(-57.5482498890355,3.46050909786416,36.7878652853909));
#12567=CARTESIAN_POINT('Ctrl Pts',(-59.1256796515508,2.8677326735374,44.0036629540319));
#12568=CARTESIAN_POINT('Ctrl Pts',(-57.9705111474455,2.88513809668961,43.0200307411488));
#12569=CARTESIAN_POINT('Ctrl Pts',(-56.2847330915239,2.92215478717083,40.9281075024421));
#12570=CARTESIAN_POINT('Ctrl Pts',(-55.3616982166917,2.96692576274834,38.3979665575697));
#12571=CARTESIAN_POINT('Ctrl Pts',(-55.1270673607874,2.98645847047819,37.2941151682709));
#12572=CARTESIAN_POINT('Ctrl Pts',(-57.5202858802954,2.8343815821603,45.8884322886487));
#12573=CARTESIAN_POINT('Ctrl Pts',(-56.1291878432437,2.85534185756172,44.7039048057235));
#12574=CARTESIAN_POINT('Ctrl Pts',(-54.0991783563828,2.89991711397301,42.1848245328557));
#12575=CARTESIAN_POINT('Ctrl Pts',(-52.9876681699487,2.95383028947054,39.1380306885217));
#12576=CARTESIAN_POINT('Ctrl Pts',(-52.705121783502,2.97735190160173,37.8087544515213));
#12577=CARTESIAN_POINT('',(-59.8050628133241,4.36747076307642,36.3242136236958));
#12578=CARTESIAN_POINT('Ctrl Pts',(-62.2265027385341,4.29557333712405,40.3873509327773));
#12579=CARTESIAN_POINT('Ctrl Pts',(-61.0042424422768,4.31398966130785,39.3465896969454));
#12580=CARTESIAN_POINT('Ctrl Pts',(-60.1387965687387,4.3396878703321,37.8943074979669));
#12581=CARTESIAN_POINT('Ctrl Pts',(-59.8050628133241,4.36747076307642,36.3242136236958));
#12582=CARTESIAN_POINT('Origin',(-52.7051217835019,22.9742214880653,38.1626000986173));
#12583=CARTESIAN_POINT('Origin',(-48.9227083551171,23.289102392051,20.3677439969599));
#12584=CARTESIAN_POINT('',(-56.0226493849393,4.68235166706218,18.5293575220384));
#12585=CARTESIAN_POINT('Ctrl Pts',(-59.470844992555,4.39529393771848,34.7518425619245));
#12586=CARTESIAN_POINT('Ctrl Pts',(-59.5841616969131,4.46328459556268,34.5013276043361));
#12587=CARTESIAN_POINT('Ctrl Pts',(-59.6895471342424,4.53889812104655,34.1777872737217));
#12588=CARTESIAN_POINT('Ctrl Pts',(-59.5897630064808,4.55074734976504,33.6743842719603));
#12589=CARTESIAN_POINT('Ctrl Pts',(-59.5889475685031,4.55081197339228,33.67057763031));
#12590=CARTESIAN_POINT('Ctrl Pts',(-59.588136965401,4.550879455026,33.6667640425493));
#12591=CARTESIAN_POINT('Ctrl Pts',(-59.6965262963852,4.48599011260142,34.7054774035918));
#12592=CARTESIAN_POINT('Ctrl Pts',(-59.7543584344494,4.51316442543983,34.4168023151961));
#12593=CARTESIAN_POINT('Ctrl Pts',(-59.7604948473235,4.5425730046646,34.0806231735084));
#12594=CARTESIAN_POINT('Ctrl Pts',(-59.5907725626563,4.55077135298776,33.672925450162));
#12595=CARTESIAN_POINT('Ctrl Pts',(-59.5894551203078,4.55082493213645,33.6698452931473));
#12596=CARTESIAN_POINT('Ctrl Pts',(-59.588136965401,4.550879455026,33.6667640425493));
#12597=CARTESIAN_POINT('Ctrl Pts',(-59.9386445631226,4.53339517975209,34.6548524232733));
#12598=CARTESIAN_POINT('Ctrl Pts',(-59.9287281862211,4.53908525148193,34.3273734892416));
#12599=CARTESIAN_POINT('Ctrl Pts',(-59.8311128689229,4.54525674015447,33.983625686096));
#12600=CARTESIAN_POINT('Ctrl Pts',(-59.5917838811012,4.55079633762882,33.671465659866));
#12601=CARTESIAN_POINT('Ctrl Pts',(-59.5899626721125,4.55083789088062,33.6691129559846));
#12602=CARTESIAN_POINT('Ctrl Pts',(-59.588136965401,4.550879455026,33.6667640425493));
#12603=CARTESIAN_POINT('Ctrl Pts',(-60.1808391347829,4.53430583650015,34.6033885028367));
#12604=CARTESIAN_POINT('Ctrl Pts',(-60.1030678631741,4.54078019313361,34.2375033596447));
#12605=CARTESIAN_POINT('Ctrl Pts',(-59.9017306611961,4.54698920484507,33.8866136465842));
#12606=CARTESIAN_POINT('Ctrl Pts',(-59.5927952001945,4.55082209070087,33.6700058711166));
#12607=CARTESIAN_POINT('Ctrl Pts',(-59.5904702239173,4.5508508496248,33.6683806188219));
#12608=CARTESIAN_POINT('Ctrl Pts',(-59.588136965401,4.550879455026,33.6667640425493));
#12609=CARTESIAN_POINT('Origin',(-60.1808391347829,2.53461887785384,34.568003938127));
#12610=CARTESIAN_POINT('Origin',(-56.7326434879216,2.8216765945633,18.3455188745462));
#12611=CARTESIAN_POINT('Origin',(-60.5150569163063,2.50679569057753,36.1403749762036));
#12612=CARTESIAN_POINT('Ctrl Pts',(-60.5150569163064,4.50648264922389,36.1757595409132));
#12613=CARTESIAN_POINT('Ctrl Pts',(-60.8158018594075,4.48144603137504,37.5906532554989));
#12614=CARTESIAN_POINT('Ctrl Pts',(-61.5957027786608,4.4582881086259,38.8993763241828));
#12615=CARTESIAN_POINT('Ctrl Pts',(-62.697124424358,4.44169251262043,39.8372427971901));
#12616=CARTESIAN_POINT('Ctrl Pts',(-60.2728623585778,4.50557199233624,36.2272234692383));
#12617=CARTESIAN_POINT('Ctrl Pts',(-60.5848613101942,4.47959849319669,37.695063131137));
#12618=CARTESIAN_POINT('Ctrl Pts',(-61.3939397530615,4.45557413401793,39.0527510985852));
#12619=CARTESIAN_POINT('Ctrl Pts',(-62.5365850472325,4.43835740348272,40.0257197306518));
#12620=CARTESIAN_POINT('Ctrl Pts',(-60.030744105753,4.45816692959765,36.2778484575263));
#12621=CARTESIAN_POINT('Ctrl Pts',(-60.3539930156252,4.43125688634612,37.7986150117659));
#12622=CARTESIAN_POINT('Ctrl Pts',(-61.1922421425704,4.40636629385468,39.2052563992353));
#12623=CARTESIAN_POINT('Ctrl Pts',(-62.3760962490375,4.38852865233284,40.2133145572759));
#12624=CARTESIAN_POINT('Ctrl Pts',(-59.8050628133241,4.36747076307642,36.3242136236958));
#12625=CARTESIAN_POINT('Ctrl Pts',(-60.1387965687387,4.3396878703321,37.8943074979669));
#12626=CARTESIAN_POINT('Ctrl Pts',(-61.0042424422768,4.31398966130785,39.3465896969454));
#12627=CARTESIAN_POINT('Ctrl Pts',(-62.2265027385341,4.29557333712405,40.3873509327773));
#12628=CARTESIAN_POINT('Origin',(-62.6971244243577,2.44200555397408,39.8018582324802));
#12629=CARTESIAN_POINT('Origin',(-62.6971244243577,2.44200555397408,39.8018582324802));
#12630=CARTESIAN_POINT('Origin',(-17.8050121661959,23.3006996034288,19.7123511006759));
#12631=CARTESIAN_POINT('',(-15.7956157270558,4.21677591898827,44.8404273154975));
#12632=CARTESIAN_POINT('',(-10.7050711363737,4.64055700819044,20.891297960555));
#12633=CARTESIAN_POINT('Origin',(-22.895556756878,22.8769185142266,43.6614804556185));
#12634=CARTESIAN_POINT('Ctrl Pts',(-15.7956157270277,4.21677591899933,44.8404273155036));
#12635=CARTESIAN_POINT('Ctrl Pts',(-15.9924384057087,4.20039069190521,45.766405215853));
#12636=CARTESIAN_POINT('Ctrl Pts',(-15.8968472324183,4.17045148575525,47.4583587719202));
#12637=CARTESIAN_POINT('Ctrl Pts',(-15.0631323707162,4.1444888652043,48.9255836524326));
#12638=CARTESIAN_POINT('Ctrl Pts',(-14.5987018664067,4.13505503110729,49.458717666335));
#12639=CARTESIAN_POINT('Ctrl Pts',(-18.0524286513244,3.32678558668597,44.3449784947756));
#12640=CARTESIAN_POINT('Ctrl Pts',(-18.3342428997096,3.3033249240779,45.6708102930072));
#12641=CARTESIAN_POINT('Ctrl Pts',(-18.1973637591904,3.26045496136174,48.0935193489107));
#12642=CARTESIAN_POINT('Ctrl Pts',(-17.003544994324,3.22327752580624,50.1945267697));
#12643=CARTESIAN_POINT('Ctrl Pts',(-16.3385061814969,3.20976879679282,50.9579452109812));
#12644=CARTESIAN_POINT('Ctrl Pts',(-20.4736111795825,2.87094235888659,43.822274091775));
#12645=CARTESIAN_POINT('Ctrl Pts',(-20.8466191043472,2.83988994360529,45.5771384056954));
#12646=CARTESIAN_POINT('Ctrl Pts',(-20.6654685178238,2.78314880329115,48.7837489500422));
#12647=CARTESIAN_POINT('Ctrl Pts',(-19.0853111588762,2.73393995592794,51.5646872243951));
#12648=CARTESIAN_POINT('Ctrl Pts',(-18.2050250076407,2.71605897388307,52.5751946842543));
#12649=CARTESIAN_POINT('Ctrl Pts',(-22.8955567568779,2.88004892776309,43.3076348085224));
#12650=CARTESIAN_POINT('Ctrl Pts',(-23.3597911899701,2.84140202659242,45.4916861003024));
#12651=CARTESIAN_POINT('Ctrl Pts',(-23.1343632983763,2.77078580282161,49.4824188647796));
#12652=CARTESIAN_POINT('Ctrl Pts',(-21.1677430614309,2.70954182297681,52.9434982590399));
#12653=CARTESIAN_POINT('Ctrl Pts',(-20.0721320774948,2.68728701378274,54.201183695551));
#12654=CARTESIAN_POINT('',(-14.5987018664142,4.13505503110332,49.4587176663414));
#12655=CARTESIAN_POINT('Ctrl Pts',(-15.7956157270558,4.21677591898826,44.8404273154975));
#12656=CARTESIAN_POINT('Ctrl Pts',(-15.9669849213865,4.20250966072543,45.6466559869818));
#12657=CARTESIAN_POINT('Ctrl Pts',(-15.929168237756,4.17255895876563,47.3392592054426));
#12658=CARTESIAN_POINT('Ctrl Pts',(-15.1401632293824,4.14605356934995,48.8371575682847));
#12659=CARTESIAN_POINT('Ctrl Pts',(-14.5987018664284,4.13505503109578,49.4587176663536));
#12660=CARTESIAN_POINT('Ctrl Pts',(-14.5987018664133,4.13505503110743,49.4587176663274));
#12661=CARTESIAN_POINT('Ctrl Pts',(-15.6301725441087,3.86955835265113,49.3172510606728));
#12662=CARTESIAN_POINT('Ctrl Pts',(-17.3278152974781,3.42511591372256,49.0387517015289));
#12663=CARTESIAN_POINT('Ctrl Pts',(-19.0003512891107,3.12997300491304,48.6507254110613));
#12664=CARTESIAN_POINT('Ctrl Pts',(-19.709952956699,3.03340957482664,48.4591173235622));
#12665=CARTESIAN_POINT('Ctrl Pts',(-14.5987018664133,4.13505503110743,49.4587176663274));
#12666=CARTESIAN_POINT('Ctrl Pts',(-15.6301725441087,3.86955835265113,49.3172510606728));
#12667=CARTESIAN_POINT('Ctrl Pts',(-17.3278152974781,3.42511591372256,49.0387517015289));
#12668=CARTESIAN_POINT('Ctrl Pts',(-19.0003512891107,3.12997300491304,48.6507254110613));
#12669=CARTESIAN_POINT('Ctrl Pts',(-19.709952956699,3.03340957482664,48.4591173235622));
#12670=CARTESIAN_POINT('Ctrl Pts',(-14.5706165705448,4.01092746517767,49.9406696918043));
#12671=CARTESIAN_POINT('Ctrl Pts',(-15.6264440274235,3.76577338167471,49.8272692732481));
#12672=CARTESIAN_POINT('Ctrl Pts',(-17.3729082602485,3.34695176540629,49.5756637483007));
#12673=CARTESIAN_POINT('Ctrl Pts',(-19.0912190491837,3.07163865699215,49.1988352996996));
#12674=CARTESIAN_POINT('Ctrl Pts',(-19.8202020956677,2.98364683430103,49.0104621475603));
#12675=CARTESIAN_POINT('Ctrl Pts',(-14.4281800424043,3.4778174192296,50.692702855512));
#12676=CARTESIAN_POINT('Ctrl Pts',(-15.5146622373102,3.23425270879711,50.6406954380379));
#12677=CARTESIAN_POINT('Ctrl Pts',(-17.3509466493029,2.81796261759489,50.4602989556017));
#12678=CARTESIAN_POINT('Ctrl Pts',(-19.1709678170726,2.54579951617899,50.1185783622406));
#12679=CARTESIAN_POINT('Ctrl Pts',(-19.9448745824134,2.45946419100819,49.9410646679072));
#12680=CARTESIAN_POINT('Ctrl Pts',(-14.1887348411509,2.63915791501068,50.9470865499762));
#12681=CARTESIAN_POINT('Ctrl Pts',(-15.2777671114523,2.3598410587942,50.925415567989));
#12682=CARTESIAN_POINT('Ctrl Pts',(-17.1698966253762,1.89047026944517,50.7846601726397));
#12683=CARTESIAN_POINT('Ctrl Pts',(-19.0703971570359,1.57998142270718,50.4593805287901));
#12684=CARTESIAN_POINT('Ctrl Pts',(-19.8812955047288,1.47909246858706,50.285448012444));
#12685=CARTESIAN_POINT('Ctrl Pts',(-14.0844592927202,2.28014487419351,50.9488125700332));
#12686=CARTESIAN_POINT('Ctrl Pts',(-15.1705391433556,1.98564184547059,50.9308352432876));
#12687=CARTESIAN_POINT('Ctrl Pts',(-17.0781159260839,1.49355179325842,50.7965666364385));
#12688=CARTESIAN_POINT('Ctrl Pts',(-19.0031155263294,1.16670034346314,50.4721109342387));
#12689=CARTESIAN_POINT('Ctrl Pts',(-19.8253034677334,1.05963725581547,50.2973494876312));
#12690=CARTESIAN_POINT('',(-14.0844592927413,2.28014487418779,50.9488125700328));
#12691=CARTESIAN_POINT('Origin',(-14.0513588453233,2.28014487418779,48.9490864986969));
#12692=CARTESIAN_POINT('Ctrl Pts',(-19.8253034677334,1.05963725581547,50.2973494876312));
#12693=CARTESIAN_POINT('Ctrl Pts',(-19.0031155263294,1.16670034346314,50.4721109342387));
#12694=CARTESIAN_POINT('Ctrl Pts',(-17.0781159260839,1.49355179325842,50.7965666364385));
#12695=CARTESIAN_POINT('Ctrl Pts',(-15.1705391433556,1.98564184547059,50.9308352432876));
#12696=CARTESIAN_POINT('Ctrl Pts',(-14.0844592927202,2.28014487419351,50.9488125700332));
#12697=CARTESIAN_POINT('Origin',(-13.5879525814719,-0.0500000000000057,
20.9529214999935));
#12698=CARTESIAN_POINT('Origin',(-13.5879525814719,2.77553846953068,20.9529214999935));
#12699=CARTESIAN_POINT('Origin',(8.36975521257531,2.28007701363387,48.9529214999935));
#12700=CARTESIAN_POINT('Origin',(-13.587952581472,2.28007701363387,48.9529214999935));
#12701=CARTESIAN_POINT('Ctrl Pts',(-14.0844592927402,2.28014487418122,50.9488125700329));
#12702=CARTESIAN_POINT('Ctrl Pts',(-13.9189721682073,2.28009963484906,50.9515517941408));
#12703=CARTESIAN_POINT('Ctrl Pts',(-13.7534623749431,2.28007701363387,50.9529214999935));
#12704=CARTESIAN_POINT('Ctrl Pts',(-13.5879525814719,2.28007701363387,50.9529214999935));
#12705=CARTESIAN_POINT('Ctrl Pts',(-14.0842860448843,2.87180410401079,50.9488154377164));
#12706=CARTESIAN_POINT('Ctrl Pts',(-13.9188225492873,2.87175825305376,50.9515532855948));
#12707=CARTESIAN_POINT('Ctrl Pts',(-13.7534387185839,2.87173534556262,50.9529214999935));
#12708=CARTESIAN_POINT('Ctrl Pts',(-13.5879525814719,2.87173534556262,50.9529214999935));
#12709=CARTESIAN_POINT('Ctrl Pts',(-14.0758760119281,3.89678385438181,50.4588698841922));
#12710=CARTESIAN_POINT('Ctrl Pts',(-13.9132596891329,3.89673702800742,50.4615600652067));
#12711=CARTESIAN_POINT('Ctrl Pts',(-13.750591142814,3.89671360531099,50.4629054827967));
#12712=CARTESIAN_POINT('Ctrl Pts',(-13.5879525814719,3.89671360531099,50.4629054827967));
#12713=CARTESIAN_POINT('Ctrl Pts',(-14.0587040644608,4.27198205650024,49.4280852629559));
#12714=CARTESIAN_POINT('Ctrl Pts',(-13.9018070917833,4.2719361021031,49.4306818416749));
#12715=CARTESIAN_POINT('Ctrl Pts',(-13.744871035352,4.27191313258068,49.4319803585778));
#12716=CARTESIAN_POINT('Ctrl Pts',(-13.5879525814719,4.27191313258068,49.4319803585778));
#12717=CARTESIAN_POINT('Ctrl Pts',(-14.0513588453223,4.27983183282757,48.9844710634065));
#12718=CARTESIAN_POINT('Ctrl Pts',(-13.8969041957583,4.27978659349542,48.9870276725739));
#12719=CARTESIAN_POINT('Ctrl Pts',(-13.7424283887117,4.27976397228022,48.9883060647031));
#12720=CARTESIAN_POINT('Ctrl Pts',(-13.5879525814719,4.27976397228022,48.9883060647031));
#12721=CARTESIAN_POINT('Origin',(-14.0513588453233,2.28014487418779,48.9490864986969));
#12722=CARTESIAN_POINT('Origin',(-14.0513588453233,2.28014487418779,48.9490864986969));
#12723=CARTESIAN_POINT('Origin',(-14.0513588453217,2.28014487418073,48.9490864987243));
#12724=CARTESIAN_POINT('Ctrl Pts',(-15.0824061485224,4.38348435358358,43.126758931363));
#12725=CARTESIAN_POINT('Ctrl Pts',(-15.0832174556146,4.38341681334361,43.1305758311372));
#12726=CARTESIAN_POINT('Ctrl Pts',(-15.0840147271521,4.38335506589077,43.1343912777886));
#12727=CARTESIAN_POINT('Ctrl Pts',(-15.1988509988367,4.37100726325172,43.6341251929526));
#12728=CARTESIAN_POINT('Ctrl Pts',(-15.426104511466,4.29722488892435,43.8884602490822));
#12729=CARTESIAN_POINT('Ctrl Pts',(-15.6321634329551,4.23038309570171,44.0714445713498));
#12730=CARTESIAN_POINT('Ctrl Pts',(-15.0824061485224,4.38348435358358,43.126758931363));
#12731=CARTESIAN_POINT('Ctrl Pts',(-15.0823429638273,4.38350322421578,43.1301781256518));
#12732=CARTESIAN_POINT('Ctrl Pts',(-15.0826053778786,4.38329582766705,43.1334134185427));
#12733=CARTESIAN_POINT('Ctrl Pts',(-15.0913454147926,4.37607391646418,43.5753017147558));
#12734=CARTESIAN_POINT('Ctrl Pts',(-15.2336468094334,4.34737408020167,43.8822642825895));
#12735=CARTESIAN_POINT('Ctrl Pts',(-15.4064821333049,4.31938213714451,44.1209894651106));
#12736=CARTESIAN_POINT('Ctrl Pts',(-15.0824061485224,4.38348435358358,43.126758931363));
#12737=CARTESIAN_POINT('Ctrl Pts',(-15.0817782203045,4.38343423600558,43.1295912247074));
#12738=CARTESIAN_POINT('Ctrl Pts',(-15.0809087360242,4.38338089609935,43.1326056213963));
#12739=CARTESIAN_POINT('Ctrl Pts',(-14.9918356073204,4.37662325731689,43.5144998808004));
#12740=CARTESIAN_POINT('Ctrl Pts',(-15.0417957065297,4.37036377430419,43.8682418771078));
#12741=CARTESIAN_POINT('Ctrl Pts',(-15.1643638710681,4.36496646420683,44.1732599182237));
#12742=CARTESIAN_POINT('Ctrl Pts',(-15.0824061485224,4.38348435358358,43.126758931363));
#12743=CARTESIAN_POINT('Ctrl Pts',(-15.0809322834256,4.3834413007315,43.1291919760403));
#12744=CARTESIAN_POINT('Ctrl Pts',(-15.0794705958631,4.38339818426789,43.1316286155903));
#12745=CARTESIAN_POINT('Ctrl Pts',(-14.8854245828099,4.37766061618384,43.4558756469095));
#12746=CARTESIAN_POINT('Ctrl Pts',(-14.8443305819549,4.37053577616241,43.8585215406967));
#12747=CARTESIAN_POINT('Ctrl Pts',(-14.92216930391,4.36405580709374,44.2247238592893));
#12748=CARTESIAN_POINT('Origin',(-14.9221693039099,2.36436884844745,44.1893392945798));
#12749=CARTESIAN_POINT('Ctrl Pts',(-14.0513588453217,4.27983183282709,48.9844710634339));
#12750=CARTESIAN_POINT('Ctrl Pts',(-14.5192333444512,4.2893356237324,48.4473835822953));
#12751=CARTESIAN_POINT('Ctrl Pts',(-15.2010261430892,4.31223917838998,47.1530356107635));
#12752=CARTESIAN_POINT('Ctrl Pts',(-15.2337078627943,4.33812063503883,45.6903975436791));
#12753=CARTESIAN_POINT('Ctrl Pts',(-15.0856216240736,4.35044861811078,44.993706566195));
#12754=CARTESIAN_POINT('Ctrl Pts',(-14.2380695523064,4.27695463681707,49.1470699645629));
#12755=CARTESIAN_POINT('Ctrl Pts',(-14.7310479316308,4.28696835512541,48.581164969741));
#12756=CARTESIAN_POINT('Ctrl Pts',(-15.4494135186625,4.31110052849944,47.2173841015607));
#12757=CARTESIAN_POINT('Ctrl Pts',(-15.4838453127436,4.33837005667812,45.6763019852519));
#12758=CARTESIAN_POINT('Ctrl Pts',(-15.3278161818022,4.35135927499842,44.9422426378699));
#12759=CARTESIAN_POINT('Ctrl Pts',(-14.42472143492,4.22758365452649,49.3087949118895));
#12760=CARTESIAN_POINT('Ctrl Pts',(-14.942794659683,4.23810711671764,48.7140827746582));
#12761=CARTESIAN_POINT('Ctrl Pts',(-15.6977212905357,4.26346755075948,47.2808892442228));
#12762=CARTESIAN_POINT('Ctrl Pts',(-15.7339035991833,4.29212473662535,45.6613864661671));
#12763=CARTESIAN_POINT('Ctrl Pts',(-15.569934434627,4.30577495221887,44.8899721975701));
#12764=CARTESIAN_POINT('Ctrl Pts',(-14.5987018664284,4.13505503109578,49.4587176663536));
#12765=CARTESIAN_POINT('Ctrl Pts',(-15.1401632293824,4.14605356934995,48.8371575682847));
#12766=CARTESIAN_POINT('Ctrl Pts',(-15.929168237756,4.17255895876563,47.3392592054426));
#12767=CARTESIAN_POINT('Ctrl Pts',(-15.9669849213865,4.20250966072543,45.6466559869818));
#12768=CARTESIAN_POINT('Ctrl Pts',(-15.7956157270558,4.21677591898826,44.8404273154975));
#12769=CARTESIAN_POINT('Origin',(-15.0856216240736,2.35076165946449,44.9583220014854));
#12770=CARTESIAN_POINT('Origin',(-9.99507703339146,2.77454274866661,21.0091926465429));
#12771=CARTESIAN_POINT('Origin',(-1.98739219625862,-1.75500000000001,46.7029207501263));
#12772=CARTESIAN_POINT('',(-1.98739210189624,-1.50500000000001,46.4529207501264));
#12773=CARTESIAN_POINT('Origin',(-3.97476615098206,-0.0500000000000052,
46.452919999993));
#12774=CARTESIAN_POINT('',(3.97322283241064,2.05,46.4529229999575));
#12775=CARTESIAN_POINT('Origin',(-5.00291807981057E-7,2.05,-0.0500368517508409));
#12776=CARTESIAN_POINT('',(-3.22497046367359,2.05,18.5016842480745));
#12777=CARTESIAN_POINT('Origin',(-6.449939,1.56,18.501684));
#12778=CARTESIAN_POINT('',(-6.449939,4.06,18.501684));
#12779=CARTESIAN_POINT('Origin',(0.0500624999999999,4.06,6.001684));
#12780=CARTESIAN_POINT('',(4.44922879303763,4.06000000000001,-48.4529910468409));
#12781=CARTESIAN_POINT('Origin',(8.89923099999998,1.54999999999999,-48.4529919634818));
#12782=CARTESIAN_POINT('',(6.04423126778306,2.15500000000001,-48.4529913753901));
#12783=CARTESIAN_POINT('Origin',(3.189231,2.15500000000001,-51.0529952034952));
#12784=CARTESIAN_POINT('',(55.6557687499846,2.15500000000001,-50.0529952034952));
#12785=CARTESIAN_POINT('Origin',(-55.6557687499846,2.65500000000001,-50.5529952034952));
#12786=UNCERTAINTY_MEASURE_WITH_UNIT(LENGTH_MEASURE(0.01),#12790,
'DISTANCE_ACCURACY_VALUE',
'Maximum model space distance between geometric entities at asserted c
onnectivities');
#12787=UNCERTAINTY_MEASURE_WITH_UNIT(LENGTH_MEASURE(0.01),#12790,
'DISTANCE_ACCURACY_VALUE',
'Maximum model space distance between geometric entities at asserted c
onnectivities');
#12788=(
GEOMETRIC_REPRESENTATION_CONTEXT(3)
GLOBAL_UNCERTAINTY_ASSIGNED_CONTEXT((#12786))
GLOBAL_UNIT_ASSIGNED_CONTEXT((#12790,#12792,#12793))
REPRESENTATION_CONTEXT('','3D')
);
#12789=(
GEOMETRIC_REPRESENTATION_CONTEXT(3)
GLOBAL_UNCERTAINTY_ASSIGNED_CONTEXT((#12787))
GLOBAL_UNIT_ASSIGNED_CONTEXT((#12790,#12792,#12793))
REPRESENTATION_CONTEXT('','3D')
);
#12790=(
LENGTH_UNIT()
NAMED_UNIT(*)
SI_UNIT(.MILLI.,.METRE.)
);
#12791=(
LENGTH_UNIT()
NAMED_UNIT(*)
SI_UNIT($,.METRE.)
);
#12792=(
NAMED_UNIT(*)
PLANE_ANGLE_UNIT()
SI_UNIT($,.RADIAN.)
);
#12793=(
NAMED_UNIT(*)
SI_UNIT($,.STERADIAN.)
SOLID_ANGLE_UNIT()
);
#12794=SHAPE_DEFINITION_REPRESENTATION(#12795,#12796);
#12795=PRODUCT_DEFINITION_SHAPE('',$,#12798);
#12796=SHAPE_REPRESENTATION('',(#7087),#12788);
#12797=PRODUCT_DEFINITION_CONTEXT('part definition',#12802,'design');
#12798=PRODUCT_DEFINITION('Case','Case',#12799,#12797);
#12799=PRODUCT_DEFINITION_FORMATION('',$,#12804);
#12800=PRODUCT_RELATED_PRODUCT_CATEGORY('Case','Case',(#12804));
#12801=APPLICATION_PROTOCOL_DEFINITION('international standard',
'automotive_design',2009,#12802);
#12802=APPLICATION_CONTEXT(
'Core Data for Automotive Mechanical Design Process');
#12803=PRODUCT_CONTEXT('part definition',#12802,'mechanical');
#12804=PRODUCT('Case','Case',$,(#12803));
#12805=PRESENTATION_STYLE_ASSIGNMENT((#12807));
#12806=PRESENTATION_STYLE_ASSIGNMENT((#12808));
#12807=SURFACE_STYLE_USAGE(.BOTH.,#12809);
#12808=SURFACE_STYLE_USAGE(.BOTH.,#12810);
#12809=SURFACE_SIDE_STYLE('',(#12811));
#12810=SURFACE_SIDE_STYLE('',(#12812));
#12811=SURFACE_STYLE_FILL_AREA(#12813);
#12812=SURFACE_STYLE_FILL_AREA(#12814);
#12813=FILL_AREA_STYLE('Aluminum - Bead Blasted',(#12815));
#12814=FILL_AREA_STYLE('Aluminum - Anodized Rough (Grey)',(#12816));
#12815=FILL_AREA_STYLE_COLOUR('Aluminum - Bead Blasted',#12817);
#12816=FILL_AREA_STYLE_COLOUR('Aluminum - Anodized Rough (Grey)',#12818);
#12817=COLOUR_RGB('Aluminum - Bead Blasted',0.96078431372549,0.96078431372549,
0.964705882352941);
#12818=COLOUR_RGB('Aluminum - Anodized Rough (Grey)',0.372549019607843,
0.372549019607843,0.372549019607843);
ENDSEC;
END-ISO-10303-21;
